category_id,duration_sec,subscriber_count,publish_hour,publish_dayofweek,publish_month,actual,predicted,probability_high,actual_label,predicted_label
24,1057.0,16400000.0,14,5,3,1,1,0.7768652972030244,High Engagement,High Engagement
26,666.0,271000.0,17,5,5,0,0,0.34578767726712445,Low Engagement,Low Engagement
20,787.0,485000.0,20,1,3,1,0,0.38575588784996456,High Engagement,Low Engagement
20,1079.0,19600000.0,20,3,9,1,1,0.7645896131800954,High Engagement,High Engagement
27,6735.0,9870000.0,2,5,11,1,0,0.4474530318086353,High Engagement,Low Engagement
25,1955.0,2820000.0,11,2,9,0,0,0.35600686452253383,Low Engagement,Low Engagement
27,1099.0,57100.0,14,0,11,0,0,0.17882168777401708,Low Engagement,Low Engagement
26,1536.0,1840000.0,13,2,9,0,0,0.3988330300124897,Low Engagement,Low Engagement
25,967.0,6610000.0,21,3,5,0,0,0.38755716555083514,Low Engagement,Low Engagement
17,342.0,5340000.0,9,4,12,0,1,0.5066225734167837,Low Engagement,High Engagement
24,495.0,17500000.0,0,4,8,1,1,0.7963260021291305,High Engagement,High Engagement
27,1354.0,68800.0,13,3,4,0,0,0.3072787772233783,Low Engagement,Low Engagement
29,1057.0,43900000.0,18,2,12,0,0,0.297991657208696,Low Engagement,Low Engagement
20,817.0,6750000.0,6,6,1,1,1,0.6450126435062989,High Engagement,High Engagement
29,617.0,43900000.0,14,1,6,0,0,0.3197704269131203,Low Engagement,Low Engagement
22,823.0,11700000.0,19,5,11,0,1,0.576421565595478,Low Engagement,High Engagement
24,318.0,26900000.0,13,5,9,0,1,0.8033715682686462,Low Engagement,High Engagement
26,500.0,779000.0,13,6,5,1,0,0.41309283626187276,High Engagement,Low Engagement
22,681.0,10500000.0,13,1,7,1,1,0.7375046919110922,High Engagement,High Engagement
28,411.0,13200000.0,21,6,1,1,1,0.7078598297448637,High Engagement,High Engagement
20,1287.0,55700.0,15,2,12,1,0,0.2904707486642032,High Engagement,Low Engagement
28,291.0,4060000.0,20,2,1,1,0,0.42069918130636785,High Engagement,Low Engagement
27,309.0,461000.0,12,3,3,1,0,0.3708083971106069,High Engagement,Low Engagement
20,593.0,35900.0,14,0,1,0,0,0.33296265119714896,Low Engagement,Low Engagement
26,738.0,3700000.0,22,0,2,1,0,0.46188568207609637,High Engagement,Low Engagement
27,1775.0,48800.0,14,6,4,0,0,0.3202535528703169,Low Engagement,Low Engagement
26,532.0,44700000.0,11,0,1,0,1,0.740512460112886,Low Engagement,High Engagement
27,483.0,153000.0,14,2,3,0,0,0.34858351133783844,Low Engagement,Low Engagement
23,437.0,20600000.0,19,2,3,1,1,0.7185003882237742,High Engagement,High Engagement
20,1132.0,84500.0,9,1,11,0,0,0.1833746144800086,Low Engagement,Low Engagement
28,391.0,1030000.0,16,3,9,0,0,0.37288113215989105,Low Engagement,Low Engagement
22,1798.0,4250000.0,18,3,5,0,1,0.5328292729147278,Low Engagement,High Engagement
25,395.0,2390000.0,14,2,6,1,0,0.30472797139479074,High Engagement,Low Engagement
23,453.0,949000.0,17,4,5,0,0,0.4149525154558054,Low Engagement,Low Engagement
20,1108.0,15000000.0,17,4,5,1,1,0.7407879751266294,High Engagement,High Engagement
27,360.0,7880000.0,15,5,3,1,1,0.7473139291112108,High Engagement,High Engagement
28,389.0,1730000.0,12,6,12,0,0,0.3757075039220786,Low Engagement,Low Engagement
23,523.0,33100000.0,4,3,8,1,1,0.644665535301751,High Engagement,High Engagement
20,483.0,5390000.0,16,5,11,0,0,0.48873282523377165,Low Engagement,Low Engagement
15,701.0,2740000.0,19,3,8,0,0,0.45803330810911175,Low Engagement,Low Engagement
27,934.0,14600000.0,2,4,2,1,1,0.7308120383314407,High Engagement,High Engagement
23,414.0,33100000.0,12,2,3,1,1,0.6620737095363394,High Engagement,High Engagement
24,295.0,10500000.0,13,1,8,1,1,0.7800361139993158,High Engagement,High Engagement
17,341.0,14200000.0,21,0,4,0,1,0.6056237335953536,Low Engagement,High Engagement
26,811.0,3110000.0,17,5,6,0,0,0.48258257060954113,Low Engagement,Low Engagement
20,644.0,6750000.0,8,1,11,0,0,0.4488128480252131,Low Engagement,Low Engagement
10,300.0,25400000.0,12,1,6,1,1,0.7253141918020695,High Engagement,High Engagement
22,897.0,4520000.0,15,5,10,0,1,0.5482963794177081,Low Engagement,High Engagement
2,1714.0,1520000.0,13,6,7,0,0,0.39172122069813703,Low Engagement,Low Engagement
15,315.0,6340.0,7,0,2,0,0,0.24695614659207354,Low Engagement,Low Engagement
20,329.0,16000000.0,22,1,10,1,1,0.6965514754092494,High Engagement,High Engagement
26,826.0,21300000.0,15,6,3,1,1,0.819740315640127,High Engagement,High Engagement
28,799.0,24700000.0,14,6,11,1,1,0.5587086095547303,High Engagement,High Engagement
26,1381.0,1330000.0,9,4,4,0,0,0.373205580713817,Low Engagement,Low Engagement
24,1127.0,10600000.0,17,4,1,1,1,0.7942067089726912,High Engagement,High Engagement
28,1123.0,100000.0,18,5,12,1,0,0.3189257948274851,High Engagement,Low Engagement
28,878.0,1210000.0,14,6,9,0,0,0.3671279332635233,Low Engagement,Low Engagement
1,780.0,108000000.0,9,2,11,0,0,0.2900785495503397,Low Engagement,Low Engagement
1,1057.0,3200000.0,15,6,1,0,1,0.7747050550695819,Low Engagement,High Engagement
27,1471.0,19700000.0,13,4,4,1,1,0.7024956868703073,High Engagement,High Engagement
26,1212.0,10600000.0,4,0,3,1,1,0.6580857240364774,High Engagement,High Engagement
20,701.0,682000.0,22,0,11,0,0,0.22490308737476483,Low Engagement,Low Engagement
1,852.0,209000.0,11,6,6,1,0,0.480483515292502,High Engagement,Low Engagement
28,327.0,4330000.0,20,1,4,0,0,0.4750335317574265,Low Engagement,Low Engagement
20,984.0,3600000.0,15,3,6,1,0,0.468008493081592,High Engagement,Low Engagement
20,636.0,3850000.0,6,5,6,0,0,0.47156665654870844,Low Engagement,Low Engagement
15,1286.0,148000.0,18,6,3,0,0,0.21406510627702824,Low Engagement,Low Engagement
28,420.0,5020000.0,11,5,1,0,1,0.5705232053534002,Low Engagement,High Engagement
23,811.0,4710000.0,17,1,3,1,1,0.7064520102443995,High Engagement,High Engagement
26,535.0,10400000.0,14,6,7,1,1,0.796789111789093,High Engagement,High Engagement
20,2168.0,607000.0,13,2,6,0,0,0.33690935204551525,Low Engagement,Low Engagement
26,801.0,2720000.0,14,6,6,1,0,0.4939046524417981,High Engagement,Low Engagement
20,754.0,3920000.0,10,5,10,0,0,0.44542519073873504,Low Engagement,Low Engagement
27,686.0,4050000.0,1,4,9,1,0,0.4493619751434735,High Engagement,Low Engagement
10,182.0,62700000.0,15,3,7,1,1,0.7547100401932431,High Engagement,High Engagement
22,527.0,7340000.0,11,4,8,0,1,0.6727582871994423,Low Engagement,High Engagement
15,686.0,113000.0,13,6,11,0,0,0.2057887193095264,Low Engagement,Low Engagement
25,253.0,4440000.0,0,1,12,0,0,0.2778943649012172,Low Engagement,Low Engagement
27,649.0,62700.0,2,6,5,1,0,0.3513867629662117,High Engagement,Low Engagement
17,431.0,13800000.0,19,6,3,1,1,0.6567505840327235,High Engagement,High Engagement
22,1751.0,3600000.0,6,3,5,0,0,0.4646181639978348,Low Engagement,Low Engagement
1,728.0,13400000.0,18,6,12,1,1,0.8674323572091884,High Engagement,High Engagement
20,966.0,6230000.0,19,0,1,1,1,0.6615336919350032,High Engagement,High Engagement
24,1026.0,23300000.0,2,4,12,1,1,0.7566722723233411,High Engagement,High Engagement
24,294.0,26400000.0,14,6,9,1,1,0.7563188053569989,High Engagement,High Engagement
22,487.0,304000.0,16,6,11,0,0,0.2538116479798035,Low Engagement,Low Engagement
26,533.0,21300000.0,17,1,6,1,1,0.7641159077294158,High Engagement,High Engagement
27,1195.0,4860000.0,15,1,6,1,1,0.6197279121315094,High Engagement,High Engagement
20,939.0,8420000.0,0,6,9,0,1,0.6925823395771254,Low Engagement,High Engagement
15,556.0,111000.0,13,5,10,0,0,0.26331387001330664,Low Engagement,Low Engagement
26,609.0,10400000.0,15,6,12,1,1,0.8107390035425851,High Engagement,High Engagement
19,2076.0,159000.0,16,0,3,0,0,0.2195296835290995,Low Engagement,Low Engagement
27,464.0,7880000.0,16,4,5,1,1,0.7252489113759664,High Engagement,High Engagement
27,1973.0,891000.0,4,3,1,0,0,0.3710350231106615,Low Engagement,Low Engagement
28,345.0,2400000.0,15,5,9,1,0,0.4609311390012083,High Engagement,Low Engagement
2,1278.0,9220000.0,16,1,5,0,1,0.6160806966290722,Low Engagement,High Engagement
24,606.0,35100000.0,18,0,7,1,1,0.8145169417462467,High Engagement,High Engagement
10,532.0,3320000.0,15,0,2,1,0,0.4711970130519488,High Engagement,Low Engagement
23,1492.0,27000000.0,14,2,4,1,1,0.7557091515779698,High Engagement,High Engagement
20,430.0,2400000.0,19,0,3,0,0,0.47980912938441056,Low Engagement,Low Engagement
27,2217.0,3800000.0,15,2,6,0,1,0.5063322830249614,Low Engagement,High Engagement
24,1670.0,11600000.0,2,1,7,0,1,0.6901755224842029,Low Engagement,High Engagement
24,659.0,5820000.0,17,0,1,1,1,0.7830926119800184,High Engagement,High Engagement
24,580.0,12100000.0,21,6,12,1,1,0.7828434859492812,High Engagement,High Engagement
24,1047.0,3080000.0,15,2,6,0,1,0.5038939033603644,Low Engagement,High Engagement
24,604.0,4020000.0,11,2,4,0,0,0.40980948334395784,Low Engagement,Low Engagement
27,304.0,3480000.0,15,1,12,1,0,0.4272461191955198,High Engagement,Low Engagement
20,816.0,3640000.0,19,1,9,0,0,0.4477674836290119,Low Engagement,Low Engagement
20,265.0,952000.0,2,5,10,1,0,0.4312524925004357,High Engagement,Low Engagement
20,889.0,1380000.0,21,5,11,0,0,0.2330010440322845,Low Engagement,Low Engagement
15,349.0,4520000.0,19,4,5,0,0,0.49694029100609033,Low Engagement,Low Engagement
20,613.0,24900000.0,17,3,1,1,1,0.7510948069322345,High Engagement,High Engagement
24,490.0,36300000.0,21,5,2,1,1,0.833845902244725,High Engagement,High Engagement
20,392.0,51600.0,16,1,8,0,0,0.34843570576879035,Low Engagement,Low Engagement
20,740.0,13900000.0,0,1,11,0,1,0.5180115395535247,Low Engagement,High Engagement
22,1122.0,29700000.0,16,5,4,1,1,0.7951151173607923,High Engagement,High Engagement
24,926.0,36300000.0,20,3,9,1,1,0.8341868273111612,High Engagement,High Engagement
20,794.0,6630000.0,18,4,5,0,1,0.6612016944783285,Low Engagement,High Engagement
27,1295.0,394000.0,11,0,7,1,0,0.3120768025122176,High Engagement,Low Engagement
23,297.0,21700000.0,2,4,11,1,1,0.5563431344877756,High Engagement,High Engagement
17,557.0,888000.0,5,2,11,0,0,0.2799519425613681,Low Engagement,Low Engagement
26,940.0,1360000.0,14,1,10,1,0,0.39090276269503166,High Engagement,Low Engagement
24,944.0,13900000.0,21,6,2,0,1,0.8073405296257437,Low Engagement,High Engagement
17,316.0,69800.0,12,2,10,0,0,0.34346227967827364,Low Engagement,Low Engagement
15,1114.0,6780000.0,12,5,10,0,1,0.5937095470827782,Low Engagement,High Engagement
15,870.0,969000.0,13,1,10,0,0,0.3307489659406807,Low Engagement,Low Engagement
24,1092.0,85200.0,13,4,10,0,0,0.31555213318877295,Low Engagement,Low Engagement
17,288.0,5700000.0,23,0,12,1,1,0.5462199008845858,High Engagement,High Engagement
28,389.0,1030000.0,16,1,12,0,0,0.3638107834985149,Low Engagement,Low Engagement
19,913.0,191000.0,15,5,1,0,0,0.231244030638276,Low Engagement,Low Engagement
27,911.0,364000.0,18,0,5,1,0,0.3208046454392653,High Engagement,Low Engagement
28,546.0,103000.0,15,2,11,0,0,0.24095820326129144,Low Engagement,Low Engagement
22,6153.0,6180000.0,16,5,10,0,1,0.5881063778917697,Low Engagement,High Engagement
27,2713.0,78400.0,3,1,3,1,0,0.31551879876193656,High Engagement,Low Engagement
20,614.0,1210000.0,8,0,8,0,0,0.42889420181628624,Low Engagement,Low Engagement
22,444.0,659.0,9,1,4,0,0,0.3442913559903715,Low Engagement,Low Engagement
20,633.0,6630000.0,18,6,7,1,1,0.67085935931512,High Engagement,High Engagement
28,868.0,7090000.0,7,3,7,0,1,0.593787425016661,Low Engagement,High Engagement
28,70.0,71700000.0,16,3,4,1,1,0.7783624712821938,High Engagement,High Engagement
17,1537.0,7860000.0,8,3,11,1,0,0.45192090530798584,High Engagement,Low Engagement
26,608.0,5410000.0,14,5,1,1,1,0.673803203699507,High Engagement,High Engagement
24,628.0,6980000.0,22,4,8,1,1,0.7575444316998841,High Engagement,High Engagement
22,405.0,2280000.0,15,2,12,1,0,0.44902378006494464,High Engagement,Low Engagement
24,770.0,7960000.0,13,3,6,1,1,0.785894192200458,High Engagement,High Engagement
22,511.0,6440000.0,20,5,10,1,1,0.688494658593135,High Engagement,High Engagement
23,1220.0,18500000.0,8,5,3,1,1,0.7653979216786526,High Engagement,High Engagement
23,785.0,13300000.0,4,2,2,1,1,0.6616410292566549,High Engagement,High Engagement
22,959.0,6630000.0,19,1,3,1,1,0.7149214447261254,High Engagement,High Engagement
26,461.0,10400000.0,15,2,11,0,1,0.6184100817080475,Low Engagement,High Engagement
20,653.0,6750000.0,7,2,6,0,1,0.609229314112922,Low Engagement,High Engagement
24,289.0,12500000.0,14,6,6,0,1,0.776722082920146,Low Engagement,High Engagement
22,954.0,27000000.0,23,0,6,0,1,0.7530683930797415,Low Engagement,High Engagement
22,523.0,489000.0,20,0,5,1,0,0.36189036220956783,High Engagement,Low Engagement
17,6136.0,15700000.0,18,3,4,0,1,0.5984897895288704,Low Engagement,High Engagement
26,3713.0,220000.0,17,0,12,0,0,0.24706636364816192,Low Engagement,Low Engagement
28,547.0,103000.0,18,6,11,0,0,0.22153588869595178,Low Engagement,Low Engagement
23,1193.0,4710000.0,18,6,5,1,1,0.744814514939641,High Engagement,High Engagement
26,1634.0,3110000.0,15,5,3,0,0,0.49195134836732424,Low Engagement,Low Engagement
28,685.0,2540000.0,15,3,10,1,0,0.4308686206910103,High Engagement,Low Engagement
26,1065.0,1250000.0,9,2,4,0,0,0.4008920376607564,Low Engagement,Low Engagement
22,284.0,629000.0,14,6,7,0,0,0.4044997673529351,Low Engagement,Low Engagement
25,758.0,18900000.0,10,3,5,1,0,0.48638859830318193,High Engagement,Low Engagement
24,364.0,944000.0,11,2,9,0,0,0.3943242086055599,Low Engagement,Low Engagement
25,899.0,6610000.0,21,3,8,0,0,0.30749669709793964,Low Engagement,Low Engagement
24,2287.0,17300000.0,17,6,11,1,0,0.4705254388802718,High Engagement,Low Engagement
22,674.0,216000.0,15,3,7,1,0,0.36064167288563653,High Engagement,Low Engagement
1,1003.0,13400000.0,19,3,7,1,1,0.8567641586234087,High Engagement,High Engagement
27,347.0,5720000.0,18,1,6,0,1,0.6761460034196639,Low Engagement,High Engagement
20,589.0,43700.0,12,5,11,0,0,0.19874504932336415,Low Engagement,Low Engagement
25,2670.0,2240000.0,6,1,10,1,0,0.3382208520193553,High Engagement,Low Engagement
24,262.0,21800000.0,15,1,7,1,1,0.7953548196239575,High Engagement,High Engagement
15,487.0,41300.0,17,5,8,0,0,0.24136993491863948,Low Engagement,Low Engagement
26,293.0,2690000.0,9,2,6,1,0,0.45433666444492293,High Engagement,Low Engagement
20,632.0,44400.0,17,2,12,0,0,0.32672696398861345,Low Engagement,Low Engagement
27,264.0,19700000.0,14,2,4,1,1,0.7342087495748447,High Engagement,High Engagement
20,807.0,3640000.0,20,3,3,0,0,0.4820104133471034,Low Engagement,Low Engagement
20,266.0,110000000.0,15,5,5,1,1,0.7621674724182984,High Engagement,High Engagement
23,2653.0,2050000.0,17,3,7,1,1,0.6691974365214836,High Engagement,High Engagement
22,534.0,175000.0,20,0,10,1,0,0.33427697390086064,High Engagement,Low Engagement
24,836.0,7590000.0,17,0,9,1,1,0.7833865215430394,High Engagement,High Engagement
27,268.0,2520000.0,9,2,7,0,0,0.4382299616224312,Low Engagement,Low Engagement
1,394.0,2870000.0,14,5,3,1,1,0.7697174376553974,High Engagement,High Engagement
26,690.0,10400000.0,17,4,4,1,1,0.7782124369104324,High Engagement,High Engagement
29,4903.0,185000.0,15,0,1,0,0,0.16103197500857278,Low Engagement,Low Engagement
24,748.0,35100000.0,20,1,8,1,1,0.8388439274022244,High Engagement,High Engagement
26,350.0,21300000.0,22,0,9,1,1,0.7539613628697175,High Engagement,High Engagement
24,517.0,42800000.0,12,3,10,1,1,0.7772897886349562,High Engagement,High Engagement
28,389.0,3690000.0,16,5,5,1,0,0.465365355020177,High Engagement,Low Engagement
15,872.0,3390000.0,14,5,7,1,0,0.4891123608789296,High Engagement,Low Engagement
15,298.0,14200000.0,13,2,1,1,1,0.584473319944485,High Engagement,High Engagement
24,5246.0,216000.0,4,5,11,0,0,0.1727808265637563,Low Engagement,Low Engagement
24,1350.0,1020000.0,14,4,7,1,0,0.37068626480415334,High Engagement,Low Engagement
26,3984.0,80900000.0,9,1,11,0,0,0.3544354115950535,Low Engagement,Low Engagement
27,1089.0,3830000.0,16,2,9,0,0,0.4326616772537528,Low Engagement,Low Engagement
24,721.0,5830.0,16,5,11,0,0,0.2434909900719769,Low Engagement,Low Engagement
26,297.0,1730000.0,13,5,5,0,0,0.4382281254260427,Low Engagement,Low Engagement
28,1784.0,16700000.0,17,5,12,1,1,0.7107465268838447,High Engagement,High Engagement
20,3037.0,3820000.0,1,3,12,1,0,0.45162646538509865,High Engagement,Low Engagement
24,1389.0,131000000.0,8,5,6,1,1,0.7288708073082317,High Engagement,High Engagement
25,360.0,3400000.0,1,2,11,0,0,0.273980674100467,Low Engagement,Low Engagement
27,604.0,2540000.0,14,4,6,0,0,0.43220624884290826,Low Engagement,Low Engagement
26,659.0,21300000.0,17,4,1,1,1,0.7767341748120249,High Engagement,High Engagement
25,810.0,9260000.0,19,2,9,1,0,0.3918851376263302,High Engagement,Low Engagement
28,6596.0,51200.0,17,3,9,0,0,0.29232775341029904,Low Engagement,Low Engagement
22,444.0,19700000.0,15,5,10,1,1,0.7585903704719573,High Engagement,High Engagement
22,437.0,4170000.0,17,3,9,1,1,0.5290028345297635,High Engagement,High Engagement
26,874.0,14800000.0,16,2,6,1,1,0.7675975604001114,High Engagement,High Engagement
17,439.0,3610000.0,12,6,7,1,0,0.46264057658895524,High Engagement,Low Engagement
22,382.0,155000.0,5,2,3,1,0,0.37378063163683806,High Engagement,Low Engagement
20,734.0,59800.0,16,6,8,0,0,0.34144813761708653,Low Engagement,Low Engagement
20,483.0,6960000.0,17,1,7,0,1,0.6447738757166558,Low Engagement,High Engagement
22,1030.0,489000.0,18,0,12,0,0,0.321472029922672,Low Engagement,Low Engagement
19,2419.0,29100.0,0,2,6,0,0,0.2115910192579419,Low Engagement,Low Engagement
27,3743.0,13900000.0,16,1,7,1,1,0.6839253374599056,High Engagement,High Engagement
28,989.0,1210000.0,18,2,10,0,0,0.3523272200090035,Low Engagement,Low Engagement
17,425.0,5340000.0,14,6,10,0,1,0.5106183588046481,Low Engagement,High Engagement
22,957.0,10200000.0,19,4,8,1,1,0.7589648606040142,High Engagement,High Engagement
23,284.0,1830000.0,18,0,10,1,1,0.5820384256670181,High Engagement,High Engagement
26,792.0,850000.0,18,4,1,1,0,0.4065308543123918,High Engagement,Low Engagement
15,644.0,488000.0,18,6,6,1,0,0.2957985306133125,High Engagement,Low Engagement
20,1034.0,4520000.0,21,5,11,0,0,0.370782506262923,Low Engagement,Low Engagement
24,786.0,2460000.0,7,4,7,1,1,0.520203548880099,High Engagement,High Engagement
10,242.0,533000.0,13,2,7,0,1,0.5169467114306944,Low Engagement,High Engagement
26,934.0,3980000.0,16,4,3,0,0,0.46996055882735815,Low Engagement,Low Engagement
24,775.0,1890000.0,21,4,4,0,0,0.45821814055009874,Low Engagement,Low Engagement
20,295.0,2810.0,15,0,7,1,0,0.3489821603281881,High Engagement,Low Engagement
24,999.0,6980000.0,16,5,4,1,1,0.8238098563913944,High Engagement,High Engagement
28,433.0,2390000.0,12,1,5,0,0,0.4056018700634516,Low Engagement,Low Engagement
23,1076.0,4710000.0,18,4,4,1,1,0.7473121621275934,High Engagement,High Engagement
1,619.0,42400000.0,7,1,12,1,1,0.7938781721102608,High Engagement,High Engagement
24,246.0,2170000.0,1,0,5,1,1,0.5114484049920873,High Engagement,High Engagement
23,417.0,9100000.0,19,4,4,1,1,0.7392813158883922,High Engagement,High Engagement
26,1584.0,697000.0,16,4,8,0,0,0.3402653225594183,Low Engagement,Low Engagement
25,483.0,6490000.0,16,4,2,0,0,0.4071821076011207,Low Engagement,Low Engagement
27,670.0,1290000.0,19,2,5,0,0,0.3913301296163162,Low Engagement,Low Engagement
2,1597.0,10900000.0,12,1,8,1,1,0.6376500096485446,High Engagement,High Engagement
24,666.0,113000.0,15,2,9,0,0,0.31537747161168744,Low Engagement,Low Engagement
17,719.0,2200000.0,12,5,3,1,0,0.4756412013408843,High Engagement,Low Engagement
26,824.0,1360000.0,14,4,5,0,0,0.41104689630276203,Low Engagement,Low Engagement
22,1224.0,489000.0,8,0,12,0,0,0.2879718088347989,Low Engagement,Low Engagement
24,35.0,66200000.0,1,1,11,0,0,0.3489271985892279,Low Engagement,Low Engagement
28,993.0,22000000.0,9,3,8,1,1,0.7184857010301181,High Engagement,High Engagement
20,951.0,3640000.0,19,3,4,1,0,0.44514358488627237,High Engagement,Low Engagement
15,385.0,295000.0,14,4,9,0,0,0.2603053774813105,Low Engagement,Low Engagement
20,973.0,2490000.0,19,4,11,0,0,0.30584166405123026,Low Engagement,Low Engagement
24,921.0,6610000.0,22,1,2,0,1,0.7404243670940974,Low Engagement,High Engagement
28,1974.0,178000.0,12,3,5,0,0,0.2861346869773807,Low Engagement,Low Engagement
28,868.0,3290000.0,20,0,12,1,0,0.41780773704747975,High Engagement,Low Engagement
22,351.0,9450000.0,2,1,10,0,1,0.648401274303511,Low Engagement,High Engagement
20,495.0,559000.0,15,4,11,0,0,0.25805118227321927,Low Engagement,Low Engagement
15,280.0,37900000.0,16,2,2,1,1,0.6305910998277473,High Engagement,High Engagement
17,1640.0,576000.0,14,0,5,0,0,0.33636437158888133,Low Engagement,Low Engagement
24,53.0,81300000.0,21,1,4,1,1,0.7885649280070769,High Engagement,High Engagement
15,602.0,247000.0,12,1,11,0,0,0.20740981130805566,Low Engagement,Low Engagement
17,41.0,61700000.0,20,2,10,1,1,0.6807933939630008,High Engagement,High Engagement
24,3657.0,170000.0,12,4,10,0,0,0.2667367461321927,Low Engagement,Low Engagement
10,320.0,95200.0,4,4,11,1,0,0.46741656351924793,High Engagement,Low Engagement
22,1004.0,4910000.0,16,5,3,1,1,0.6646386595199901,High Engagement,High Engagement
22,461.0,8340000.0,8,6,9,1,1,0.7151873503485562,High Engagement,High Engagement
23,254.0,9560000.0,11,4,5,1,1,0.6558208488783923,High Engagement,High Engagement
28,3315.0,1900000.0,19,3,4,0,0,0.41612381725034014,Low Engagement,Low Engagement
17,15735.0,46900.0,0,6,11,0,0,0.1967017366156147,Low Engagement,Low Engagement
25,1514.0,978000.0,0,5,2,1,0,0.3333775280858002,High Engagement,Low Engagement
24,773.0,6990000.0,16,6,7,0,1,0.8054626326981474,Low Engagement,High Engagement
1,825.0,42400000.0,6,3,5,1,1,0.8474006879721269,High Engagement,High Engagement
24,784.0,7960000.0,14,1,5,1,1,0.7416316607484292,High Engagement,High Engagement
22,1224.0,789000.0,7,5,11,0,0,0.17613392212954374,Low Engagement,Low Engagement
22,474.0,12600000.0,15,3,9,1,1,0.7295050250276863,High Engagement,High Engagement
15,1068.0,3240000.0,11,3,8,1,0,0.4860758010330633,High Engagement,Low Engagement
20,1047.0,13900000.0,1,5,2,1,1,0.7246689088929369,High Engagement,High Engagement
27,1011.0,9230000.0,12,4,8,1,1,0.6963004642954291,High Engagement,High Engagement
24,1087.0,24200000.0,12,5,8,1,1,0.821199430790536,High Engagement,High Engagement
15,866.0,266000.0,1,3,3,0,0,0.30623754283902815,Low Engagement,Low Engagement
22,323.0,37900.0,8,3,3,1,0,0.3774945735721338,High Engagement,Low Engagement
15,344.0,6180000.0,12,5,9,0,1,0.6138092317730426,Low Engagement,High Engagement
22,883.0,428000.0,19,0,1,1,0,0.3806803069088928,High Engagement,Low Engagement
27,711.0,4640000.0,13,1,3,0,1,0.6076209104770953,Low Engagement,High Engagement
22,377.0,26500000.0,0,6,8,1,1,0.7447309407987873,High Engagement,High Engagement
20,1073.0,814000.0,2,3,1,1,0,0.4137292927559583,High Engagement,Low Engagement
20,1890.0,1360000.0,17,5,11,0,0,0.20485213399935023,Low Engagement,Low Engagement
28,1176.0,16700000.0,16,2,3,1,1,0.7276241812841255,High Engagement,High Engagement
28,446.0,3480000.0,1,5,7,0,0,0.49497278533101496,Low Engagement,Low Engagement
27,2727.0,19900.0,16,0,4,0,0,0.31177202900192447,Low Engagement,Low Engagement
17,336.0,421000.0,19,0,6,1,0,0.35946833112267607,High Engagement,Low Engagement
22,662.0,10200000.0,1,0,5,1,1,0.7569559217741959,High Engagement,High Engagement
20,804.0,3920000.0,10,4,10,0,0,0.421776002216399,Low Engagement,Low Engagement
24,272.0,949000.0,18,4,12,0,0,0.3960385043541751,Low Engagement,Low Engagement
23,700.0,26100.0,12,3,12,0,0,0.3393207814458781,Low Engagement,Low Engagement
25,372.0,4440000.0,16,6,11,0,0,0.2463589905923684,Low Engagement,Low Engagement
22,805.0,5520000.0,19,4,11,1,1,0.5426889922420247,High Engagement,High Engagement
1,880.0,96200.0,18,4,11,0,0,0.29688002967119476,Low Engagement,Low Engagement
15,631.0,51100.0,13,3,2,0,0,0.2588058297082762,Low Engagement,Low Engagement
20,861.0,13900000.0,4,2,9,0,1,0.6709976795662793,Low Engagement,High Engagement
23,724.0,10500000.0,14,6,3,1,1,0.7730796655925141,High Engagement,High Engagement
15,1443.0,6420.0,13,1,9,0,0,0.1809289559279049,Low Engagement,Low Engagement
25,988.0,4080000.0,14,5,9,0,0,0.3545107253791705,Low Engagement,Low Engagement
20,823.0,298000.0,19,4,6,0,0,0.35140276076285704,Low Engagement,Low Engagement
29,1623.0,3750000.0,12,6,4,0,0,0.2996697052104526,Low Engagement,Low Engagement
26,386.0,1220000.0,23,6,8,0,0,0.43543499022377147,Low Engagement,Low Engagement
24,483.0,36300000.0,21,1,12,1,1,0.7924348088345834,High Engagement,High Engagement
27,493.0,2840000.0,4,6,11,1,0,0.36710188979980857,High Engagement,Low Engagement
22,1966.0,194000.0,13,6,5,0,0,0.29516793796621515,Low Engagement,Low Engagement
25,4102.0,413000.0,15,4,6,0,0,0.3231661935054474,Low Engagement,Low Engagement
27,1401.0,2500000.0,10,0,10,1,0,0.41454141292881874,High Engagement,Low Engagement
26,1227.0,2710000.0,15,5,5,1,0,0.46506503961590395,High Engagement,Low Engagement
20,604.0,135000.0,13,5,8,0,0,0.33918844815383087,Low Engagement,Low Engagement
20,1162.0,376000.0,16,1,1,0,0,0.3510218655286842,Low Engagement,Low Engagement
20,882.0,1240000.0,8,3,7,1,0,0.42720090704551456,High Engagement,Low Engagement
25,384.0,16900000.0,16,1,1,0,0,0.42037658355037205,Low Engagement,Low Engagement
29,4020.0,2950000.0,13,4,10,0,0,0.22382482545897783,Low Engagement,Low Engagement
25,1149.0,6610000.0,22,1,1,0,0,0.3081761810727702,Low Engagement,Low Engagement
24,268.0,5400000.0,14,0,6,0,1,0.7078639654384454,Low Engagement,High Engagement
24,1060.0,5820000.0,16,5,10,1,1,0.8050294912849304,High Engagement,High Engagement
24,762.0,10600000.0,16,4,8,1,1,0.8260521326783816,High Engagement,High Engagement
23,1611.0,7900000.0,15,5,5,1,1,0.797504702358357,High Engagement,High Engagement
10,301.0,307000000.0,12,2,11,0,0,0.38975948349219836,Low Engagement,Low Engagement
24,539.0,964000.0,17,0,8,0,0,0.4100905696928253,Low Engagement,Low Engagement
23,288.0,3400000.0,22,1,10,1,1,0.5759386627192356,High Engagement,High Engagement
20,1030.0,1880000.0,21,6,11,1,0,0.28693096823261355,High Engagement,Low Engagement
28,1062.0,2390000.0,13,1,8,0,0,0.4135647289487289,Low Engagement,Low Engagement
28,1083.0,20600000.0,0,1,9,1,1,0.7352769258234441,High Engagement,High Engagement
22,881.0,260000.0,13,4,5,0,0,0.35193713474370997,Low Engagement,Low Engagement
1,529.0,2880000.0,15,6,2,1,1,0.7508588640900433,High Engagement,High Engagement
28,750.0,2390000.0,11,4,11,0,0,0.33974731788408613,Low Engagement,Low Engagement
22,400.0,117000.0,7,6,7,1,0,0.36395412723264225,High Engagement,Low Engagement
27,645.0,15300000.0,19,3,9,1,1,0.7564569099116117,High Engagement,High Engagement
22,346.0,18900000.0,15,4,1,1,1,0.7107124016334202,High Engagement,High Engagement
28,602.0,16600000.0,17,0,2,1,1,0.7322880513441365,High Engagement,High Engagement
24,303.0,1880000.0,16,3,5,1,0,0.4937159776278501,High Engagement,Low Engagement
19,324.0,12600000.0,17,3,8,1,1,0.5875568658299882,High Engagement,High Engagement
20,830.0,15400000.0,18,4,7,1,1,0.7596766561660568,High Engagement,High Engagement
19,572.0,44700000.0,3,4,6,1,1,0.5957236536666166,High Engagement,High Engagement
20,1095.0,404000.0,13,2,4,1,0,0.34225249281483094,High Engagement,Low Engagement
1,781.0,633000.0,17,4,11,0,0,0.3167028831227388,Low Engagement,Low Engagement
29,4673.0,2950000.0,22,6,10,0,0,0.22012068867735862,Low Engagement,Low Engagement
20,1417.0,54400000.0,22,4,9,0,1,0.6758039342250745,Low Engagement,High Engagement
27,1250.0,6250000.0,14,5,10,0,1,0.6183730900161799,Low Engagement,High Engagement
15,3626.0,9230000.0,15,6,4,1,1,0.5818580775359952,High Engagement,High Engagement
28,746.0,26900000.0,15,0,10,0,1,0.7008105599419188,Low Engagement,High Engagement
24,520.0,1620000.0,19,1,11,0,0,0.2505344450026345,Low Engagement,Low Engagement
24,353.0,6040000.0,15,5,6,1,1,0.7807956916964844,High Engagement,High Engagement
15,2592.0,62400.0,22,3,3,0,0,0.20214239692525393,Low Engagement,Low Engagement
1,621.0,1250000.0,18,1,1,1,1,0.7343217890013256,High Engagement,High Engagement
2,696.0,10700000.0,8,5,6,1,1,0.715049970263226,High Engagement,High Engagement
22,514.0,6440000.0,21,5,11,1,1,0.5428611715024124,High Engagement,High Engagement
22,448.0,110000000.0,12,4,10,1,1,0.7239581526455953,High Engagement,High Engagement
22,1177.0,10200000.0,22,3,5,1,1,0.740531507726375,High Engagement,High Engagement
17,1226.0,14200000.0,5,3,10,0,1,0.5354061658464063,Low Engagement,High Engagement
28,3329.0,1950000.0,21,0,7,1,0,0.44195329266141653,High Engagement,Low Engagement
2,640.0,4150000.0,14,2,9,1,0,0.49611422571331604,High Engagement,Low Engagement
24,600.0,26800000.0,12,5,11,0,1,0.5514520566703563,Low Engagement,High Engagement
28,561.0,1470000.0,17,4,10,0,0,0.3601716514638091,Low Engagement,Low Engagement
17,1309.0,1280000.0,4,1,1,1,0,0.3918326865714387,High Engagement,Low Engagement
26,1240.0,62900.0,18,4,11,0,0,0.1632803083427112,Low Engagement,Low Engagement
20,323.0,1320000.0,17,0,6,0,0,0.4297547581851261,Low Engagement,Low Engagement
29,4969.0,319000.0,14,0,10,1,0,0.17437181385986386,High Engagement,Low Engagement
23,272.0,9100000.0,18,2,1,1,1,0.709637414338992,High Engagement,High Engagement
20,1080.0,15000000.0,19,6,12,1,1,0.7693028765335355,High Engagement,High Engagement
26,1590.0,442000.0,11,1,1,0,0,0.3174778373988446,Low Engagement,Low Engagement
26,1991.0,318000.0,17,0,12,0,0,0.24997228014376735,Low Engagement,Low Engagement
28,259.0,4060000.0,21,3,8,0,0,0.4198976410970963,Low Engagement,Low Engagement
24,463.0,16700000.0,17,5,5,1,1,0.8312352249470428,High Engagement,High Engagement
27,950.0,474.0,20,1,8,0,0,0.3199707902751576,Low Engagement,Low Engagement
28,819.0,412000.0,14,2,11,0,0,0.2231227907458455,Low Engagement,Low Engagement
27,1116.0,2760000.0,23,1,6,0,0,0.4402408034852753,Low Engagement,Low Engagement
10,735.0,23500.0,11,2,7,1,0,0.44316342405603004,High Engagement,Low Engagement
20,505.0,89000.0,23,5,10,0,0,0.3326105276267612,Low Engagement,Low Engagement
10,203.0,62700000.0,0,2,6,1,1,0.7441755212871526,High Engagement,High Engagement
22,1135.0,5520000.0,22,0,7,1,1,0.7011985509522087,High Engagement,High Engagement
25,924.0,30500000.0,13,3,5,1,1,0.5053169309935821,High Engagement,High Engagement
22,1479.0,4510000.0,10,0,9,1,0,0.4908774783294683,High Engagement,Low Engagement
27,1074.0,6640000.0,12,2,11,0,0,0.4949209595782706,Low Engagement,Low Engagement
17,1438.0,1090.0,19,5,11,0,0,0.18746801267369975,Low Engagement,Low Engagement
20,1336.0,22000.0,18,2,2,0,0,0.2942232869159581,Low Engagement,Low Engagement
24,754.0,13400000.0,20,1,10,0,1,0.7892511696551888,Low Engagement,High Engagement
26,409.0,163000.0,21,5,3,0,0,0.3711436634122945,Low Engagement,Low Engagement
20,1085.0,1810000.0,13,6,11,0,0,0.2768362251907667,Low Engagement,Low Engagement
1,359.0,370000.0,16,6,8,1,1,0.5428422196211032,High Engagement,High Engagement
15,509.0,5960.0,13,0,5,0,0,0.25781067664134105,Low Engagement,Low Engagement
23,891.0,33200000.0,4,1,12,0,1,0.6206750375735416,Low Engagement,High Engagement
22,964.0,5520000.0,17,4,6,1,1,0.7102337808697171,High Engagement,High Engagement
23,403.0,7220000.0,16,5,12,1,1,0.7027636773751123,High Engagement,High Engagement
20,439.0,7910.0,12,0,10,0,0,0.32533668048532377,Low Engagement,Low Engagement
15,660.0,2460000.0,23,6,9,1,0,0.4110357064854518,High Engagement,Low Engagement
24,552.0,130000.0,9,6,3,0,0,0.37983767987834693,Low Engagement,Low Engagement
20,984.0,57500000.0,5,6,12,1,1,0.7576160892002106,High Engagement,High Engagement
23,904.0,13300000.0,3,4,2,1,1,0.7210673024663142,High Engagement,High Engagement
10,256.0,4310000.0,0,6,6,0,1,0.6001087056960879,Low Engagement,High Engagement
17,1232.0,23700000.0,18,1,5,0,1,0.5544907179147793,Low Engagement,High Engagement
27,2127.0,3420000.0,10,5,9,1,0,0.4803027747366627,High Engagement,Low Engagement
24,25.0,66200000.0,16,5,11,0,0,0.4101781565350227,Low Engagement,Low Engagement
27,2632.0,201000.0,3,2,8,0,0,0.2940412496741617,Low Engagement,Low Engagement
23,264.0,13300000.0,17,0,11,0,1,0.5558940808629116,Low Engagement,High Engagement
27,723.0,358000.0,12,5,1,1,0,0.35798195970467506,High Engagement,Low Engagement
27,1507.0,29200.0,14,0,12,0,0,0.24362216996938793,Low Engagement,Low Engagement
20,848.0,2610000.0,17,6,11,0,0,0.3420714222852485,Low Engagement,Low Engagement
10,553.0,33700000.0,12,5,7,1,1,0.7568575917313027,High Engagement,High Engagement
20,2438.0,554000.0,15,4,7,1,0,0.36071020304148066,High Engagement,Low Engagement
24,705.0,110000000.0,16,3,1,1,1,0.8103909283868119,High Engagement,High Engagement
27,1180.0,338000.0,14,3,11,0,0,0.2164614413481402,Low Engagement,Low Engagement
22,11410.0,20400.0,16,2,1,0,0,0.30394717213725436,Low Engagement,Low Engagement
29,240.0,2510000.0,19,4,10,0,0,0.28902072953436964,Low Engagement,Low Engagement
27,3623.0,45600000.0,14,5,5,1,1,0.6860654716213768,High Engagement,High Engagement
26,1376.0,1840000.0,13,4,2,1,0,0.42041213500430735,High Engagement,Low Engagement
20,14223.0,178000.0,23,6,3,0,0,0.3220036655624026,Low Engagement,Low Engagement
26,340.0,1500000.0,17,0,3,1,0,0.4334648332103542,High Engagement,Low Engagement
1,7911.0,108000000.0,5,6,11,0,0,0.26536678017270543,Low Engagement,Low Engagement
24,1098.0,34400.0,21,2,6,0,0,0.33051202533548757,Low Engagement,Low Engagement
29,5788.0,1750.0,14,0,3,0,0,0.16476742239738026,Low Engagement,Low Engagement
10,310.0,3570000.0,14,3,10,1,1,0.5226008677178033,High Engagement,High Engagement
27,389.0,194000.0,21,0,5,0,0,0.3357275237497937,Low Engagement,Low Engagement
17,1279.0,1730000.0,18,3,11,0,0,0.26662482921508573,Low Engagement,Low Engagement
24,464.0,10400000.0,8,3,12,0,1,0.6730416579322637,Low Engagement,High Engagement
24,655.0,35100000.0,21,2,1,1,1,0.7948635889362718,High Engagement,High Engagement
19,1264.0,150000.0,17,3,10,0,0,0.19491738634979988,Low Engagement,Low Engagement
17,2581.0,1340000.0,13,2,12,1,0,0.3463368134074737,High Engagement,Low Engagement
24,4935.0,1220000.0,18,1,10,1,0,0.35358807470897685,High Engagement,Low Engagement
22,503.0,1340000.0,15,1,11,0,0,0.28057517749620314,Low Engagement,Low Engagement
10,5736.0,3560000.0,15,3,11,1,0,0.4033297062782179,High Engagement,Low Engagement
28,963.0,26900000.0,15,0,9,0,1,0.7082840507986317,Low Engagement,High Engagement
23,653.0,4710000.0,22,6,6,0,1,0.6905682174354801,Low Engagement,High Engagement
24,1240.0,21800000.0,15,6,6,1,1,0.8082575889927187,High Engagement,High Engagement
22,416.0,1500000.0,15,0,10,0,0,0.42200206739084434,Low Engagement,Low Engagement
27,2545.0,6270000.0,18,3,10,1,1,0.6285458286142882,High Engagement,High Engagement
15,852.0,6760000.0,13,6,2,0,1,0.5949277614576478,Low Engagement,High Engagement
26,804.0,593000.0,21,2,11,0,0,0.23630332311112573,Low Engagement,Low Engagement
27,1762.0,1380000.0,11,4,2,1,0,0.40873037853548605,High Engagement,Low Engagement
1,9488.0,31300000.0,12,2,6,1,1,0.7837135405085924,High Engagement,High Engagement
20,676.0,6630000.0,20,6,11,0,1,0.5087422105079559,Low Engagement,High Engagement
28,2024.0,17800000.0,15,1,9,1,1,0.6809479063613667,High Engagement,High Engagement
28,720.0,22000000.0,0,1,7,1,1,0.7379933560609903,High Engagement,High Engagement
15,306.0,117000.0,19,6,10,0,0,0.3042375985608091,Low Engagement,Low Engagement
15,1056.0,21800000.0,11,2,9,1,1,0.6657064743881382,High Engagement,High Engagement
27,434.0,7030000.0,12,4,3,0,1,0.6774884132877804,Low Engagement,High Engagement
26,338.0,25500000.0,12,4,4,1,1,0.7773458029731232,High Engagement,High Engagement
20,853.0,2220000.0,21,6,11,0,0,0.3216156420078147,Low Engagement,Low Engagement
2,532.0,7020000.0,11,1,3,1,1,0.6513409339779673,High Engagement,High Engagement
24,1802.0,1220000.0,22,2,12,1,0,0.34384151119407047,High Engagement,Low Engagement
23,429.0,33200000.0,5,0,12,0,1,0.6121062540927208,Low Engagement,High Engagement
22,6057.0,6180000.0,17,5,8,0,1,0.5770933881972101,Low Engagement,High Engagement
17,1687.0,6230000.0,11,0,5,0,1,0.5287808243989707,Low Engagement,High Engagement
28,4678.0,7090000.0,15,5,12,0,1,0.5633357371085365,Low Engagement,High Engagement
28,786.0,294000.0,15,3,4,0,0,0.3408040667502482,Low Engagement,Low Engagement
19,1016.0,442000.0,15,6,5,0,0,0.21667584574468607,Low Engagement,Low Engagement
24,2583.0,20600000.0,15,4,7,1,1,0.7691992629734004,High Engagement,High Engagement
24,1132.0,642000.0,4,0,12,0,0,0.352340983483438,Low Engagement,Low Engagement
27,1113.0,1000000.0,19,0,7,0,0,0.3921927764687723,Low Engagement,Low Engagement
20,249.0,2510000.0,0,1,3,1,0,0.49348550184344325,High Engagement,Low Engagement
27,914.0,2930000.0,22,4,9,0,0,0.40629264677136834,Low Engagement,Low Engagement
22,2322.0,362000.0,14,3,7,0,0,0.3126274088376715,Low Engagement,Low Engagement
20,753.0,23300000.0,22,1,1,1,1,0.7396270845510899,High Engagement,High Engagement
27,428.0,1810000.0,8,0,6,0,0,0.4078455296072585,Low Engagement,Low Engagement
20,1083.0,113000.0,18,5,11,0,0,0.17533892111508845,Low Engagement,Low Engagement
19,1493.0,5930000.0,14,5,11,1,0,0.4254909455912835,High Engagement,Low Engagement
28,572.0,24700000.0,15,6,9,1,1,0.7551758679263043,High Engagement,High Engagement
24,488.0,36300000.0,19,0,10,1,1,0.8015178911178186,High Engagement,High Engagement
24,480.0,21800000.0,16,0,8,1,1,0.8245320212044621,High Engagement,High Engagement
27,769.0,3690000.0,8,5,7,0,0,0.48550820015768303,Low Engagement,Low Engagement
23,331.0,1830000.0,17,5,12,1,1,0.5287140158537437,High Engagement,High Engagement
2,464.0,9420000.0,10,3,8,1,1,0.6872137939558611,High Engagement,High Engagement
24,3304.0,7500000.0,5,0,10,1,1,0.5714398049913331,High Engagement,High Engagement
17,518.0,821000.0,9,6,5,0,0,0.39888244267567446,Low Engagement,Low Engagement
20,1462.0,15400000.0,18,2,4,1,1,0.6931143809889665,High Engagement,High Engagement
28,1183.0,16600000.0,17,5,12,1,1,0.7575831663888335,High Engagement,High Engagement
24,314.0,2440000.0,21,0,8,0,0,0.4908065763487045,Low Engagement,Low Engagement
24,962.0,2300000.0,16,5,6,1,1,0.5100452904871012,High Engagement,High Engagement
19,1065.0,831000.0,15,2,12,0,0,0.19383833559419383,Low Engagement,Low Engagement
15,539.0,1460000.0,16,5,2,0,0,0.3485453681131203,Low Engagement,Low Engagement
20,1033.0,8530000.0,9,5,3,1,1,0.6891778013414099,High Engagement,High Engagement
17,2715.0,603000.0,0,5,3,0,0,0.368755912985834,Low Engagement,Low Engagement
15,940.0,205000.0,11,4,8,0,0,0.27526032568188,Low Engagement,Low Engagement
24,1096.0,837000.0,23,6,11,1,0,0.22828071169316758,High Engagement,Low Engagement
20,953.0,3520000.0,10,0,7,1,0,0.45254792440106506,High Engagement,Low Engagement
29,10994.0,7580.0,12,6,9,0,0,0.19040169808937818,Low Engagement,Low Engagement
20,1006.0,659000.0,20,2,11,0,0,0.23743279672223178,Low Engagement,Low Engagement
23,259.0,3400000.0,23,1,1,0,1,0.5869285937921244,Low Engagement,High Engagement
26,631.0,21300000.0,16,3,3,1,1,0.7641460978159474,High Engagement,High Engagement
17,999.0,23900000.0,22,4,8,1,1,0.7527105200160507,High Engagement,High Engagement
17,1233.0,3500000.0,9,6,8,0,0,0.43329771485044444,Low Engagement,Low Engagement
24,38.0,21800000.0,18,6,3,1,1,0.8121075529940495,High Engagement,High Engagement
23,769.0,1360000.0,21,2,12,0,0,0.4341688960971935,Low Engagement,Low Engagement
24,977.0,4030000.0,16,4,7,1,1,0.5483508175597546,High Engagement,High Engagement
2,1599.0,5030000.0,15,3,9,0,1,0.5221650464820028,Low Engagement,High Engagement
17,719.0,5340000.0,19,3,2,1,1,0.5927841274138861,High Engagement,High Engagement
20,1013.0,6750000.0,5,0,6,1,1,0.6356204250003612,High Engagement,High Engagement
20,928.0,20300000.0,16,6,8,1,1,0.764662603725583,High Engagement,High Engagement
28,844.0,15400000.0,20,3,7,1,1,0.7868223755484514,High Engagement,High Engagement
19,1600.0,4350000.0,16,5,2,1,0,0.4789437820172119,High Engagement,Low Engagement
27,14499.0,42500000.0,13,3,11,1,0,0.4843346118806688,High Engagement,Low Engagement
28,2390.0,1310000.0,11,5,10,1,0,0.3590656037042581,High Engagement,Low Engagement
22,764.0,23700.0,14,1,9,0,0,0.32198837792949836,Low Engagement,Low Engagement
22,240.0,2670.0,12,0,11,1,0,0.2531911760588448,High Engagement,Low Engagement
20,1178.0,2770000.0,22,5,6,1,0,0.46451217064073885,High Engagement,Low Engagement
22,640.0,1020000.0,14,3,2,1,0,0.4432509275251198,High Engagement,Low Engagement
17,629.0,819000.0,9,6,8,0,0,0.4048519683974186,Low Engagement,Low Engagement
17,568.0,10600000.0,0,0,10,1,1,0.6173379858565691,High Engagement,High Engagement
27,1149.0,247000.0,11,0,11,0,0,0.19574561603688917,Low Engagement,Low Engagement
24,432.0,2520000.0,20,1,2,1,1,0.5467697345774948,High Engagement,High Engagement
23,1151.0,353000.0,19,1,5,0,0,0.43711286764615115,Low Engagement,Low Engagement
27,2738.0,5770000.0,22,6,7,1,1,0.6167654392146288,High Engagement,High Engagement
20,1188.0,24300000.0,20,6,11,1,1,0.5809941713682532,High Engagement,High Engagement
15,976.0,409000.0,20,3,7,0,0,0.295762489288612,Low Engagement,Low Engagement
23,307.0,676000.0,1,5,7,1,0,0.47451384642242145,High Engagement,Low Engagement
27,956.0,3830000.0,16,0,3,0,0,0.43054809852189274,Low Engagement,Low Engagement
23,376.0,7220000.0,17,5,12,1,1,0.6968911668764629,High Engagement,High Engagement
20,762.0,594000.0,14,5,4,0,0,0.39854684286452263,Low Engagement,Low Engagement
28,362.0,102000.0,15,1,9,0,0,0.32311301651303515,Low Engagement,Low Engagement
22,17071.0,74400.0,8,3,11,0,0,0.18729247070791358,Low Engagement,Low Engagement
22,666.0,492.0,13,1,9,0,0,0.3244338000677724,Low Engagement,Low Engagement
28,1182.0,632000.0,15,5,1,0,0,0.38275556652327036,Low Engagement,Low Engagement
17,1819.0,15400000.0,15,3,12,1,1,0.5619655953532041,High Engagement,High Engagement
28,659.0,7090000.0,1,4,12,0,1,0.6076367020462002,Low Engagement,High Engagement
27,458.0,48600.0,14,1,7,0,0,0.338741650968796,Low Engagement,Low Engagement
28,6340.0,20200.0,17,1,2,0,0,0.3039746821853282,Low Engagement,Low Engagement
20,890.0,8480000.0,17,0,8,0,1,0.676987252326278,Low Engagement,High Engagement
1,262.0,4260000.0,20,1,9,1,1,0.7599565057333135,High Engagement,High Engagement
27,3678.0,596000.0,13,5,4,0,0,0.36840338950864976,Low Engagement,Low Engagement
15,319.0,17900000.0,16,6,3,1,1,0.6388252954374646,High Engagement,High Engagement
26,1062.0,6130000.0,16,3,3,0,1,0.6546243663907004,Low Engagement,High Engagement
25,814.0,10300000.0,15,6,8,1,0,0.4638509114849326,High Engagement,Low Engagement
22,1935.0,1320000.0,6,2,11,0,0,0.22586916361004242,Low Engagement,Low Engagement
17,892.0,61700000.0,14,5,10,1,1,0.7011573262760776,High Engagement,High Engagement
22,483.0,6440000.0,19,0,2,1,1,0.7111060532403306,High Engagement,High Engagement
24,554.0,2820000.0,15,3,4,0,1,0.5058439548064297,Low Engagement,High Engagement
28,693.0,5000000.0,21,4,3,1,1,0.585153803457236,High Engagement,High Engagement
28,363.0,5710000.0,16,1,12,0,1,0.6181027013327364,Low Engagement,High Engagement
29,290.0,477000.0,15,1,8,0,0,0.20089243701816553,Low Engagement,Low Engagement
24,563.0,5820000.0,16,6,6,1,1,0.8210794353894797,High Engagement,High Engagement
24,536.0,33500.0,17,1,2,0,0,0.3237036709527925,Low Engagement,Low Engagement
23,367.0,4510000.0,1,3,10,0,1,0.6112413874186797,Low Engagement,High Engagement
24,537.0,2440000.0,23,5,9,0,1,0.5027406516356497,Low Engagement,High Engagement
17,1500.0,222000.0,18,1,6,0,0,0.32906339693331865,Low Engagement,Low Engagement
10,267.0,614000.0,6,1,11,1,0,0.47478859843341703,High Engagement,Low Engagement
27,1356.0,25200000.0,14,4,9,1,1,0.6890236312007488,High Engagement,High Engagement
28,987.0,4990000.0,14,5,5,1,1,0.5646220122695108,High Engagement,High Engagement
20,924.0,6630000.0,21,1,3,1,1,0.6405788919384712,High Engagement,High Engagement
22,241.0,949000.0,9,6,8,0,0,0.4271214629518268,Low Engagement,Low Engagement
20,1827.0,715000.0,1,6,12,0,0,0.3332662769542348,Low Engagement,Low Engagement
22,1173.0,20900000.0,20,0,7,1,1,0.7808905224676748,High Engagement,High Engagement
23,570.0,1840000.0,21,0,11,1,0,0.45341590190810827,High Engagement,Low Engagement
28,343.0,24700000.0,21,6,9,1,1,0.7403338337903052,High Engagement,High Engagement
17,630.0,670000.0,12,6,6,1,0,0.38954726587215743,High Engagement,Low Engagement
29,3627.0,167000.0,15,0,2,1,0,0.145575846488643,High Engagement,Low Engagement
24,1686.0,1120000.0,11,3,11,1,0,0.22732900607867998,High Engagement,Low Engagement
28,8742.0,1020000.0,5,0,12,0,0,0.3176941895073521,Low Engagement,Low Engagement
1,439.0,370000.0,15,1,3,0,1,0.5339996801010166,Low Engagement,High Engagement
26,276.0,1730000.0,14,5,1,0,0,0.44289342741366494,Low Engagement,Low Engagement
26,582.0,1720000.0,17,3,2,0,0,0.42252635977634506,Low Engagement,Low Engagement
23,519.0,5180000.0,13,4,11,0,1,0.5295913919798352,Low Engagement,High Engagement
26,380.0,146000.0,18,4,8,0,0,0.35226743412622386,Low Engagement,Low Engagement
20,928.0,443000.0,13,3,9,0,0,0.34525318732566823,Low Engagement,Low Engagement
22,870.0,4530000.0,15,5,9,0,1,0.5602746836393262,Low Engagement,High Engagement
29,6176.0,2050000.0,22,6,4,0,0,0.2538369966699877,Low Engagement,Low Engagement
20,647.0,796000.0,20,3,8,0,0,0.41921427445204135,Low Engagement,Low Engagement
24,371.0,2520000.0,18,6,4,1,1,0.5259124685104765,High Engagement,High Engagement
24,1098.0,12100000.0,18,6,4,1,1,0.8254565956505923,High Engagement,High Engagement
1,1239.0,13400000.0,19,1,11,1,1,0.5772101806217397,High Engagement,High Engagement
20,2210.0,2790000.0,5,1,11,0,0,0.30081454136738367,Low Engagement,Low Engagement
15,2156.0,323000.0,20,0,12,0,0,0.18297178893526456,Low Engagement,Low Engagement
23,548.0,949000.0,17,3,10,0,0,0.43683251236853776,Low Engagement,Low Engagement
10,147.0,79000000.0,8,0,11,1,0,0.34895323111542453,High Engagement,Low Engagement
23,614.0,35300000.0,15,2,2,1,1,0.7072220303487238,High Engagement,High Engagement
23,305.0,5190000.0,10,3,4,1,1,0.6336574812515329,High Engagement,High Engagement
22,398.0,181000.0,2,6,11,0,0,0.2687043783101253,Low Engagement,Low Engagement
1,322.0,24700000.0,19,0,2,1,1,0.8318279534403358,High Engagement,High Engagement
22,526.0,51700.0,18,6,7,1,0,0.35303456751390366,High Engagement,Low Engagement
22,267.0,281000.0,2,5,2,1,0,0.3750004047484867,High Engagement,Low Engagement
23,823.0,4710000.0,23,2,10,1,1,0.6847924581520988,High Engagement,High Engagement
26,958.0,25900000.0,12,1,7,1,1,0.7754422546981692,High Engagement,High Engagement
22,430.0,19700000.0,15,6,7,1,1,0.7570419380328088,High Engagement,High Engagement
20,1426.0,6440000.0,17,5,10,1,1,0.6009452800265124,High Engagement,High Engagement
19,760.0,3670000.0,23,4,6,1,0,0.39455369472938107,High Engagement,Low Engagement
2,1918.0,5030000.0,15,3,11,0,0,0.45978775987700243,Low Engagement,Low Engagement
19,1392.0,492000.0,11,5,12,0,0,0.14073058511776643,Low Engagement,Low Engagement
28,445.0,15700000.0,13,4,7,1,1,0.7207760106329378,High Engagement,High Engagement
20,2323.0,450000.0,4,0,10,0,0,0.29969433720749367,Low Engagement,Low Engagement
20,833.0,10200000.0,15,0,5,1,1,0.7060811847571712,High Engagement,High Engagement
24,534.0,1450000.0,20,6,3,0,1,0.5122017225708387,Low Engagement,High Engagement
23,2002.0,1300000.0,3,3,3,0,1,0.6263462439648644,Low Engagement,High Engagement
15,479.0,115000.0,17,3,1,0,0,0.26647373621596643,Low Engagement,Low Engagement
29,1371.0,12900.0,14,3,6,1,0,0.1808526058469366,High Engagement,Low Engagement
26,2877.0,1010000.0,13,1,9,0,0,0.3639102270427007,Low Engagement,Low Engagement
17,2100.0,2890000.0,8,6,6,1,0,0.4719304597965157,High Engagement,Low Engagement
27,807.0,5720000.0,14,4,7,1,1,0.6692800278577081,High Engagement,High Engagement
24,1091.0,11900000.0,22,5,10,0,1,0.7454605780165089,Low Engagement,High Engagement
26,299.0,9360000.0,18,5,1,1,1,0.7243984392280395,High Engagement,High Engagement
28,2691.0,1160000.0,5,4,6,0,0,0.3888366583103238,Low Engagement,Low Engagement
28,1346.0,16700000.0,17,0,7,1,1,0.6794102619807306,High Engagement,High Engagement
17,793.0,5740000.0,17,0,11,0,1,0.5326772828301096,Low Engagement,High Engagement
15,1345.0,6210000.0,13,2,9,0,1,0.5344711579910971,Low Engagement,High Engagement
27,1890.0,6480000.0,15,1,10,0,1,0.6411816867652391,Low Engagement,High Engagement
20,1051.0,670000.0,17,2,7,0,0,0.37791700350322205,Low Engagement,Low Engagement
26,645.0,25900000.0,11,2,1,1,1,0.7790423082948482,High Engagement,High Engagement
28,945.0,5120000.0,12,3,7,1,1,0.5560139709255472,High Engagement,High Engagement
23,1583.0,3010000.0,0,6,3,1,1,0.6990920984542645,High Engagement,High Engagement
23,322.0,1830000.0,17,0,12,0,1,0.5003494182431639,Low Engagement,High Engagement
24,777.0,6610000.0,21,2,11,0,1,0.5321798226247626,Low Engagement,High Engagement
26,1149.0,1790000.0,16,4,11,0,0,0.27347979911200043,Low Engagement,Low Engagement
27,842.0,4860000.0,14,1,7,1,1,0.6309150044665903,High Engagement,High Engagement
28,1432.0,1020000.0,16,2,11,0,0,0.22911499961941212,Low Engagement,Low Engagement
20,687.0,703000.0,8,1,9,0,0,0.3994417553636401,Low Engagement,Low Engagement
26,1203.0,1640000.0,4,3,6,1,0,0.4134843957629226,High Engagement,Low Engagement
23,426.0,5190000.0,12,4,11,0,1,0.5251651357718337,Low Engagement,High Engagement
20,627.0,5180000.0,17,2,2,1,1,0.6051321331680255,High Engagement,High Engagement
20,450.0,68900.0,1,0,11,0,0,0.26084290836211743,Low Engagement,Low Engagement
24,602.0,4020000.0,11,2,5,0,0,0.4209273864218089,Low Engagement,Low Engagement
1,690.0,7920000.0,13,1,3,1,1,0.8201472173769783,High Engagement,High Engagement
28,355.0,13200000.0,22,1,9,0,1,0.6633426341435937,Low Engagement,High Engagement
22,1167.0,9450000.0,18,4,12,1,1,0.7337994360081564,High Engagement,High Engagement
19,324.0,6290000.0,16,5,5,1,1,0.5340316071989323,High Engagement,High Engagement
22,670.0,464000.0,21,3,1,1,0,0.3939362766145498,High Engagement,Low Engagement
25,3198.0,3220000.0,2,2,5,0,0,0.44326523531588613,Low Engagement,Low Engagement
17,2631.0,477000.0,16,5,4,0,0,0.35922882771220344,Low Engagement,Low Engagement
17,3608.0,42300.0,15,5,11,0,0,0.21328553866007482,Low Engagement,Low Engagement
15,816.0,995000.0,18,1,1,1,0,0.31506236125133197,High Engagement,Low Engagement
25,2711.0,403000.0,0,6,11,1,0,0.15179495739281978,High Engagement,Low Engagement
20,519.0,1490000.0,13,4,12,0,0,0.4090392299519564,Low Engagement,Low Engagement
26,1733.0,1450000.0,14,3,7,0,0,0.39061036590882803,Low Engagement,Low Engagement
20,947.0,13900000.0,17,2,7,0,1,0.6962035196691613,Low Engagement,High Engagement
24,298.0,10100000.0,16,5,7,1,1,0.8184618924224116,High Engagement,High Engagement
24,40.0,21800000.0,15,5,6,1,1,0.8140169532701352,High Engagement,High Engagement
28,884.0,3480000.0,18,4,1,0,0,0.43542954454262894,Low Engagement,Low Engagement
22,1002.0,5550000.0,20,4,1,1,1,0.7242919758372353,High Engagement,High Engagement
20,562.0,52500000.0,19,4,6,1,1,0.7498186195138339,High Engagement,High Engagement
23,471.0,20600000.0,17,5,1,1,1,0.7333956974695744,High Engagement,High Engagement
24,814.0,1480.0,18,6,1,0,0,0.3454611420754652,Low Engagement,Low Engagement
28,653.0,24700000.0,17,1,11,1,1,0.6015175941812857,High Engagement,High Engagement
27,473.0,4640000.0,11,0,5,1,1,0.6081211929898245,High Engagement,High Engagement
20,700.0,6630000.0,20,4,10,1,1,0.6318779798658168,High Engagement,High Engagement
25,666.0,6080000.0,15,0,2,0,0,0.3832612742954596,Low Engagement,Low Engagement
22,443.0,886000.0,16,2,7,1,0,0.4430357489612354,High Engagement,Low Engagement
20,1222.0,873000.0,5,1,5,0,0,0.35067129944443937,Low Engagement,Low Engagement
26,2338.0,111000.0,18,6,11,0,0,0.14944890335852382,Low Engagement,Low Engagement
15,589.0,79000.0,16,4,1,0,0,0.2591629643616921,Low Engagement,Low Engagement
25,582.0,9260000.0,20,3,5,1,0,0.4479061227680068,High Engagement,Low Engagement
17,17.0,61700000.0,21,2,1,1,1,0.7130638445777793,High Engagement,High Engagement
28,60.0,71700000.0,16,3,1,1,1,0.7668053154154764,High Engagement,High Engagement
24,1214.0,263000.0,15,5,11,0,0,0.18252525605470818,Low Engagement,Low Engagement
10,371.0,221000.0,5,6,1,1,1,0.5313334579581455,High Engagement,High Engagement
23,244.0,11300000.0,19,2,6,1,1,0.7289220505525174,High Engagement,High Engagement
15,767.0,115000.0,17,2,9,0,0,0.2238742370302722,Low Engagement,Low Engagement
20,907.0,727000.0,8,3,10,0,0,0.3776921754720256,Low Engagement,Low Engagement
23,405.0,4170000.0,17,0,2,1,1,0.6402064927665829,High Engagement,High Engagement
20,672.0,3640000.0,20,0,11,0,0,0.41757644139390754,Low Engagement,Low Engagement
20,762.0,75200.0,17,4,3,0,0,0.34884845058026176,Low Engagement,Low Engagement
28,380.0,15400000.0,11,0,8,0,1,0.7045567513561685,Low Engagement,High Engagement
26,267.0,1310000.0,17,4,9,1,0,0.4206115557175822,High Engagement,Low Engagement
20,690.0,305000.0,14,6,6,1,0,0.3583543798591694,High Engagement,Low Engagement
15,267.0,15200000.0,17,3,8,1,1,0.6312722985629449,High Engagement,High Engagement
27,616.0,425000.0,18,0,11,0,0,0.20580693454215757,Low Engagement,Low Engagement
28,1125.0,4980000.0,15,1,4,1,1,0.591806343945191,High Engagement,High Engagement
22,10990.0,82300.0,10,3,11,1,0,0.20135339552071044,High Engagement,Low Engagement
20,363.0,19600000.0,6,4,6,0,1,0.7126537409429416,Low Engagement,High Engagement
28,947.0,16700000.0,15,5,8,1,1,0.765416856787096,High Engagement,High Engagement
25,919.0,557000.0,20,0,12,0,0,0.21542412893927212,Low Engagement,Low Engagement
22,683.0,6440000.0,20,0,7,1,1,0.7262965317960454,High Engagement,High Engagement
26,363.0,21300000.0,16,5,12,1,1,0.7719556352468984,High Engagement,High Engagement
15,249.0,14200000.0,18,1,3,1,1,0.5721169469393924,High Engagement,High Engagement
20,1671.0,21000000.0,19,5,10,0,1,0.6863229695468263,Low Engagement,High Engagement
20,510.0,86500.0,11,3,7,0,0,0.3398106297636418,Low Engagement,Low Engagement
22,321.0,738000.0,18,2,11,0,0,0.27553920530154213,Low Engagement,Low Engagement
22,1005.0,186000.0,9,5,8,1,0,0.33199890465472287,High Engagement,Low Engagement
26,1962.0,1370000.0,16,1,6,1,0,0.4022640681287399,High Engagement,Low Engagement
25,244.0,13800000.0,20,4,11,0,0,0.33238767940053127,Low Engagement,Low Engagement
15,319.0,114000.0,16,6,5,0,0,0.3126164648552818,Low Engagement,Low Engagement
23,1909.0,719000.0,17,3,3,1,1,0.5478851423293049,High Engagement,High Engagement
15,36324.0,811000.0,21,0,5,0,0,0.26814084841770613,Low Engagement,Low Engagement
27,1559.0,28800000.0,19,0,12,0,1,0.6587628043767663,Low Engagement,High Engagement
22,786.0,2820.0,1,0,12,0,0,0.3189602690939821,Low Engagement,Low Engagement
24,46.0,452000000.0,16,4,10,1,1,0.7969044055765243,High Engagement,High Engagement
17,454.0,5640.0,19,2,7,0,0,0.3288714844787868,Low Engagement,Low Engagement
22,447.0,77500.0,5,4,11,0,0,0.22910852698339487,Low Engagement,Low Engagement
28,390.0,1750000.0,14,5,7,0,0,0.4003068601396775,Low Engagement,Low Engagement
24,810.0,7960000.0,13,3,5,1,1,0.7839759979711581,High Engagement,High Engagement
24,550.0,23600000.0,16,3,7,1,1,0.8263133654162934,High Engagement,High Engagement
28,288.0,4330000.0,9,1,9,1,0,0.4755375914130413,High Engagement,Low Engagement
20,611.0,4210000.0,18,5,8,1,1,0.5638462086051661,High Engagement,High Engagement
17,1204.0,341000.0,18,6,7,0,0,0.3299851284820252,Low Engagement,Low Engagement
25,1305.0,295000.0,1,6,2,1,0,0.2693231942619083,High Engagement,Low Engagement
25,2781.0,9010000.0,22,4,3,0,0,0.4077826190784263,Low Engagement,Low Engagement
24,401.0,4880000.0,14,3,9,0,1,0.655511015047091,Low Engagement,High Engagement
1,308.0,877000.0,7,3,11,1,0,0.40455283145658394,High Engagement,Low Engagement
15,2074.0,1180000.0,19,0,8,0,0,0.24999283212477696,Low Engagement,Low Engagement
22,663.0,10200000.0,1,3,6,1,1,0.7613329444393584,High Engagement,High Engagement
23,775.0,12400000.0,20,0,4,0,1,0.7398515892851795,Low Engagement,High Engagement
23,473.0,411000.0,11,2,7,1,0,0.4375609642960243,High Engagement,Low Engagement
20,1238.0,439000.0,20,4,11,0,0,0.20715528531401736,Low Engagement,Low Engagement
28,485.0,7090000.0,12,3,3,1,1,0.5936353455954856,High Engagement,High Engagement
17,504.0,3500000.0,16,2,10,0,0,0.41714394517828907,Low Engagement,Low Engagement
23,1187.0,7150000.0,17,2,4,1,1,0.7571748653152629,High Engagement,High Engagement
23,543.0,13300000.0,12,1,8,1,1,0.6698006136710271,High Engagement,High Engagement
24,8570.0,4930000.0,22,0,12,0,0,0.49099889385499285,Low Engagement,Low Engagement
28,1790.0,1040000.0,20,2,3,0,0,0.3668238279796056,Low Engagement,Low Engagement
20,587.0,8320000.0,18,4,6,0,1,0.6936174439438638,Low Engagement,High Engagement
26,648.0,1890000.0,16,4,11,0,0,0.34545007923711984,Low Engagement,Low Engagement
25,788.0,6610000.0,22,1,2,0,0,0.28957432810904177,Low Engagement,Low Engagement
15,605.0,8270000.0,8,2,11,0,0,0.4043780385207223,Low Engagement,Low Engagement
10,1255.0,325000.0,21,0,4,1,0,0.42523047994694374,High Engagement,Low Engagement
25,791.0,19200000.0,2,1,5,0,0,0.4885246882217577,Low Engagement,Low Engagement
19,561.0,265000.0,13,0,1,0,0,0.23733780823003903,Low Engagement,Low Engagement
27,307.0,22200000.0,16,1,2,1,1,0.7450501008301263,High Engagement,High Engagement
22,1418.0,141000.0,14,5,12,1,0,0.28078639067583455,High Engagement,Low Engagement
15,1390.0,2480000.0,17,4,8,0,0,0.3458903719461235,Low Engagement,Low Engagement
24,854.0,62700000.0,12,5,10,1,1,0.79716461831703,High Engagement,High Engagement
17,6042.0,21300.0,18,6,2,0,0,0.32331615850866624,Low Engagement,Low Engagement
10,189.0,62700000.0,5,4,12,1,1,0.7458262680577414,High Engagement,High Engagement
15,321.0,289000.0,17,2,3,0,0,0.2773114701643047,Low Engagement,Low Engagement
22,1977.0,180000.0,13,4,11,0,0,0.17103161907912975,Low Engagement,Low Engagement
1,588.0,14200000.0,14,2,2,1,1,0.8231892318415542,High Engagement,High Engagement
26,1850.0,3130000.0,4,0,4,1,0,0.4452539294680375,High Engagement,Low Engagement
27,285.0,6610000.0,22,4,5,1,1,0.659261287114464,High Engagement,High Engagement
28,340.0,230000.0,15,0,10,0,0,0.3353174738328456,Low Engagement,Low Engagement
20,484.0,6950000.0,18,4,11,0,0,0.478742644794815,Low Engagement,Low Engagement
28,1200.0,16700000.0,17,5,1,1,1,0.7350119112471879,High Engagement,High Engagement
15,385.0,331000.0,23,1,2,1,0,0.2889401965848752,High Engagement,Low Engagement
24,594.0,21800000.0,15,4,10,1,1,0.8018149804847303,High Engagement,High Engagement
15,409.0,2740000.0,19,5,11,0,0,0.3925854470021482,Low Engagement,Low Engagement
15,1873.0,472000.0,4,5,10,0,0,0.21655688280110194,Low Engagement,Low Engagement
22,10990.0,120000.0,21,4,1,1,0,0.31680597050355014,High Engagement,Low Engagement
17,251.0,23600000.0,23,0,1,0,1,0.6077833437538148,Low Engagement,High Engagement
27,2458.0,3570000.0,1,4,6,1,1,0.5003159378092992,High Engagement,High Engagement
15,1118.0,4240000.0,15,4,4,1,0,0.4841490882389116,High Engagement,Low Engagement
27,927.0,4330.0,14,0,9,0,0,0.29004673463577,Low Engagement,Low Engagement
24,1023.0,19100000.0,19,2,11,1,1,0.5365907466829781,High Engagement,High Engagement
19,530.0,366000.0,19,2,7,0,0,0.23557361677901242,Low Engagement,Low Engagement
10,3558.0,7500.0,13,1,2,0,0,0.4396447739634521,Low Engagement,Low Engagement
26,1134.0,26900000.0,15,1,6,0,1,0.7662049242323276,Low Engagement,High Engagement
27,3351.0,189000.0,12,2,2,1,0,0.3176423908854247,High Engagement,Low Engagement
26,647.0,2440000.0,14,0,10,1,0,0.4429701696042509,High Engagement,Low Engagement
19,601.0,44700000.0,11,2,7,1,1,0.5919538537461813,High Engagement,High Engagement
23,602.0,912000.0,23,1,2,0,0,0.41845562812924836,Low Engagement,Low Engagement
26,956.0,138000.0,13,5,11,0,0,0.18570866951705547,Low Engagement,Low Engagement
27,748.0,1280000.0,11,1,4,0,0,0.4055009465415539,Low Engagement,Low Engagement
28,384.0,4330000.0,19,1,8,1,0,0.4756707984220848,High Engagement,Low Engagement
20,1252.0,24300000.0,20,3,11,1,1,0.5662944654676156,High Engagement,High Engagement
20,1167.0,3920000.0,10,2,11,0,0,0.31735296583262784,Low Engagement,Low Engagement
27,318.0,22200000.0,15,1,6,1,1,0.7616590902267855,High Engagement,High Engagement
22,566.0,739000.0,14,6,1,1,0,0.42094164306867093,High Engagement,Low Engagement
23,367.0,20600000.0,16,1,10,1,1,0.6719413426508379,High Engagement,High Engagement
27,993.0,5130000.0,20,0,8,0,1,0.5604154600281174,Low Engagement,High Engagement
17,2189.0,159000.0,16,2,12,0,0,0.2751498749428924,Low Engagement,Low Engagement
23,1154.0,2560000.0,20,6,8,0,1,0.5574399086008506,Low Engagement,High Engagement
27,252.0,6610000.0,16,0,12,1,1,0.7312817825008037,High Engagement,High Engagement
17,1890.0,698000.0,21,4,10,0,0,0.32331286472217885,Low Engagement,Low Engagement
26,1254.0,7700000.0,16,1,7,0,1,0.6499177749091981,Low Engagement,High Engagement
26,314.0,2690000.0,12,2,3,1,0,0.4772407762825131,High Engagement,Low Engagement
26,1087.0,4870000.0,14,4,4,1,1,0.6367861904170263,High Engagement,High Engagement
23,686.0,912000.0,20,2,12,1,0,0.3916039988050935,High Engagement,Low Engagement
26,800.0,9770000.0,13,0,7,1,1,0.7663741151109053,High Engagement,High Engagement
22,665.0,7300000.0,16,5,7,0,1,0.7366556219114093,Low Engagement,High Engagement
19,663.0,213000.0,15,5,7,0,0,0.23413520873870292,Low Engagement,Low Engagement
10,1294.0,971000.0,19,4,7,0,0,0.43876197811687717,Low Engagement,Low Engagement
28,901.0,26900000.0,20,2,10,0,1,0.73148287499609,Low Engagement,High Engagement
29,1654.0,3230.0,22,2,8,0,0,0.14476660609584627,Low Engagement,Low Engagement
24,263.0,32200000.0,18,0,10,1,1,0.7849664764438709,High Engagement,High Engagement
25,1044.0,3720000.0,14,0,12,1,0,0.2680668880496288,High Engagement,Low Engagement
1,1272.0,2150000.0,12,6,4,1,1,0.7049124851364845,High Engagement,High Engagement
22,487.0,645000.0,8,4,12,0,0,0.4017118284927336,Low Engagement,Low Engagement
15,1013.0,1300000.0,16,4,5,0,0,0.33308811739774774,Low Engagement,Low Engagement
23,1047.0,2040000.0,21,5,7,1,1,0.5534326339478778,High Engagement,High Engagement
23,966.0,5550000.0,20,6,2,1,1,0.7568672109116704,High Engagement,High Engagement
27,581.0,15300000.0,3,1,8,1,1,0.721848231495073,High Engagement,High Engagement
20,1101.0,502000.0,15,1,1,1,0,0.37146207890256105,High Engagement,Low Engagement
27,490.0,18900.0,12,5,1,0,0,0.3484582919091409,Low Engagement,Low Engagement
2,537.0,362000.0,0,4,7,1,0,0.35827413524790697,High Engagement,Low Engagement
20,893.0,3640000.0,20,6,3,0,0,0.4766162885973407,Low Engagement,Low Engagement
19,794.0,17000.0,23,2,12,0,0,0.1511529519457119,Low Engagement,Low Engagement
10,241.0,477000.0,20,2,1,1,1,0.5306540082460348,High Engagement,High Engagement
15,315.0,300000.0,13,5,10,1,0,0.28551258392053036,High Engagement,Low Engagement
2,1455.0,89200.0,10,4,11,0,0,0.21234524090204276,Low Engagement,Low Engagement
24,728.0,21800000.0,17,5,5,1,1,0.8350712283686669,High Engagement,High Engagement
20,1086.0,6750000.0,4,0,10,0,1,0.5939551232874425,Low Engagement,High Engagement
15,657.0,295000.0,15,5,11,0,0,0.18796506230013257,Low Engagement,Low Engagement
17,38.0,61700000.0,0,3,11,1,1,0.5795985835782991,High Engagement,High Engagement
28,706.0,16600000.0,20,6,2,1,1,0.7787288777616342,High Engagement,High Engagement
15,258.0,634000.0,21,4,5,0,0,0.3302157752579782,Low Engagement,Low Engagement
22,482.0,7400000.0,13,6,9,1,1,0.7053481670444905,High Engagement,High Engagement
27,788.0,534000.0,0,5,11,0,0,0.20827983733983152,Low Engagement,Low Engagement
17,430.0,13800000.0,16,6,10,1,1,0.63899462997862,High Engagement,High Engagement
29,584.0,4110000.0,13,6,11,0,0,0.23212501674273744,Low Engagement,Low Engagement
28,905.0,1210000.0,15,4,10,1,0,0.3650531147525202,High Engagement,Low Engagement
17,2728.0,40400.0,23,4,6,0,0,0.29660852109065106,Low Engagement,Low Engagement
28,707.0,1080000.0,11,1,7,1,0,0.3807314115284316,High Engagement,Low Engagement
27,642.0,15300000.0,0,3,11,1,1,0.5876917821239158,High Engagement,High Engagement
22,321.0,269000.0,16,4,9,1,0,0.3579513062628038,High Engagement,Low Engagement
22,902.0,8320000.0,5,4,9,1,1,0.7264352603143831,High Engagement,High Engagement
26,1232.0,4710000.0,19,4,10,0,1,0.5412099058802436,Low Engagement,High Engagement
23,644.0,1070000.0,14,5,10,0,0,0.4668141314823695,Low Engagement,Low Engagement
20,857.0,35400.0,4,1,4,0,0,0.3479831342101124,Low Engagement,Low Engagement
27,513.0,577000.0,2,6,7,0,0,0.3973071004332329,Low Engagement,Low Engagement
2,741.0,9220000.0,16,0,10,0,1,0.6805224277354037,Low Engagement,High Engagement
20,1940.0,889000.0,18,5,2,1,0,0.3900458660632896,High Engagement,Low Engagement
24,1612.0,80900000.0,13,0,12,1,1,0.6875575083641621,High Engagement,High Engagement
24,543.0,25900000.0,0,5,7,1,1,0.8089485058813959,High Engagement,High Engagement
27,352.0,5730000.0,14,0,6,0,1,0.6680130274772523,Low Engagement,High Engagement
20,874.0,4520000.0,20,2,10,0,0,0.4939463210449826,Low Engagement,Low Engagement
17,622.0,23900000.0,22,4,5,1,1,0.7470393171125769,High Engagement,High Engagement
28,426.0,26900000.0,16,3,7,0,1,0.7181711357159989,Low Engagement,High Engagement
19,8376.0,90700.0,12,3,3,1,0,0.2307130820069455,High Engagement,Low Engagement
27,718.0,961000.0,15,5,7,1,0,0.44415982276742066,High Engagement,Low Engagement
20,900.0,15000000.0,21,3,12,1,1,0.7437970379835819,High Engagement,High Engagement
24,5471.0,81300000.0,13,3,11,1,0,0.3726283190814646,High Engagement,Low Engagement
20,614.0,23700000.0,6,5,7,1,1,0.7624995201074704,High Engagement,High Engagement
26,331.0,104000.0,22,2,9,0,0,0.3498144197202211,Low Engagement,Low Engagement
17,845.0,7830000.0,0,0,10,1,1,0.6197201449906441,High Engagement,High Engagement
23,279.0,5190000.0,8,3,4,0,1,0.6490887158129885,Low Engagement,High Engagement
24,981.0,6610000.0,22,1,10,0,1,0.702270355567113,Low Engagement,High Engagement
23,3475.0,18500000.0,13,6,5,1,1,0.7720443037935195,High Engagement,High Engagement
24,602.0,4020000.0,11,5,5,0,0,0.4559625887065899,Low Engagement,Low Engagement
20,938.0,5700000.0,18,2,11,1,0,0.4627738416461949,High Engagement,Low Engagement
1,954.0,13400000.0,19,6,12,1,1,0.86433480173524,High Engagement,High Engagement
24,723.0,10600000.0,14,6,6,1,1,0.7926764418961648,High Engagement,High Engagement
23,999.0,7690000.0,20,5,7,1,1,0.7653922774677995,High Engagement,High Engagement
10,485.0,613000.0,17,3,1,1,0,0.4801449140673224,High Engagement,Low Engagement
28,604.0,3480000.0,15,3,7,0,0,0.4642907011166961,Low Engagement,Low Engagement
25,456.0,4440000.0,23,4,10,0,0,0.30961513056341233,Low Engagement,Low Engagement
15,4787.0,187000.0,16,5,7,0,0,0.22056340850649495,Low Engagement,Low Engagement
22,5680.0,90800.0,15,3,7,0,0,0.3218610046519038,Low Engagement,Low Engagement
19,299.0,605000.0,23,6,11,0,0,0.2483599417600143,Low Engagement,Low Engagement
27,647.0,16800000.0,20,3,6,1,1,0.7657116333610506,High Engagement,High Engagement
27,8842.0,4040000.0,3,0,5,1,0,0.47842513394684905,High Engagement,Low Engagement
28,651.0,7090000.0,13,1,5,1,1,0.578150386905719,High Engagement,High Engagement
20,19087.0,2590000.0,6,1,12,0,0,0.46133087464542644,Low Engagement,Low Engagement
27,717.0,744000.0,10,0,12,0,0,0.32516624763298746,Low Engagement,Low Engagement
24,5746.0,5070000.0,1,3,11,1,0,0.3419933738031305,High Engagement,Low Engagement
22,1630.0,37900.0,22,4,11,0,0,0.16141083425679048,Low Engagement,Low Engagement
20,1020.0,2400000.0,19,2,4,1,0,0.42911693852771804,High Engagement,Low Engagement
28,1661.0,9940.0,6,5,11,0,0,0.14548520769816206,Low Engagement,Low Engagement
24,783.0,10100000.0,23,3,9,1,1,0.7689826258381726,High Engagement,High Engagement
25,467.0,14600000.0,20,6,11,0,0,0.28691841965993253,Low Engagement,Low Engagement
20,994.0,13900000.0,1,2,9,1,1,0.694329948456598,High Engagement,High Engagement
23,512.0,9100000.0,13,4,9,0,1,0.6963070178267503,Low Engagement,High Engagement
17,41.0,61700000.0,20,1,10,1,1,0.7110708125519413,High Engagement,High Engagement
24,1167.0,21800000.0,14,2,7,1,1,0.7603480990281385,High Engagement,High Engagement
20,1026.0,5260000.0,23,1,11,0,0,0.44790844786327777,Low Engagement,Low Engagement
28,546.0,4060000.0,20,3,12,0,0,0.440903146867597,Low Engagement,Low Engagement
24,2161.0,9900000.0,23,0,9,0,1,0.6365691641668938,Low Engagement,High Engagement
24,1958.0,14900.0,17,3,5,0,0,0.2826155451072219,Low Engagement,Low Engagement
24,781.0,2560000.0,2,4,5,1,1,0.5046752014676605,High Engagement,High Engagement
24,885.0,19400000.0,11,4,11,1,1,0.5481934679139552,High Engagement,High Engagement
28,1254.0,22000000.0,12,2,10,1,1,0.6741987732004472,High Engagement,High Engagement
23,621.0,606000.0,17,0,11,1,0,0.3011970976494167,High Engagement,Low Engagement
15,3179.0,90300.0,9,3,4,0,0,0.22627442732324302,Low Engagement,Low Engagement
17,748.0,23600000.0,19,5,4,0,1,0.6928444053831752,Low Engagement,High Engagement
10,4487.0,212000.0,18,4,2,0,0,0.4224948652203363,Low Engagement,Low Engagement
17,5132.0,15400000.0,11,3,8,1,1,0.5844877691990056,High Engagement,High Engagement
27,2527.0,268000.0,0,3,1,0,0,0.3139500106171532,Low Engagement,Low Engagement
20,940.0,162000.0,17,1,7,0,0,0.3311721878685191,Low Engagement,Low Engagement
29,367.0,995000.0,1,4,6,0,0,0.26672712011198435,Low Engagement,Low Engagement
27,2758.0,5780000.0,21,5,4,0,1,0.6565614795969551,Low Engagement,High Engagement
23,961.0,5530000.0,16,6,6,1,1,0.7538021264008286,High Engagement,High Engagement
27,402.0,1290000.0,1,0,3,0,0,0.42920941097687576,Low Engagement,Low Engagement
20,903.0,459000.0,20,4,8,0,0,0.36461781598673376,Low Engagement,Low Engagement
19,1402.0,17900.0,19,0,3,0,0,0.2038159240665422,Low Engagement,Low Engagement
24,501.0,707000.0,2,5,10,1,0,0.3904118640286712,High Engagement,Low Engagement
27,487.0,305000.0,6,6,7,1,0,0.34473558368496554,High Engagement,Low Engagement
20,970.0,708000.0,9,5,12,0,0,0.36682957804086075,Low Engagement,Low Engagement
2,1498.0,3320000.0,12,3,5,1,0,0.45962349946982567,High Engagement,Low Engagement
10,327.0,92200.0,13,6,9,1,1,0.5182316268199069,High Engagement,High Engagement
22,382.0,149000.0,11,0,8,0,0,0.35153460565536526,Low Engagement,Low Engagement
24,979.0,2560000.0,19,5,4,1,1,0.5021419495059525,High Engagement,High Engagement
24,329.0,4710000.0,6,2,4,1,1,0.6644536084837616,High Engagement,High Engagement
24,251.0,5230.0,5,4,5,0,0,0.3567819459516093,Low Engagement,Low Engagement
19,658.0,2020000.0,18,6,10,0,0,0.35580049016233445,Low Engagement,Low Engagement
27,402.0,45400.0,5,4,12,0,0,0.3352418870825343,Low Engagement,Low Engagement
26,518.0,44700000.0,17,2,10,1,1,0.7417606927556423,High Engagement,High Engagement
26,3065.0,908000.0,20,4,4,0,0,0.36213024508863767,Low Engagement,Low Engagement
17,490.0,13800000.0,15,6,7,1,1,0.6577464512315049,High Engagement,High Engagement
25,426.0,1790000.0,14,6,9,0,0,0.3096586267617475,Low Engagement,Low Engagement
15,1936.0,14200000.0,12,3,4,1,1,0.5699225893678979,High Engagement,High Engagement
17,42.0,61700000.0,21,2,6,1,1,0.7154756480825641,High Engagement,High Engagement
28,849.0,16800000.0,23,0,2,1,1,0.7287788341940477,High Engagement,High Engagement
20,541.0,237000.0,10,4,2,0,0,0.33844254918333383,Low Engagement,Low Engagement
28,1140.0,22000000.0,13,5,3,1,1,0.7539990482203086,High Engagement,High Engagement
17,404.0,14200000.0,22,1,9,0,1,0.5883148249455803,Low Engagement,High Engagement
26,1084.0,324000.0,16,5,11,0,0,0.20063953706323367,Low Engagement,Low Engagement
19,1513.0,747000.0,13,4,8,0,0,0.24712711493530104,Low Engagement,Low Engagement
28,325.0,24700000.0,22,2,10,1,1,0.6976402457987758,High Engagement,High Engagement
20,555.0,15300000.0,18,0,8,1,1,0.7428593818981917,High Engagement,High Engagement
10,2733.0,25100000.0,10,3,8,0,1,0.6754563439373433,Low Engagement,High Engagement
15,2874.0,1880000.0,17,1,5,0,0,0.2819101643200737,Low Engagement,Low Engagement
17,432.0,14200000.0,18,4,5,0,1,0.6084285347748676,Low Engagement,High Engagement
15,287.0,114000.0,17,6,12,0,0,0.3176046176265853,Low Engagement,Low Engagement
28,585.0,4020000.0,15,5,6,1,0,0.4737631149301402,High Engagement,Low Engagement
29,13388.0,751000.0,22,3,7,0,0,0.21793739390130612,Low Engagement,Low Engagement
24,2465.0,4210000.0,15,2,11,1,0,0.33725388412120844,High Engagement,Low Engagement
24,698.0,40100000.0,12,1,8,1,1,0.8000131666044709,High Engagement,High Engagement
23,245.0,3410000.0,22,4,5,0,1,0.5972497632031163,Low Engagement,High Engagement
20,482.0,264000.0,15,2,12,1,0,0.3479662983052562,High Engagement,Low Engagement
17,429.0,5340000.0,17,4,1,1,1,0.5278176178517565,High Engagement,High Engagement
1,680.0,14900000.0,18,0,7,1,1,0.8600897648349632,High Engagement,High Engagement
22,5664.0,437000.0,20,3,10,0,0,0.30232127142837767,Low Engagement,Low Engagement
20,556.0,226000.0,13,0,11,0,0,0.22352116172790298,Low Engagement,Low Engagement
28,859.0,15400000.0,21,3,2,1,1,0.7479347083211167,High Engagement,High Engagement
28,246.0,1210000.0,14,2,4,0,0,0.3550846012730839,Low Engagement,Low Engagement
20,775.0,963000.0,15,4,2,0,0,0.4215592482707623,Low Engagement,Low Engagement
1,408.0,1350000.0,12,6,8,1,1,0.7120420355931084,High Engagement,High Engagement
27,3048.0,6050000.0,20,0,1,0,1,0.6347201786857635,Low Engagement,High Engagement
23,604.0,5530000.0,22,4,8,1,1,0.683457030703258,High Engagement,High Engagement
20,711.0,19600000.0,21,3,7,1,1,0.7524953811833434,High Engagement,High Engagement
20,2550.0,313000.0,19,6,10,0,0,0.28757809837689696,Low Engagement,Low Engagement
17,397.0,14200000.0,23,3,11,0,1,0.5221992747703021,Low Engagement,High Engagement
2,1047.0,1800000.0,12,1,8,0,0,0.4228194016078086,Low Engagement,Low Engagement
24,599.0,10600000.0,21,4,2,1,1,0.7958901279065236,High Engagement,High Engagement
22,2561.0,362000.0,6,3,1,0,0,0.33136996427730664,Low Engagement,Low Engagement
25,1535.0,3130000.0,22,0,11,0,0,0.2398156007663961,Low Engagement,Low Engagement
23,858.0,346000.0,23,4,10,0,0,0.4129932258232447,Low Engagement,Low Engagement
20,728.0,6630000.0,18,5,9,0,1,0.6773530856496891,Low Engagement,High Engagement
27,1183.0,126000.0,11,4,7,0,0,0.32502264613373444,Low Engagement,Low Engagement
17,250.0,3610000.0,17,3,1,0,0,0.4600480047893536,Low Engagement,Low Engagement
10,887.0,121000.0,4,1,6,1,0,0.4508262478530107,High Engagement,Low Engagement
26,291.0,639000.0,19,0,7,0,0,0.37973285979848453,Low Engagement,Low Engagement
24,274.0,135000.0,18,1,5,0,0,0.36827749519405467,Low Engagement,Low Engagement
24,574.0,24900000.0,16,6,3,1,1,0.8602363728324572,High Engagement,High Engagement
28,834.0,22000000.0,11,6,6,1,1,0.7511558295272323,High Engagement,High Engagement
22,737.0,5340000.0,19,3,12,0,1,0.664448150613568,Low Engagement,High Engagement
22,1493.0,92300.0,16,5,11,0,0,0.1593050182794173,Low Engagement,Low Engagement
23,281.0,1830000.0,17,4,3,1,1,0.5787972398539971,High Engagement,High Engagement
10,824.0,3060000.0,4,2,8,0,0,0.436481163133956,Low Engagement,Low Engagement
27,3785.0,4050000.0,2,4,2,0,0,0.49596085928386124,Low Engagement,Low Engagement
28,1495.0,7090000.0,14,3,8,1,1,0.5051902134307001,High Engagement,High Engagement
24,434.0,611000.0,16,6,10,1,0,0.41766764094441405,High Engagement,Low Engagement
17,553.0,5680000.0,2,1,12,1,1,0.5800817606917874,High Engagement,High Engagement
26,328.0,2820000.0,16,3,1,0,0,0.4515839817335519,Low Engagement,Low Engagement
28,702.0,92400.0,18,2,10,0,0,0.3156712467617507,Low Engagement,Low Engagement
22,440.0,315000.0,15,4,5,0,0,0.35357299144243964,Low Engagement,Low Engagement
26,851.0,47400.0,0,6,11,0,0,0.19611490220790814,Low Engagement,Low Engagement
17,2306.0,618000.0,18,3,4,0,0,0.3497594623107907,Low Engagement,Low Engagement
25,1033.0,9260000.0,13,0,4,1,0,0.4259938294372617,High Engagement,Low Engagement
20,1057.0,4840000.0,17,0,4,0,1,0.6032453991159896,Low Engagement,High Engagement
24,517.0,4320000.0,19,3,4,1,1,0.5986305381260215,High Engagement,High Engagement
17,685.0,1090000.0,15,3,6,1,0,0.41737286711283506,High Engagement,Low Engagement
17,309.0,14000000.0,18,2,7,1,1,0.5783586640661659,High Engagement,High Engagement
27,399.0,2300000.0,13,0,2,0,0,0.41302758978955323,Low Engagement,Low Engagement
19,1394.0,80700.0,9,5,4,0,0,0.2421546307727674,Low Engagement,Low Engagement
24,673.0,37100000.0,14,5,9,0,1,0.7408233738149672,Low Engagement,High Engagement
10,225.0,62700000.0,4,4,8,1,1,0.7656593661558561,High Engagement,High Engagement
28,911.0,535000.0,16,3,3,1,0,0.3678399847085741,High Engagement,Low Engagement
24,3574.0,2010000.0,0,2,10,1,0,0.4474878384430347,High Engagement,Low Engagement
27,708.0,1500000.0,13,1,5,0,0,0.40101833184559676,Low Engagement,Low Engagement
20,1153.0,6750000.0,7,4,2,0,1,0.6384584281920624,Low Engagement,High Engagement
20,971.0,4700000.0,16,6,11,0,0,0.40610331911242825,Low Engagement,Low Engagement
26,480.0,14200000.0,1,3,10,1,1,0.7401678918554332,High Engagement,High Engagement
22,1207.0,240000.0,23,2,3,1,0,0.30066201624109967,High Engagement,Low Engagement
27,60.0,97900000.0,7,0,11,0,0,0.39580880816268826,Low Engagement,Low Engagement
20,2231.0,2960000.0,21,2,11,0,0,0.3220882658480709,Low Engagement,Low Engagement
26,438.0,1240000.0,3,0,11,1,0,0.25561328517687754,High Engagement,Low Engagement
20,1151.0,23700000.0,3,4,2,1,1,0.7473796294701369,High Engagement,High Engagement
28,566.0,3690000.0,14,0,3,1,0,0.4383223266447239,High Engagement,Low Engagement
2,605.0,1100000.0,11,0,8,1,0,0.40683111558873347,High Engagement,Low Engagement
23,563.0,20600000.0,17,5,3,1,1,0.7385970986429181,High Engagement,High Engagement
24,1248.0,4800000.0,17,0,12,0,1,0.5707066237464847,Low Engagement,High Engagement
20,907.0,25200000.0,16,1,7,1,1,0.7395259115443568,High Engagement,High Engagement
15,4048.0,4930.0,3,3,3,0,0,0.203844489024114,Low Engagement,Low Engagement
28,312.0,156000.0,14,3,9,0,0,0.3231940801698631,Low Engagement,Low Engagement
23,577.0,9100000.0,18,3,9,1,1,0.7362613505867214,High Engagement,High Engagement
28,1354.0,383000.0,20,5,11,0,0,0.19724079517357482,Low Engagement,Low Engagement
23,1511.0,4040000.0,9,1,3,1,1,0.6984959041885901,High Engagement,High Engagement
22,512.0,49400.0,14,6,10,0,0,0.33808408409101387,Low Engagement,Low Engagement
23,1518.0,36100000.0,15,4,3,1,1,0.7718985301851163,High Engagement,High Engagement
17,45.0,61700000.0,19,2,12,1,1,0.7071042772918108,High Engagement,High Engagement
17,445.0,5340000.0,15,4,7,0,1,0.5191099756929572,Low Engagement,High Engagement
22,471.0,129000.0,17,1,12,0,0,0.3324505057423663,Low Engagement,Low Engagement
24,490.0,60900000.0,2,0,11,0,0,0.49083149873952314,Low Engagement,Low Engagement
20,1071.0,29200000.0,18,5,3,1,1,0.7902492906925371,High Engagement,High Engagement
20,281.0,12400.0,18,6,9,0,0,0.35515197196739673,Low Engagement,Low Engagement
24,1788.0,21800000.0,15,5,3,1,1,0.8032711030662947,High Engagement,High Engagement
22,515.0,471000.0,22,4,6,0,0,0.3840354133996712,Low Engagement,Low Engagement
17,1033.0,23900000.0,22,4,11,1,1,0.6314980245417339,High Engagement,High Engagement
25,1142.0,572000.0,22,4,3,0,0,0.3142765223090723,Low Engagement,Low Engagement
24,367.0,110000000.0,21,3,1,1,1,0.7863116167709469,High Engagement,High Engagement
22,1185.0,174000.0,13,6,12,0,0,0.3415836070574712,Low Engagement,Low Engagement
15,523.0,141000.0,21,5,12,0,0,0.277425390494927,Low Engagement,Low Engagement
24,1058.0,301000.0,17,3,11,0,0,0.22635711290631952,Low Engagement,Low Engagement
23,1043.0,4790000.0,19,2,9,1,1,0.7241202257622499,High Engagement,High Engagement
26,373.0,1240000.0,14,0,3,1,0,0.43495196489112997,High Engagement,Low Engagement
23,354.0,12400000.0,14,2,6,1,1,0.6430596704454625,High Engagement,High Engagement
28,1693.0,1060000.0,19,0,5,0,0,0.35994862532914773,Low Engagement,Low Engagement
24,536.0,16700000.0,16,5,3,1,1,0.845500180952392,High Engagement,High Engagement
23,1838.0,7150000.0,17,2,5,1,1,0.7651509158452582,High Engagement,High Engagement
27,607.0,4640000.0,11,0,6,1,1,0.602937663164382,High Engagement,High Engagement
17,904.0,21800000.0,23,3,4,0,1,0.659180913210582,Low Engagement,High Engagement
10,838.0,2030000.0,5,2,6,0,0,0.4600894163042261,Low Engagement,Low Engagement
23,269.0,5190000.0,8,1,6,0,1,0.6354547940997097,Low Engagement,High Engagement
19,740.0,396000.0,13,3,4,0,0,0.24495105388632535,Low Engagement,Low Engagement
24,754.0,36300000.0,18,2,7,1,1,0.8052098307896463,High Engagement,High Engagement
20,627.0,2400000.0,19,6,10,0,0,0.43015373520792216,Low Engagement,Low Engagement
20,1324.0,856000.0,14,1,8,1,0,0.34348422015930463,High Engagement,Low Engagement
22,570.0,1060000.0,10,1,12,0,0,0.3837338685399712,Low Engagement,Low Engagement
19,504.0,1990000.0,23,1,6,0,0,0.3612796537514328,Low Engagement,Low Engagement
22,559.0,5520000.0,22,4,7,1,1,0.6976662866503296,High Engagement,High Engagement
20,2558.0,19300000.0,19,5,11,0,1,0.502196208090759,Low Engagement,High Engagement
20,832.0,257000.0,14,6,9,0,0,0.33623691119991483,Low Engagement,Low Engagement
26,1319.0,172000.0,11,5,4,0,0,0.30556134151263276,Low Engagement,Low Engagement
28,370.0,3020000.0,17,1,12,1,0,0.4211769430992751,High Engagement,Low Engagement
23,2870.0,35300000.0,14,6,6,1,1,0.7717622245327097,High Engagement,High Engagement
20,2720.0,554000.0,14,6,11,1,0,0.18156357658341007,High Engagement,Low Engagement
27,716.0,4860000.0,16,1,4,1,1,0.6305248923341584,High Engagement,High Engagement
10,282.0,2280000.0,22,1,11,1,0,0.47968149517502023,High Engagement,Low Engagement
15,508.0,70000.0,11,2,11,0,0,0.21590525348670037,Low Engagement,Low Engagement
27,733.0,4860000.0,15,1,11,1,1,0.5210559734076635,High Engagement,High Engagement
17,340.0,26600000.0,19,3,12,1,1,0.636221128356679,High Engagement,High Engagement
19,7457.0,11900.0,9,4,12,0,0,0.14357601105941106,Low Engagement,Low Engagement
28,717.0,22000000.0,14,3,2,1,1,0.6882877831478827,High Engagement,High Engagement
15,268.0,1960000.0,18,3,10,1,0,0.42914495536050246,High Engagement,Low Engagement
1,778.0,354000.0,4,3,11,1,0,0.26935072983631797,High Engagement,Low Engagement
22,975.0,2410000.0,14,5,6,0,0,0.4644721232150399,Low Engagement,Low Engagement
22,762.0,1370000.0,14,3,1,1,0,0.45358731792079604,High Engagement,Low Engagement
17,458.0,5350000.0,14,4,12,0,1,0.5468019045880546,Low Engagement,High Engagement
22,8811.0,286000.0,18,3,11,0,0,0.18519462668787798,Low Engagement,Low Engagement
15,277.0,1260000.0,20,3,4,0,0,0.37403533642976894,Low Engagement,Low Engagement
25,1470.0,728000.0,16,3,2,1,0,0.3027937178168326,High Engagement,Low Engagement
22,620.0,8010000.0,11,5,7,1,1,0.7072018055116193,High Engagement,High Engagement
17,918.0,23900000.0,21,4,11,1,1,0.6090691426872745,High Engagement,High Engagement
22,1084.0,412000.0,13,2,4,0,0,0.3536845114043767,Low Engagement,Low Engagement
20,475.0,595000.0,20,4,12,0,0,0.3876112608440702,Low Engagement,Low Engagement
28,329.0,1290000.0,17,4,11,0,0,0.2803214135159987,Low Engagement,Low Engagement
17,9041.0,621000.0,18,3,11,1,0,0.23219921908726998,High Engagement,Low Engagement
27,1118.0,14500000.0,14,6,7,0,1,0.7473215202045538,Low Engagement,High Engagement
28,522.0,1210000.0,13,6,3,0,0,0.3962822666235652,Low Engagement,Low Engagement
1,673.0,1090000.0,10,1,8,1,1,0.712301740445203,High Engagement,High Engagement
19,1560.0,1990000.0,20,2,5,1,0,0.4507173371703522,High Engagement,Low Engagement
20,1130.0,1250000.0,20,1,3,0,0,0.4250504072981567,Low Engagement,Low Engagement
24,1254.0,21800000.0,14,6,9,1,1,0.7300931889558411,High Engagement,High Engagement
15,579.0,538000.0,14,0,7,1,0,0.29430031048138705,High Engagement,Low Engagement
15,574.0,191000.0,22,2,11,0,0,0.2053153816567645,Low Engagement,Low Engagement
24,1156.0,10400000.0,15,2,2,1,1,0.7686805165893293,High Engagement,High Engagement
2,1135.0,10900000.0,5,0,8,1,1,0.6988203093238091,High Engagement,High Engagement
20,1072.0,19600000.0,18,1,12,1,1,0.7537656331007169,High Engagement,High Engagement
25,1368.0,2400000.0,12,0,12,0,0,0.25484945042564483,Low Engagement,Low Engagement
17,542.0,24500000.0,17,1,2,1,1,0.633878791618371,High Engagement,High Engagement
15,466.0,1580000.0,0,1,11,0,0,0.2621347210495571,Low Engagement,Low Engagement
26,432.0,1240000.0,6,4,8,1,0,0.4213249582566209,High Engagement,Low Engagement
28,937.0,7090000.0,12,0,7,1,1,0.5864314153428607,High Engagement,High Engagement
23,2732.0,2050000.0,21,3,5,1,1,0.691963351488244,High Engagement,High Engagement
24,1811.0,2640000.0,8,5,11,0,0,0.30390923473810244,Low Engagement,Low Engagement
24,18.0,66200000.0,17,5,11,0,0,0.4516137719404364,Low Engagement,Low Engagement
26,697.0,2580000.0,17,4,11,0,0,0.3859431390552626,Low Engagement,Low Engagement
10,784.0,3060000.0,6,1,2,0,0,0.4464000442871937,Low Engagement,Low Engagement
25,1228.0,2820000.0,17,1,11,0,0,0.2508503227979677,Low Engagement,Low Engagement
17,1212.0,10100000.0,11,0,12,0,1,0.5076709915843259,Low Engagement,High Engagement
24,649.0,37100000.0,14,6,7,0,1,0.7591748264176799,Low Engagement,High Engagement
28,957.0,15400000.0,21,3,1,1,1,0.7449640798506552,High Engagement,High Engagement
27,544.0,4050000.0,2,1,3,1,0,0.46232243770728654,High Engagement,Low Engagement
22,950.0,1090000.0,17,4,12,0,0,0.40850395462829475,Low Engagement,Low Engagement
26,995.0,1070000.0,8,5,3,0,0,0.444882174986218,Low Engagement,Low Engagement
17,577.0,888000.0,5,5,11,0,0,0.26680829756680247,Low Engagement,Low Engagement
10,475.0,3800000.0,17,0,8,1,0,0.47605189721991686,High Engagement,Low Engagement
15,2232.0,714000.0,16,3,11,0,0,0.1785250291869647,Low Engagement,Low Engagement
20,734.0,361000.0,22,4,11,0,0,0.21443432804819235,Low Engagement,Low Engagement
27,252.0,98000000.0,2,3,8,1,1,0.7400088998338373,High Engagement,High Engagement
22,991.0,26300000.0,0,1,7,1,1,0.7642359448922608,High Engagement,High Engagement
26,604.0,1010000.0,16,5,3,0,0,0.4407144189961118,Low Engagement,Low Engagement
23,468.0,96300.0,5,1,11,0,0,0.2715704843433121,Low Engagement,Low Engagement
28,874.0,15400000.0,20,3,8,1,1,0.7670440568915396,High Engagement,High Engagement
23,447.0,2790000.0,18,3,5,1,1,0.6080523743074422,High Engagement,High Engagement
26,305.0,270000.0,18,6,7,1,0,0.36983047748481773,High Engagement,Low Engagement
17,800.0,23900000.0,22,4,3,1,1,0.7527366574513696,High Engagement,High Engagement
17,1280.0,1710000.0,17,4,7,1,0,0.38825340623925103,High Engagement,Low Engagement
28,17141.0,12500000.0,10,4,4,0,1,0.6336027384296287,Low Engagement,High Engagement
27,248.0,22200000.0,15,3,9,1,1,0.7512020663451021,High Engagement,High Engagement
24,573.0,8590000.0,19,4,4,1,1,0.8049866136713757,High Engagement,High Engagement
15,599.0,16500.0,9,2,3,1,0,0.3018699344287449,High Engagement,Low Engagement
23,1173.0,13300000.0,13,5,5,1,1,0.7143532208145446,High Engagement,High Engagement
20,939.0,1080000.0,10,5,10,0,0,0.37891285167740135,Low Engagement,Low Engagement
26,881.0,6120000.0,17,0,5,0,1,0.6669779477982006,Low Engagement,High Engagement
19,1568.0,2200000.0,11,5,8,1,0,0.3998997367992457,High Engagement,Low Engagement
29,2751.0,9030000.0,6,2,1,0,0,0.2905323068562975,Low Engagement,Low Engagement
26,634.0,14200000.0,18,6,11,1,1,0.6306932676318935,High Engagement,High Engagement
27,327.0,7000000.0,13,4,1,1,1,0.6917794751658544,High Engagement,High Engagement
27,471.0,441000.0,11,0,7,1,0,0.3413755080474706,High Engagement,Low Engagement
22,648.0,10100000.0,20,3,7,1,1,0.7679922324396257,High Engagement,High Engagement
27,1229.0,653000.0,16,4,11,0,0,0.18690717713209062,Low Engagement,Low Engagement
29,7615.0,543000.0,18,4,7,0,0,0.2024222610159401,Low Engagement,Low Engagement
27,881.0,1910000.0,21,2,11,0,0,0.333974783460111,Low Engagement,Low Engagement
24,737.0,6610000.0,21,1,10,0,1,0.7227684936420051,Low Engagement,High Engagement
23,373.0,7220000.0,2,0,1,1,1,0.6917654420427772,High Engagement,High Engagement
24,788.0,16900000.0,16,4,6,1,1,0.8244132605630757,High Engagement,High Engagement
20,1925.0,2010000.0,4,0,9,1,0,0.43982759649940095,High Engagement,Low Engagement
29,915.0,43900000.0,16,3,9,0,0,0.32176787895344344,Low Engagement,Low Engagement
28,1059.0,16600000.0,18,3,7,1,1,0.7590931245996654,High Engagement,High Engagement
27,600.0,19200.0,12,5,6,0,0,0.3221276556602588,Low Engagement,Low Engagement
26,730.0,1640000.0,16,5,2,1,0,0.44281518593964014,High Engagement,Low Engagement
20,621.0,52200000.0,17,5,9,1,1,0.7695402648255051,High Engagement,High Engagement
15,666.0,1960000.0,12,2,4,1,0,0.3787715733333269,High Engagement,Low Engagement
20,731.0,3640000.0,20,2,1,0,0,0.4691461525619411,Low Engagement,Low Engagement
2,850.0,912000.0,19,3,5,1,0,0.40532611033631794,High Engagement,Low Engagement
1,731.0,108000000.0,11,3,11,0,0,0.33717037666495797,Low Engagement,Low Engagement
23,438.0,12400000.0,16,0,7,1,1,0.6932894405285548,High Engagement,High Engagement
24,1443.0,64200.0,15,4,10,0,0,0.2885392035084904,Low Engagement,Low Engagement
22,312.0,4870000.0,4,1,4,0,1,0.5666134935900808,Low Engagement,High Engagement
28,357.0,3020000.0,13,1,9,1,0,0.43759852299167157,High Engagement,Low Engagement
27,331.0,5330.0,15,3,8,0,0,0.34039122829909574,Low Engagement,Low Engagement
27,805.0,3390000.0,11,6,8,1,0,0.4461218188436184,High Engagement,Low Engagement
27,284.0,22200000.0,15,1,9,1,1,0.7504578904599387,High Engagement,High Engagement
17,2992.0,477000.0,14,4,7,0,0,0.3400810070125361,Low Engagement,Low Engagement
26,882.0,1180000.0,16,5,6,0,0,0.4180009590910789,Low Engagement,Low Engagement
27,460.0,7880000.0,14,3,6,1,1,0.7212551799590307,High Engagement,High Engagement
24,1049.0,90900.0,20,3,2,0,0,0.31963147320418994,Low Engagement,Low Engagement
20,4501.0,876000.0,17,4,9,0,0,0.3470615191033831,Low Engagement,Low Engagement
19,3765.0,281000.0,11,6,4,0,0,0.2610334595055788,Low Engagement,Low Engagement
23,609.0,949000.0,17,1,9,0,0,0.3607818212819485,Low Engagement,Low Engagement
24,1168.0,837000.0,22,2,11,1,0,0.2505375226501436,High Engagement,Low Engagement
1,650.0,42400000.0,6,3,6,1,1,0.8353792140885958,High Engagement,High Engagement
15,534.0,2740000.0,16,6,6,0,0,0.4472674519241111,Low Engagement,Low Engagement
27,884.0,4860000.0,19,2,8,1,1,0.5828455141107683,High Engagement,High Engagement
19,1788.0,105000.0,1,6,1,0,0,0.21104419013198003,Low Engagement,Low Engagement
20,636.0,1400000.0,18,0,7,0,0,0.4217223740192065,Low Engagement,Low Engagement
22,3415.0,6180000.0,17,5,6,0,1,0.5991372383330492,Low Engagement,High Engagement
24,691.0,5820000.0,17,5,11,1,1,0.6154244537939016,High Engagement,High Engagement
28,4049.0,575000.0,22,0,12,0,0,0.2783663122090643,Low Engagement,Low Engagement
24,604.0,31100000.0,10,4,10,1,1,0.7663499343646701,High Engagement,High Engagement
2,2045.0,21100.0,19,0,1,0,0,0.3022904143075512,Low Engagement,Low Engagement
27,745.0,9230000.0,11,3,2,0,1,0.6970744553782249,Low Engagement,High Engagement
24,2592.0,1930000.0,19,5,11,0,0,0.2897978240231048,Low Engagement,Low Engagement
15,823.0,3050000.0,12,4,5,1,1,0.5044947766851077,High Engagement,High Engagement
29,645.0,43900000.0,16,1,9,0,0,0.2901200013021036,Low Engagement,Low Engagement
27,712.0,3390000.0,12,2,7,1,0,0.45108909062040925,High Engagement,Low Engagement
26,692.0,367000.0,0,1,9,0,0,0.3482194747560268,Low Engagement,Low Engagement
28,725.0,16700000.0,17,2,6,0,1,0.7368600898290761,Low Engagement,High Engagement
15,3386.0,1880000.0,0,1,1,0,0,0.2827441870809359,Low Engagement,Low Engagement
28,506.0,1000000.0,14,4,2,0,0,0.3639691182574485,Low Engagement,Low Engagement
28,496.0,753000.0,17,4,1,0,0,0.36762389463914197,Low Engagement,Low Engagement
29,3717.0,2950000.0,19,6,8,0,0,0.22417687631314398,Low Engagement,Low Engagement
15,3370.0,3100.0,21,1,6,0,0,0.18739480633455163,Low Engagement,Low Engagement
10,299.0,8150.0,6,6,9,0,1,0.5141116207087928,Low Engagement,High Engagement
23,283.0,1830000.0,22,2,1,0,1,0.5484704807994323,Low Engagement,High Engagement
22,1597.0,363000.0,14,2,10,0,0,0.27676559882469925,Low Engagement,Low Engagement
22,1345.0,15000.0,14,5,7,0,0,0.28258458252873425,Low Engagement,Low Engagement
27,1068.0,4640000.0,14,1,3,1,1,0.6228174853754932,High Engagement,High Engagement
26,373.0,10400000.0,15,6,7,1,1,0.7875246682789513,High Engagement,High Engagement
29,6451.0,839000.0,22,2,3,0,0,0.21502858754853643,Low Engagement,Low Engagement
28,1086.0,22000000.0,12,3,7,1,1,0.7489844612182452,High Engagement,High Engagement
1,801.0,13400000.0,19,3,8,1,1,0.8568156495691002,High Engagement,High Engagement
25,386.0,19200000.0,9,4,3,0,0,0.4308025491985119,Low Engagement,Low Engagement
20,269.0,16000000.0,15,0,10,1,1,0.7227566307579206,High Engagement,High Engagement
15,10800.0,123000.0,23,2,12,1,0,0.18319042684890732,High Engagement,Low Engagement
29,478.0,2410000.0,11,3,8,0,0,0.2391597141444953,Low Engagement,Low Engagement
2,816.0,10700000.0,8,5,6,1,1,0.711579911128461,High Engagement,High Engagement
25,1113.0,5580000.0,20,5,8,0,0,0.40383364092008817,Low Engagement,Low Engagement
20,741.0,19100.0,4,6,11,0,0,0.2071321829994296,Low Engagement,Low Engagement
24,4595.0,980000.0,17,5,10,0,0,0.35108523550475873,Low Engagement,Low Engagement
20,1032.0,2590000.0,18,6,2,1,0,0.46714209861188444,High Engagement,Low Engagement
24,50.0,66200000.0,18,2,11,0,0,0.33993684579296596,Low Engagement,Low Engagement
24,788.0,2450000.0,16,5,6,1,1,0.5232662105135417,High Engagement,High Engagement
23,1616.0,1300000.0,17,2,6,1,1,0.6107293872092058,High Engagement,High Engagement
26,735.0,14200000.0,19,3,5,1,1,0.7487917225546207,High Engagement,High Engagement
28,1644.0,16700000.0,17,5,12,1,1,0.7113752853496158,High Engagement,High Engagement
15,2180.0,102000.0,14,6,12,0,0,0.18794770417194634,Low Engagement,Low Engagement
23,1011.0,544000.0,15,5,6,1,1,0.5005361611588155,High Engagement,High Engagement
22,637.0,12600000.0,18,5,2,1,1,0.7713257666162625,High Engagement,High Engagement
22,1079.0,26400000.0,0,1,6,1,1,0.7603182808392155,High Engagement,High Engagement
27,326.0,22200000.0,16,3,12,1,1,0.7656267254910838,High Engagement,High Engagement
17,772.0,3170000.0,18,0,6,1,0,0.45818271641210867,High Engagement,Low Engagement
29,1135.0,43900000.0,21,4,6,0,0,0.3244042747657793,Low Engagement,Low Engagement
25,265.0,34600000.0,10,5,8,0,0,0.471171478977876,Low Engagement,Low Engagement
1,520.0,14900000.0,18,6,8,1,1,0.8899303458560501,High Engagement,High Engagement
27,455.0,519000.0,14,2,6,0,0,0.35984104109427906,Low Engagement,Low Engagement
20,814.0,8780000.0,21,4,11,0,0,0.4657328317604375,Low Engagement,Low Engagement
24,1124.0,110000000.0,18,3,1,1,1,0.7879491569297545,High Engagement,High Engagement
27,356.0,343000.0,13,4,4,1,0,0.3398848796123886,High Engagement,Low Engagement
24,23.0,452000000.0,17,3,6,1,1,0.7894704961634643,High Engagement,High Engagement
26,2271.0,503000.0,17,4,11,0,0,0.17065443632634159,Low Engagement,Low Engagement
22,1068.0,10200000.0,0,6,4,1,1,0.7829267596183541,High Engagement,High Engagement
29,1644.0,3750000.0,21,2,1,0,0,0.21348969939828588,Low Engagement,Low Engagement
27,865.0,61900.0,6,4,6,1,0,0.32189232130145184,High Engagement,Low Engagement
27,266.0,4640000.0,13,0,5,1,1,0.5935813761389218,High Engagement,High Engagement
26,1268.0,2790000.0,17,1,11,0,0,0.33489651348182925,Low Engagement,Low Engagement
28,706.0,16600000.0,21,1,12,1,1,0.7345847645164358,High Engagement,High Engagement
24,669.0,5280000.0,23,2,6,1,1,0.6995555202252679,High Engagement,High Engagement
27,917.0,1400000.0,11,5,3,0,0,0.4172551697188447,Low Engagement,Low Engagement
24,1240.0,11900000.0,23,0,10,0,1,0.6644526961340346,Low Engagement,High Engagement
24,485.0,36300000.0,20,6,6,1,1,0.8447225311297939,High Engagement,High Engagement
22,831.0,500000.0,18,3,10,0,0,0.3652755938599686,Low Engagement,Low Engagement
2,2164.0,842000.0,13,4,12,0,0,0.33408359231391455,Low Engagement,Low Engagement
22,1075.0,29700000.0,17,5,2,1,1,0.7844862779299736,High Engagement,High Engagement
23,409.0,5190000.0,4,1,4,0,1,0.6116324879552246,Low Engagement,High Engagement
27,3643.0,4610000.0,14,0,2,1,1,0.5758632089660372,High Engagement,High Engagement
24,716.0,2750000.0,15,0,10,1,1,0.5079077638722438,High Engagement,High Engagement
23,1096.0,7220000.0,16,4,9,1,1,0.7382608052771961,High Engagement,High Engagement
27,832.0,1440000.0,13,4,8,1,0,0.3967463383035291,High Engagement,Low Engagement
10,7142.0,215000.0,13,6,11,0,0,0.3349741050026915,Low Engagement,Low Engagement
22,608.0,12700000.0,14,1,6,1,1,0.719788593652817,High Engagement,High Engagement
24,16952.0,21800000.0,15,5,6,1,1,0.7683534326932313,High Engagement,High Engagement
23,465.0,7690000.0,13,2,7,1,1,0.6909814329807249,High Engagement,High Engagement
27,818.0,5130000.0,21,4,2,1,1,0.5897165470946931,High Engagement,High Engagement
28,448.0,1130000.0,14,1,9,1,0,0.3660117236734932,High Engagement,Low Engagement
1,1054.0,1570000.0,16,2,12,1,1,0.7092609335411664,High Engagement,High Engagement
20,295.0,1320000.0,19,6,12,0,0,0.4187171962337621,Low Engagement,Low Engagement
24,2969.0,135000.0,19,3,9,0,0,0.2884499304790006,Low Engagement,Low Engagement
25,719.0,2240000.0,10,6,2,1,0,0.31253166599953575,High Engagement,Low Engagement
20,606.0,4840000.0,20,5,4,1,1,0.6301821203289355,High Engagement,High Engagement
28,1038.0,1210000.0,20,4,9,0,0,0.37560664262624444,Low Engagement,Low Engagement
15,259.0,14100000.0,15,2,12,1,1,0.607673722173182,High Engagement,High Engagement
29,987.0,1260000.0,13,5,11,0,0,0.11615671731268722,Low Engagement,Low Engagement
25,1846.0,4540000.0,11,1,11,0,0,0.23836698180930627,Low Engagement,Low Engagement
29,2850.0,2950000.0,23,6,3,0,0,0.23725025778281397,Low Engagement,Low Engagement
24,880.0,16000000.0,16,1,4,0,1,0.8178832580713866,Low Engagement,High Engagement
26,303.0,44700000.0,17,6,6,1,1,0.7736478074559285,High Engagement,High Engagement
2,1347.0,5030000.0,16,1,1,0,1,0.5331686578749685,Low Engagement,High Engagement
20,4754.0,34300.0,22,3,8,0,0,0.2779796856081986,Low Engagement,Low Engagement
27,1284.0,2050000.0,3,0,4,1,0,0.44702132981192205,High Engagement,Low Engagement
1,607.0,682000.0,16,6,3,1,1,0.6752625227014877,High Engagement,High Engagement
20,1040.0,8750000.0,1,5,2,0,1,0.6943283289329275,Low Engagement,High Engagement
19,8647.0,11800000.0,12,6,6,1,1,0.6179160797873858,High Engagement,High Engagement
17,2626.0,35800000.0,21,3,3,1,1,0.6516214931739955,High Engagement,High Engagement
22,543.0,489000.0,21,0,8,0,0,0.35477535885854883,Low Engagement,Low Engagement
20,1205.0,24300000.0,19,5,3,1,1,0.7286824581667198,High Engagement,High Engagement
24,269.0,5700000.0,22,0,7,1,1,0.7537865406619833,High Engagement,High Engagement
20,1577.0,48800000.0,3,4,9,1,1,0.6920309718428893,High Engagement,High Engagement
26,544.0,4870000.0,10,4,5,1,1,0.5813675019482648,High Engagement,High Engagement
23,1321.0,45200000.0,7,2,10,1,1,0.7601759852306555,High Engagement,High Engagement
22,312.0,2550000.0,3,2,2,0,0,0.4646779327765356,Low Engagement,Low Engagement
24,611.0,16700000.0,13,2,8,1,1,0.7998390270512455,High Engagement,High Engagement
24,967.0,3550000.0,11,5,10,0,0,0.4713820243565766,Low Engagement,Low Engagement
23,9290.0,1090000.0,20,3,5,0,1,0.611283742452055,Low Engagement,High Engagement
17,584.0,661000.0,18,1,11,0,0,0.26572486675072504,Low Engagement,Low Engagement
17,293.0,26600000.0,16,1,6,0,1,0.6359511446778958,Low Engagement,High Engagement
27,93083.0,11300000.0,12,1,10,1,1,0.6850383071816054,High Engagement,High Engagement
17,2787.0,3340000.0,21,1,1,1,0,0.43750805951021127,High Engagement,Low Engagement
22,554.0,251000.0,23,2,11,0,0,0.242783088080472,Low Engagement,Low Engagement
27,978.0,1880000.0,22,1,6,0,0,0.41345366209897766,Low Engagement,Low Engagement
15,2502.0,3390.0,12,4,6,0,0,0.17651952797714487,Low Engagement,Low Engagement
22,5981.0,15300.0,18,3,11,0,0,0.1671733599850795,Low Engagement,Low Engagement
23,1168.0,37900000.0,17,0,11,1,1,0.6126229557760586,High Engagement,High Engagement
23,316.0,13700000.0,4,3,2,1,1,0.6325641819386464,High Engagement,High Engagement
22,892.0,5550000.0,19,4,11,1,1,0.5415365991872739,High Engagement,High Engagement
27,478.0,5720000.0,16,0,9,0,1,0.6949957291960105,Low Engagement,High Engagement
22,456.0,44700000.0,11,0,5,1,1,0.7171578962019984,High Engagement,High Engagement
25,421.0,10300000.0,15,5,2,1,1,0.5666231360134639,High Engagement,High Engagement
24,1180.0,19400000.0,10,4,9,1,1,0.7700308923758323,High Engagement,High Engagement
26,599.0,26900000.0,15,4,6,1,1,0.7737891421972588,High Engagement,High Engagement
24,967.0,301000.0,14,0,8,0,0,0.33040855292381377,Low Engagement,Low Engagement
24,348.0,2790000.0,17,2,3,0,1,0.5025558334379995,Low Engagement,High Engagement
25,3030.0,372000.0,20,0,11,1,0,0.18986342449491758,High Engagement,Low Engagement
22,557.0,37800000.0,2,2,3,1,1,0.7396106020536531,High Engagement,High Engagement
24,214.0,66200000.0,6,2,11,0,0,0.36601596265677383,Low Engagement,Low Engagement
26,429.0,181000.0,17,5,11,1,0,0.2279416925744482,High Engagement,Low Engagement
20,1125.0,15000000.0,17,4,12,1,1,0.7416209786546042,High Engagement,High Engagement
24,704.0,2490000.0,15,5,10,1,1,0.5211150855019203,High Engagement,High Engagement
24,1024.0,3080000.0,20,6,9,1,1,0.5305321844024267,High Engagement,High Engagement
20,975.0,2010000.0,0,3,8,0,0,0.45442936347432616,Low Engagement,Low Engagement
1,553.0,20600000.0,17,5,12,1,1,0.8513476841078316,High Engagement,High Engagement
20,908.0,1690000.0,17,0,3,0,0,0.44770867374016193,Low Engagement,Low Engagement
15,567.0,894000.0,16,3,9,0,0,0.3355376329386616,Low Engagement,Low Engagement
25,1934.0,1090000.0,2,4,5,1,0,0.36352976390870806,High Engagement,Low Engagement
17,1856.0,273000.0,9,4,3,1,0,0.32730630975219965,High Engagement,Low Engagement
26,349.0,14200000.0,16,3,6,0,1,0.7235800291810729,Low Engagement,High Engagement
24,1883.0,9900000.0,20,4,10,0,1,0.6567605603367224,Low Engagement,High Engagement
17,13412.0,23700000.0,15,5,8,1,1,0.6007608064988205,High Engagement,High Engagement
20,42901.0,1270000.0,23,6,9,0,0,0.4047253152759355,Low Engagement,Low Engagement
22,1426.0,3600000.0,7,2,1,0,0,0.4596060375961425,Low Engagement,Low Engagement
10,649.0,2030000.0,8,1,9,0,0,0.4635483207860278,Low Engagement,Low Engagement
1,514.0,2270000.0,14,2,8,1,1,0.757504159411942,High Engagement,High Engagement
22,1475.0,104000.0,5,5,11,0,0,0.15350903170555208,Low Engagement,Low Engagement
24,40.0,452000000.0,16,4,7,1,1,0.8224738361450061,High Engagement,High Engagement
1,287.0,4270000.0,15,3,9,1,1,0.734313989989122,High Engagement,High Engagement
23,965.0,7150000.0,19,2,12,1,1,0.7306097577382553,High Engagement,High Engagement
25,471.0,9260000.0,13,6,3,0,0,0.3914531649574476,Low Engagement,Low Engagement
24,486.0,5820000.0,17,1,12,1,1,0.7644524792221363,High Engagement,High Engagement
27,14479.0,11300000.0,17,4,8,1,1,0.6629289676712241,High Engagement,High Engagement
2,1411.0,5030000.0,15,1,10,1,1,0.5223249779538651,High Engagement,High Engagement
23,289.0,252000.0,11,4,11,1,0,0.3034037441231619,High Engagement,Low Engagement
20,284.0,967.0,19,3,7,0,0,0.33271006552259724,Low Engagement,Low Engagement
1,1891.0,5720000.0,14,2,4,1,1,0.7671497396824754,High Engagement,High Engagement
23,3337.0,2050000.0,18,1,6,1,1,0.6620294057363303,High Engagement,High Engagement
19,509.0,142000.0,12,3,12,0,0,0.17712332663176358,Low Engagement,Low Engagement
20,976.0,6440000.0,15,6,9,1,1,0.6497636296452302,High Engagement,High Engagement
24,1193.0,2840000.0,2,6,11,0,0,0.33395368916196233,Low Engagement,Low Engagement
20,1000.0,3110000.0,23,4,9,1,0,0.4478411777111168,High Engagement,Low Engagement
27,687.0,4640000.0,12,1,6,0,1,0.6125732443433304,Low Engagement,High Engagement
20,1164.0,71700.0,19,6,1,0,0,0.36436117196083323,Low Engagement,Low Engagement
27,461.0,15300000.0,19,3,10,1,1,0.7554708809177639,High Engagement,High Engagement
23,408.0,5530000.0,19,3,4,1,1,0.7229171515582372,High Engagement,High Engagement
20,1095.0,13900000.0,16,5,10,0,1,0.7028229306882976,Low Engagement,High Engagement
23,681.0,7690000.0,18,4,10,1,1,0.7437573748105926,High Engagement,High Engagement
25,623.0,14600000.0,2,4,11,0,0,0.2530456450730064,Low Engagement,Low Engagement
27,1026.0,4100000.0,6,2,12,1,0,0.4472399387697845,High Engagement,Low Engagement
27,788.0,24900000.0,15,1,10,1,1,0.7584695148848204,High Engagement,High Engagement
28,2467.0,1390000.0,15,0,9,0,0,0.38737152571280314,Low Engagement,Low Engagement
17,7560.0,43200.0,16,1,12,0,0,0.2566971674562255,Low Engagement,Low Engagement
20,269.0,33200000.0,21,4,6,1,1,0.7185057361694679,High Engagement,High Engagement
24,623.0,17500000.0,19,1,2,1,1,0.8300611543845183,High Engagement,High Engagement
28,3045.0,612000.0,2,3,6,1,0,0.3478820230220827,High Engagement,Low Engagement
20,1539.0,6440000.0,17,6,11,1,0,0.42769751703309905,High Engagement,Low Engagement
24,1797.0,137000000.0,12,6,8,1,1,0.7480930026573991,High Engagement,High Engagement
24,600.0,223000.0,23,5,11,0,0,0.23546093208645033,Low Engagement,Low Engagement
26,796.0,25900000.0,10,1,4,1,1,0.7418982237039686,High Engagement,High Engagement
19,515.0,5160000.0,17,5,3,1,1,0.5493903587237476,High Engagement,High Engagement
17,392.0,1550000.0,14,3,2,1,0,0.42261389477830763,High Engagement,Low Engagement
27,2936.0,1300000.0,16,6,5,1,0,0.42044050171518166,High Engagement,Low Engagement
15,386.0,18700.0,0,5,4,0,0,0.2435480140682021,Low Engagement,Low Engagement
20,2382.0,248000.0,15,2,11,1,0,0.2003770562957741,High Engagement,Low Engagement
22,713.0,6930000.0,13,4,1,1,1,0.6933894629343896,High Engagement,High Engagement
15,1694.0,234000.0,20,3,5,0,0,0.20010984318072425,Low Engagement,Low Engagement
20,524.0,264000.0,12,2,8,0,0,0.35365577633897705,Low Engagement,Low Engagement
28,712.0,4060000.0,16,0,2,0,0,0.43445303466348006,Low Engagement,Low Engagement
26,1346.0,2580000.0,16,3,11,1,0,0.35856081922523114,High Engagement,Low Engagement
20,1264.0,6230000.0,1,2,11,1,0,0.43703900320847483,High Engagement,Low Engagement
19,3226.0,222000.0,5,2,6,0,0,0.22927959436285056,Low Engagement,Low Engagement
17,289.0,1740000.0,6,1,7,0,0,0.42703266067832546,Low Engagement,Low Engagement
24,557.0,35100000.0,19,4,9,1,1,0.8253623693328114,High Engagement,High Engagement
29,1055.0,2510000.0,14,3,6,0,0,0.27848736037674293,Low Engagement,Low Engagement
27,397.0,8410000.0,13,2,5,1,1,0.6977203963165467,High Engagement,High Engagement
15,761.0,1370000.0,21,4,7,1,0,0.32960815084107875,High Engagement,Low Engagement
20,761.0,6750000.0,7,4,2,1,1,0.6394730734665018,High Engagement,High Engagement
28,684.0,1320000.0,14,3,10,0,0,0.3562007210168422,Low Engagement,Low Engagement
2,1691.0,3920000.0,13,4,6,0,0,0.46794616803931127,Low Engagement,Low Engagement
2,961.0,10900000.0,7,6,10,1,1,0.7176816746887176,High Engagement,High Engagement
24,9537.0,6970000.0,16,3,11,0,0,0.3913055785064261,Low Engagement,Low Engagement
22,598.0,29600000.0,17,2,12,1,1,0.7426525496059765,High Engagement,High Engagement
25,963.0,16900000.0,13,6,3,1,0,0.4021018276987205,High Engagement,Low Engagement
20,873.0,2220000.0,22,4,11,0,0,0.3094436721731576,Low Engagement,Low Engagement
15,493.0,102000.0,14,3,3,1,0,0.27755622644759576,High Engagement,Low Engagement
1,723.0,2390000.0,15,5,10,1,1,0.7616023284708376,High Engagement,High Engagement
28,1130.0,4870000.0,11,2,2,1,1,0.5641359744914936,High Engagement,High Engagement
24,703.0,10600000.0,14,6,4,1,1,0.8129273128857833,High Engagement,High Engagement
22,842.0,2100000.0,10,4,10,1,0,0.44087536365330265,High Engagement,Low Engagement
15,996.0,793000.0,18,4,6,0,0,0.3123358316871915,Low Engagement,Low Engagement
1,580.0,1860000.0,2,6,11,1,0,0.48937459760940005,High Engagement,Low Engagement
25,856.0,852000.0,13,4,11,0,0,0.15763625509787585,Low Engagement,Low Engagement
22,525.0,964000.0,23,2,1,1,0,0.4540839866066444,High Engagement,Low Engagement
23,363.0,13300000.0,1,4,4,1,1,0.645643958247812,High Engagement,High Engagement
23,489.0,1860000.0,5,4,11,0,0,0.43689976839781913,Low Engagement,Low Engagement
27,674.0,3390000.0,4,6,12,1,0,0.4305066820238325,High Engagement,Low Engagement
27,4581.0,5780000.0,17,1,8,0,1,0.6009365766357698,Low Engagement,High Engagement
23,1076.0,5550000.0,20,2,7,1,1,0.7435094390819773,High Engagement,High Engagement
20,842.0,19600000.0,17,5,10,1,1,0.7544803414936166,High Engagement,High Engagement
15,783.0,11300.0,8,4,9,0,0,0.21239844080110395,Low Engagement,Low Engagement
20,996.0,3400000.0,2,5,8,0,0,0.4741741855589153,Low Engagement,Low Engagement
20,385.0,868000.0,16,3,8,0,0,0.4205737097608325,Low Engagement,Low Engagement
24,1673.0,11900000.0,23,0,9,0,1,0.6674402699172778,Low Engagement,High Engagement
17,1437.0,10600000.0,5,2,12,1,1,0.5429431743385925,High Engagement,High Engagement
20,505.0,650000.0,12,2,8,1,0,0.3999808466611359,High Engagement,Low Engagement
29,816.0,43900000.0,16,1,9,0,0,0.29032109061290495,Low Engagement,Low Engagement
23,545.0,12400000.0,15,4,3,1,1,0.7044058642560371,High Engagement,High Engagement
22,293.0,704000.0,15,1,9,0,0,0.39010749265742234,Low Engagement,Low Engagement
17,509.0,5340000.0,9,2,2,0,1,0.5330587230660457,Low Engagement,High Engagement
23,287.0,33100000.0,9,1,8,0,1,0.6496898969569829,Low Engagement,High Engagement
28,381.0,1470000.0,19,2,10,0,0,0.35555120007430363,Low Engagement,Low Engagement
22,751.0,2400000.0,13,5,5,1,0,0.4789094413666014,High Engagement,Low Engagement
27,961.0,56300.0,11,4,11,0,0,0.19249034241664856,Low Engagement,Low Engagement
19,517.0,13700.0,21,4,12,0,0,0.1456793666705937,Low Engagement,Low Engagement
24,1301.0,6990000.0,17,5,11,1,0,0.4928437265011123,High Engagement,Low Engagement
1,6260.0,26000000.0,11,5,8,1,1,0.8064021768790329,High Engagement,High Engagement
24,320.0,23900000.0,17,2,12,0,1,0.7837182222420854,Low Engagement,High Engagement
24,425.0,9370000.0,21,5,4,1,1,0.7793129159067865,High Engagement,High Engagement
24,926.0,9850000.0,16,5,5,0,1,0.8268513532801103,Low Engagement,High Engagement
24,49.0,21800000.0,18,4,12,1,1,0.7827393188635073,High Engagement,High Engagement
27,749.0,1290000.0,17,5,2,0,0,0.41783206722470256,Low Engagement,Low Engagement
1,1456.0,13400000.0,18,5,1,1,1,0.8384120641122107,High Engagement,High Engagement
26,1291.0,119000.0,14,0,12,0,0,0.23573121768174887,Low Engagement,Low Engagement
20,661.0,963000.0,4,2,5,1,0,0.42580054218680863,High Engagement,Low Engagement
26,1209.0,5140000.0,19,3,12,0,1,0.562587294505601,Low Engagement,High Engagement
28,836.0,3020000.0,17,1,9,1,0,0.43614748432940625,High Engagement,Low Engagement
26,1061.0,1080000.0,15,2,12,0,0,0.388772303448542,Low Engagement,Low Engagement
20,1138.0,110000000.0,17,4,3,1,1,0.7548920115348189,High Engagement,High Engagement
28,974.0,710000.0,21,4,2,0,0,0.3687586142128439,Low Engagement,Low Engagement
22,897.0,5520000.0,22,4,7,1,1,0.7057459311243293,High Engagement,High Engagement
2,245.0,993000.0,17,2,3,1,0,0.41222379224951755,High Engagement,Low Engagement
15,1032.0,2040000.0,18,2,8,0,0,0.36069053656258077,Low Engagement,Low Engagement
26,6228.0,4370000.0,9,6,2,1,1,0.5312298666671204,High Engagement,High Engagement
2,1666.0,1280000.0,22,2,3,0,0,0.3935895686173183,Low Engagement,Low Engagement
24,813.0,2060000.0,14,2,10,0,0,0.471905593130312,Low Engagement,Low Engagement
10,567.0,8990.0,17,5,1,0,0,0.4486421708441531,Low Engagement,Low Engagement
23,1481.0,7130000.0,17,3,6,1,1,0.7623008024392067,High Engagement,High Engagement
24,766.0,17500000.0,19,0,5,1,1,0.8262258593346105,High Engagement,High Engagement
25,264.0,1180000.0,21,1,2,0,0,0.27220463523111604,Low Engagement,Low Engagement
27,421.0,300000.0,23,3,6,0,0,0.36145881466362617,Low Engagement,Low Engagement
20,531.0,440000.0,13,5,12,1,0,0.3511762185525927,High Engagement,Low Engagement
24,911.0,9250.0,10,1,10,0,0,0.30872560878762967,Low Engagement,Low Engagement
28,389.0,988000.0,3,5,10,1,0,0.3814128814049587,High Engagement,Low Engagement
24,602.0,4020000.0,11,2,5,0,0,0.4209273864218089,Low Engagement,Low Engagement
1,539.0,225000.0,21,1,11,1,0,0.2783744467185126,High Engagement,Low Engagement
24,48.0,452000000.0,20,3,12,1,1,0.7793155024107719,High Engagement,High Engagement
25,939.0,4090000.0,17,4,12,0,0,0.29185597240347183,Low Engagement,Low Engagement
27,253.0,22200000.0,15,0,8,0,1,0.7656792265982647,Low Engagement,High Engagement
19,646.0,44700000.0,15,6,6,0,1,0.6052398283411632,Low Engagement,High Engagement
28,3100.0,16600000.0,1,6,11,0,0,0.4773639225769954,Low Engagement,Low Engagement
24,1442.0,1620000.0,20,0,12,0,0,0.36379085837249575,Low Engagement,Low Engagement
23,1350.0,33100000.0,13,2,6,1,1,0.7453954052580123,High Engagement,High Engagement
17,570.0,15400000.0,22,1,2,1,1,0.6332539800473391,High Engagement,High Engagement
25,392.0,3470000.0,13,0,1,0,0,0.31386170345361836,Low Engagement,Low Engagement
19,2123.0,108000.0,15,3,5,1,0,0.17404114414288646,High Engagement,Low Engagement
22,8540.0,1230000.0,18,1,12,1,0,0.3523599656114097,High Engagement,Low Engagement
15,1242.0,282000.0,19,5,7,0,0,0.19956527268022414,Low Engagement,Low Engagement
29,371.0,43900000.0,19,1,7,0,0,0.34661155347276074,Low Engagement,Low Engagement
1,1680.0,6920000.0,13,4,10,1,1,0.7700402651684639,High Engagement,High Engagement
24,516.0,827000.0,21,3,8,1,0,0.4068629844792625,High Engagement,Low Engagement
22,977.0,29700000.0,16,5,9,1,1,0.7813858305285621,High Engagement,High Engagement
19,1294.0,4350000.0,14,6,9,1,1,0.517615299626866,High Engagement,High Engagement
27,252.0,22200000.0,15,0,7,1,1,0.7743320900232269,High Engagement,High Engagement
20,1845.0,11900000.0,20,4,6,0,1,0.6629300288326996,Low Engagement,High Engagement
20,835.0,33200000.0,20,0,11,1,1,0.6084861570756571,High Engagement,High Engagement
24,1616.0,1720000.0,14,4,9,1,0,0.3972563172983884,High Engagement,Low Engagement
27,1849.0,6050000.0,15,4,6,0,1,0.642745832689778,Low Engagement,High Engagement
24,354.0,42800000.0,14,1,4,1,1,0.7818714383089532,High Engagement,High Engagement
19,1072.0,11800000.0,12,6,6,1,1,0.6587725834393033,High Engagement,High Engagement
26,1274.0,4710000.0,17,4,6,1,1,0.5885750051686565,High Engagement,High Engagement
27,506.0,6610000.0,15,0,8,1,1,0.7116986124784263,High Engagement,High Engagement
28,655.0,5120000.0,14,5,12,0,1,0.5735359560220626,Low Engagement,High Engagement
24,1132.0,12100000.0,18,5,4,1,1,0.8099247615501443,High Engagement,High Engagement
28,424.0,1470000.0,11,3,8,0,0,0.37801626014572137,Low Engagement,Low Engagement
17,273.0,3500000.0,10,2,8,1,0,0.43732661898446207,High Engagement,Low Engagement
17,848.0,3770000.0,16,2,6,0,0,0.46155585255093,Low Engagement,Low Engagement
27,895.0,15300000.0,2,5,12,1,1,0.7663234827910751,High Engagement,High Engagement
28,1355.0,1960000.0,21,2,5,0,0,0.4341716603772257,Low Engagement,Low Engagement
28,920.0,5000000.0,13,5,8,1,1,0.6048865898573133,High Engagement,High Engagement
28,1142.0,15400000.0,20,3,7,1,1,0.7845692292104979,High Engagement,High Engagement
29,244.0,155000.0,18,3,11,0,0,0.16609724480620194,Low Engagement,Low Engagement
15,607.0,21800000.0,12,5,4,1,1,0.6752793399927828,High Engagement,High Engagement
29,871.0,1090000.0,10,0,1,0,0,0.17483760172900203,Low Engagement,Low Engagement
23,812.0,2040000.0,20,1,5,0,1,0.5673369417224515,Low Engagement,High Engagement
22,245.0,37700.0,8,6,7,1,0,0.3788515197627154,High Engagement,Low Engagement
20,1142.0,2400000.0,19,5,9,0,0,0.43989251140848107,Low Engagement,Low Engagement
15,280.0,2530000.0,16,3,5,0,0,0.46618631669275684,Low Engagement,Low Engagement
25,1161.0,6610000.0,22,0,1,0,0,0.30881392478071246,Low Engagement,Low Engagement
28,314.0,530000.0,0,4,10,0,0,0.35143174735264354,Low Engagement,Low Engagement
24,299.0,23600000.0,20,2,2,1,1,0.7993567559866264,High Engagement,High Engagement
26,498.0,10400000.0,14,2,6,1,1,0.7548997107831571,High Engagement,High Engagement
23,263.0,21700000.0,0,2,6,1,1,0.6855812097617656,High Engagement,High Engagement
20,1321.0,19300000.0,18,5,10,0,1,0.6938637716840546,Low Engagement,High Engagement
19,348.0,5160000.0,17,4,2,1,1,0.5038949455560797,High Engagement,High Engagement
28,545.0,562000.0,2,2,8,1,0,0.35946045716437697,High Engagement,Low Engagement
27,873.0,3830000.0,16,1,6,0,0,0.4362136103299831,Low Engagement,Low Engagement
27,280.0,5700000.0,15,1,2,1,1,0.6671775621233643,High Engagement,High Engagement
23,334.0,20800000.0,3,0,11,1,1,0.5655829168720212,High Engagement,High Engagement
24,26.0,21800000.0,14,5,6,1,1,0.76125707153379,High Engagement,High Engagement
15,873.0,2480000.0,14,0,2,0,0,0.383338650312853,Low Engagement,Low Engagement
17,772.0,23900000.0,22,4,3,1,1,0.7527366574513696,High Engagement,High Engagement
28,423.0,3690000.0,18,4,3,1,0,0.4330728997312638,High Engagement,Low Engagement
28,613.0,612000.0,19,6,3,0,0,0.3881341449299525,Low Engagement,Low Engagement
17,2766.0,260000.0,14,1,6,0,0,0.32447402651747825,Low Engagement,Low Engagement
15,790.0,21800000.0,13,2,3,0,1,0.6493486494883407,Low Engagement,High Engagement
23,923.0,4710000.0,20,6,5,1,1,0.7069383379189242,High Engagement,High Engagement
26,972.0,21300000.0,16,1,10,1,1,0.7572067173587336,High Engagement,High Engagement
27,337.0,11800000.0,3,6,4,0,1,0.7337586785226913,Low Engagement,High Engagement
26,354.0,2090000.0,13,4,3,1,0,0.47752616550485555,High Engagement,Low Engagement
20,353.0,266000.0,4,5,6,0,0,0.38424321118247545,Low Engagement,Low Engagement
28,695.0,16700000.0,17,6,8,1,1,0.752944601394306,High Engagement,High Engagement
24,511.0,6610000.0,20,4,11,1,1,0.5841189449159789,High Engagement,High Engagement
10,319.0,493000.0,16,3,10,0,1,0.518869065033727,Low Engagement,High Engagement
20,891.0,8420000.0,2,1,11,0,0,0.4830540817294232,Low Engagement,Low Engagement
24,277.0,66200000.0,6,3,11,0,0,0.4253929333525576,Low Engagement,Low Engagement
25,499.0,1420000.0,10,1,6,0,0,0.3001738850813045,Low Engagement,Low Engagement
1,321.0,5700000.0,22,0,6,1,1,0.795805418377676,High Engagement,High Engagement
28,2976.0,1680000.0,15,2,9,0,0,0.39783741449740634,Low Engagement,Low Engagement
20,12760.0,31100000.0,16,4,6,1,1,0.6788481496916567,High Engagement,High Engagement
25,1414.0,1350000.0,10,0,12,0,0,0.23095595445176495,Low Engagement,Low Engagement
22,507.0,767000.0,14,4,5,0,0,0.40564330868002174,Low Engagement,Low Engagement
24,13041.0,22800000.0,17,5,9,1,1,0.6935023411763318,High Engagement,High Engagement
26,1431.0,1830000.0,1,4,6,1,0,0.4257772007165714,High Engagement,Low Engagement
24,272.0,2520000.0,4,0,12,0,0,0.481988526940279,Low Engagement,Low Engagement
24,757.0,3080000.0,17,6,2,0,1,0.5534451342880301,Low Engagement,High Engagement
19,1384.0,33900.0,19,5,12,0,0,0.13016425354059796,Low Engagement,Low Engagement
23,761.0,7150000.0,17,5,9,1,1,0.7614604539359736,High Engagement,High Engagement
27,417.0,7880000.0,15,4,3,1,1,0.7305306360253974,High Engagement,High Engagement
26,647.0,2620000.0,19,0,12,0,0,0.4268246329874747,Low Engagement,Low Engagement
26,713.0,2160000.0,22,6,5,0,0,0.457894045864783,Low Engagement,Low Engagement
28,1548.0,1700000.0,11,5,8,1,0,0.3869031308347676,High Engagement,Low Engagement
29,309.0,1090000.0,18,0,10,0,0,0.2050171290909033,Low Engagement,Low Engagement
28,536.0,1750000.0,15,2,5,0,0,0.3866973957428615,Low Engagement,Low Engagement
27,388.0,4190000.0,16,1,11,0,0,0.4560417368927731,Low Engagement,Low Engagement
26,832.0,14200000.0,17,6,9,1,1,0.7984016451080048,High Engagement,High Engagement
22,903.0,5550000.0,19,5,10,1,1,0.7033108638431586,High Engagement,High Engagement
17,629.0,23900000.0,22,4,3,1,1,0.7469148993597511,High Engagement,High Engagement
27,703.0,15300000.0,20,2,3,1,1,0.7518270251540135,High Engagement,High Engagement
27,987.0,14600000.0,4,6,10,0,1,0.7099304922199521,Low Engagement,High Engagement
27,633.0,16800000.0,22,3,7,1,1,0.7500457086178846,High Engagement,High Engagement
22,782.0,239000.0,22,3,2,1,0,0.3614396846420625,High Engagement,Low Engagement
27,275.0,6890000.0,17,2,4,1,1,0.6881307937947297,High Engagement,High Engagement
24,309.0,10400000.0,8,1,11,0,0,0.4676612591630773,Low Engagement,Low Engagement
25,1229.0,6130000.0,15,6,11,0,0,0.2630653934268544,Low Engagement,Low Engagement
24,743.0,35100000.0,19,1,4,1,1,0.8271864606769178,High Engagement,High Engagement
15,358.0,269000.0,13,5,3,0,0,0.2992758638752455,Low Engagement,Low Engagement
23,536.0,3290.0,13,1,3,1,0,0.3874997812301287,High Engagement,Low Engagement
28,304.0,9360000.0,13,5,6,1,1,0.6655219913776478,High Engagement,High Engagement
24,678.0,5720000.0,19,1,3,0,1,0.7812376919753995,Low Engagement,High Engagement
20,1160.0,17000000.0,14,5,5,1,1,0.7146083847763668,High Engagement,High Engagement
15,248.0,14200000.0,16,4,11,1,1,0.5014448402444969,High Engagement,High Engagement
23,944.0,5530000.0,0,2,5,1,1,0.7247786004373353,High Engagement,High Engagement
22,862.0,3340000.0,9,6,3,1,0,0.49257517251993493,High Engagement,Low Engagement
24,4324.0,10800000.0,10,6,12,1,1,0.6547629900644418,High Engagement,High Engagement
22,2897.0,4880000.0,2,1,4,1,1,0.570337981672615,High Engagement,High Engagement
20,276.0,16600000.0,13,3,4,1,1,0.7160925496529242,High Engagement,High Engagement
27,1037.0,19700000.0,15,2,6,1,1,0.7597058257768321,High Engagement,High Engagement
15,700.0,1300000.0,16,4,4,1,0,0.3272288112270573,High Engagement,Low Engagement
17,545.0,3720000.0,13,5,12,1,0,0.4605526848611455,High Engagement,Low Engagement
22,672.0,964000.0,16,5,9,1,0,0.4622317869741114,High Engagement,Low Engagement
29,949.0,43900000.0,17,2,10,0,0,0.27834836790371836,Low Engagement,Low Engagement
28,1629.0,22000000.0,11,1,10,1,1,0.6826233114333102,High Engagement,High Engagement
15,3123.0,1870000.0,21,3,9,0,0,0.274534257568654,Low Engagement,Low Engagement
23,1116.0,2560000.0,21,3,11,1,1,0.5060748914475749,High Engagement,High Engagement
22,272.0,5520.0,2,2,11,0,0,0.286646880214086,Low Engagement,Low Engagement
28,3648.0,1680000.0,9,5,12,0,0,0.3744393243778861,Low Engagement,Low Engagement
22,746.0,8320000.0,1,3,12,1,1,0.7290804789267715,High Engagement,High Engagement
24,632.0,174000.0,20,4,3,0,0,0.3914803827280849,Low Engagement,Low Engagement
27,538.0,32600.0,10,1,1,0,0,0.3288046172044706,Low Engagement,Low Engagement
1,522.0,9360000.0,17,3,3,1,1,0.8298250694597787,High Engagement,High Engagement
25,317.0,4920000.0,16,3,6,0,0,0.3329519227054571,Low Engagement,Low Engagement
20,936.0,170000.0,13,4,11,0,0,0.19368866012401403,Low Engagement,Low Engagement
22,1765.0,643000.0,10,6,10,0,0,0.3349034641272758,Low Engagement,Low Engagement
28,1786.0,98400.0,10,1,7,0,0,0.30840117174762,Low Engagement,Low Engagement
28,977.0,1770000.0,21,0,9,1,0,0.392346683367254,High Engagement,Low Engagement
17,2331.0,963000.0,7,3,4,0,0,0.39179022888193327,Low Engagement,Low Engagement
24,300.0,21800000.0,17,3,8,1,1,0.8004225629571041,High Engagement,High Engagement
22,1144.0,42400.0,2,1,6,0,0,0.34121939086304987,Low Engagement,Low Engagement
28,1308.0,2430000.0,14,1,6,0,0,0.4321116737039992,Low Engagement,Low Engagement
24,642.0,17500000.0,17,4,4,1,1,0.8178855186690028,High Engagement,High Engagement
29,1066.0,43900000.0,18,4,8,1,0,0.28704524385593494,High Engagement,Low Engagement
10,588.0,30000.0,10,1,4,1,0,0.45456738506343713,High Engagement,Low Engagement
28,971.0,1750000.0,16,5,10,0,0,0.3825005860388056,Low Engagement,Low Engagement
24,903.0,31500000.0,14,5,4,1,1,0.7883340365951754,High Engagement,High Engagement
20,571.0,1120000.0,16,5,6,0,0,0.4197553614050583,Low Engagement,Low Engagement
19,1912.0,328000.0,9,5,12,0,0,0.13967413763282427,Low Engagement,Low Engagement
15,375.0,3740000.0,15,5,3,0,0,0.4535584795855132,Low Engagement,Low Engagement
25,853.0,4080000.0,16,4,5,0,0,0.3574683915392851,Low Engagement,Low Engagement
22,339.0,949000.0,17,4,9,0,0,0.4075779616893668,Low Engagement,Low Engagement
22,1677.0,3600000.0,6,3,3,0,0,0.4874171890154713,Low Engagement,Low Engagement
22,1592.0,121000.0,18,6,10,0,0,0.2872236555059048,Low Engagement,Low Engagement
28,1156.0,5120000.0,15,3,6,0,1,0.5538891915406656,Low Engagement,High Engagement
23,915.0,7140000.0,19,4,3,1,1,0.7610773684796067,High Engagement,High Engagement
28,752.0,2230000.0,16,0,10,0,0,0.3927206957913845,Low Engagement,Low Engagement
27,476.0,744000.0,11,0,5,0,0,0.3767764930247434,Low Engagement,Low Engagement
27,856.0,42100.0,9,5,7,0,0,0.32478636713272446,Low Engagement,Low Engagement
24,31.0,81300000.0,15,5,7,1,1,0.7996742118088382,High Engagement,High Engagement
20,1141.0,3920000.0,11,4,11,0,0,0.3094314167546858,Low Engagement,Low Engagement
23,565.0,33200000.0,5,3,12,0,1,0.6490250292370835,Low Engagement,High Engagement
27,975.0,3390000.0,2,5,4,1,0,0.46098011585220167,High Engagement,Low Engagement
22,1873.0,2330000.0,19,4,4,1,0,0.4589238268358004,High Engagement,Low Engagement
23,266.0,575000.0,20,1,5,0,0,0.4248082011603098,Low Engagement,Low Engagement
15,1257.0,186000.0,21,5,1,0,0,0.1873776115049496,Low Engagement,Low Engagement
24,615.0,5820000.0,16,6,5,1,1,0.8266604778083956,High Engagement,High Engagement
19,2243.0,169000.0,11,3,12,0,0,0.12508989795094166,Low Engagement,Low Engagement
24,841.0,12100000.0,2,0,4,1,1,0.7586659444604714,High Engagement,High Engagement
29,792.0,43900000.0,17,4,12,0,0,0.2865972800922644,Low Engagement,Low Engagement
22,1349.0,230000.0,16,1,4,0,0,0.30860269652547334,Low Engagement,Low Engagement
28,484.0,2820000.0,16,2,2,0,0,0.4341905656603645,Low Engagement,Low Engagement
1,800.0,108000000.0,8,4,11,0,0,0.29875550648748667,Low Engagement,Low Engagement
1,375.0,744000.0,14,3,4,1,1,0.6674360243777648,High Engagement,High Engagement
24,4903.0,21800000.0,14,5,9,1,1,0.6451705428249312,High Engagement,High Engagement
20,596.0,6910000.0,8,5,7,1,1,0.6469232893183565,High Engagement,High Engagement
19,1817.0,3070000.0,14,4,2,0,0,0.42678974627773053,Low Engagement,Low Engagement
24,573.0,10600000.0,20,3,9,1,1,0.8043046458134377,High Engagement,High Engagement
28,7843.0,7230000.0,13,0,12,1,1,0.536402663036747,High Engagement,High Engagement
28,1709.0,12500000.0,19,3,7,0,1,0.6628042032594268,Low Engagement,High Engagement
22,252.0,14500000.0,15,6,10,0,1,0.7148784920570764,Low Engagement,High Engagement
17,339.0,14200000.0,23,0,11,0,1,0.51063560278183,Low Engagement,High Engagement
22,1323.0,2350000.0,14,0,7,1,0,0.45173761784165767,High Engagement,Low Engagement
28,1020.0,362000.0,12,1,7,1,0,0.3264521880935164,High Engagement,Low Engagement
24,43.0,66200000.0,5,3,11,0,0,0.35719060626020444,Low Engagement,Low Engagement
20,943.0,2400000.0,19,3,10,0,0,0.41606973730488667,Low Engagement,Low Engagement
26,349.0,6120000.0,17,1,2,0,1,0.6525114398834692,Low Engagement,High Engagement
1,1555.0,3360000.0,14,6,12,1,1,0.7301013765542054,High Engagement,High Engagement
26,290.0,150000.0,15,4,4,1,0,0.3516037406833573,High Engagement,Low Engagement
20,644.0,8210000.0,17,5,10,0,1,0.6738210589684182,Low Engagement,High Engagement
10,390.0,12300000.0,15,1,6,1,1,0.6998219827979945,High Engagement,High Engagement
24,45.0,66200000.0,17,0,11,0,0,0.4269506462795139,Low Engagement,Low Engagement
28,1245.0,22000000.0,11,4,11,1,1,0.5136208244760052,High Engagement,High Engagement
28,2192.0,12600000.0,17,4,12,1,1,0.6450241871568934,High Engagement,High Engagement
27,773.0,2930000.0,18,4,6,0,0,0.4338100690214563,Low Engagement,Low Engagement
27,679.0,126000.0,9,5,10,0,0,0.3269005357399962,Low Engagement,Low Engagement
24,539.0,44700000.0,13,6,3,1,1,0.8136075267794279,High Engagement,High Engagement
19,269.0,26900.0,23,2,4,0,0,0.2535093782435172,Low Engagement,Low Engagement
22,651.0,145000.0,11,0,4,0,0,0.35493309164516146,Low Engagement,Low Engagement
25,2728.0,2070000.0,8,5,11,0,0,0.2164090361042126,Low Engagement,Low Engagement
15,610.0,3740000.0,16,5,1,1,1,0.5133277289434143,High Engagement,High Engagement
22,345.0,26800.0,15,5,3,0,0,0.3643755359995096,Low Engagement,Low Engagement
24,484.0,7960000.0,15,1,8,0,1,0.7817363061692778,Low Engagement,High Engagement
15,1143.0,6760000.0,13,5,12,1,1,0.6216909960845504,High Engagement,High Engagement
24,345.0,10100000.0,20,6,5,1,1,0.8072245948493586,High Engagement,High Engagement
17,1416.0,21600000.0,19,3,1,1,1,0.5750630444454252,High Engagement,High Engagement
20,1832.0,15400000.0,11,5,9,1,1,0.6954276190220381,High Engagement,High Engagement
20,1047.0,110000000.0,17,4,6,1,1,0.7465569564491625,High Engagement,High Engagement
24,602.0,16700000.0,19,3,8,1,1,0.8162376748475211,High Engagement,High Engagement
24,1008.0,16900000.0,11,0,4,1,1,0.7633159385554948,High Engagement,High Engagement
28,1118.0,2390000.0,14,0,2,0,0,0.39775906414250634,Low Engagement,Low Engagement
29,2692.0,2410000.0,2,2,8,0,0,0.20899498812376072,Low Engagement,Low Engagement
10,1175.0,1750000.0,20,0,2,1,0,0.4586680888026805,High Engagement,Low Engagement
23,1473.0,174000.0,20,0,8,1,1,0.5008461853146224,High Engagement,High Engagement
28,785.0,7090000.0,14,0,5,0,0,0.487010461261364,Low Engagement,Low Engagement
15,788.0,260000.0,1,0,5,0,0,0.26248998415775016,Low Engagement,Low Engagement
28,1267.0,223000.0,12,2,10,0,0,0.27610126671628915,Low Engagement,Low Engagement
26,3456.0,2710000.0,17,4,12,0,0,0.42718655575879677,Low Engagement,Low Engagement
28,6330.0,255000.0,19,5,4,0,0,0.31476620942851763,Low Engagement,Low Engagement
20,1124.0,139000.0,20,3,5,1,0,0.3288922509520224,High Engagement,Low Engagement
22,624.0,774000.0,14,6,3,1,0,0.44666526594491224,High Engagement,Low Engagement
27,753.0,4860000.0,15,1,12,1,1,0.6175818274775586,High Engagement,High Engagement
28,2273.0,16700000.0,1,4,2,1,1,0.6769725255985257,High Engagement,High Engagement
2,1254.0,1970000.0,20,3,8,1,0,0.4471248898670012,High Engagement,Low Engagement
26,852.0,4870000.0,14,2,9,1,1,0.6030008809483792,High Engagement,High Engagement
20,1033.0,6750000.0,7,3,7,0,1,0.6278821786443607,Low Engagement,High Engagement
10,289.0,1070.0,20,0,12,0,0,0.438251541116005,Low Engagement,Low Engagement
10,553.0,3060000.0,17,5,3,1,0,0.47959065819229635,High Engagement,Low Engagement
20,464.0,6670000.0,10,2,6,1,1,0.6021547783648854,High Engagement,High Engagement
20,1761.0,6180000.0,14,6,8,0,1,0.5778040532974209,Low Engagement,High Engagement
23,299.0,3400000.0,15,4,11,1,1,0.5163022204606459,High Engagement,High Engagement
27,822.0,19700000.0,19,1,10,1,1,0.7528307191909602,High Engagement,High Engagement
15,555.0,236000.0,17,5,4,0,0,0.2399860616013633,Low Engagement,Low Engagement
22,839.0,10100.0,13,1,12,0,0,0.320374081478958,Low Engagement,Low Engagement
22,798.0,55600.0,15,5,4,0,0,0.3685259889790566,Low Engagement,Low Engagement
24,943.0,6980000.0,16,1,10,1,1,0.7780462556641977,High Engagement,High Engagement
17,876.0,111000000.0,20,1,1,0,1,0.7030779244646532,Low Engagement,High Engagement
26,1038.0,25900000.0,12,1,8,1,1,0.7706379864051802,High Engagement,High Engagement
20,945.0,6750000.0,6,1,11,1,0,0.4327046976639007,High Engagement,Low Engagement
23,530.0,33200000.0,4,4,4,0,1,0.6116270596632996,Low Engagement,High Engagement
24,909.0,1830000.0,2,6,1,1,0,0.46468171512560863,High Engagement,Low Engagement
27,268.0,339000.0,15,4,3,0,0,0.369823083441232,Low Engagement,Low Engagement
28,279.0,13600000.0,23,3,8,0,1,0.6754360158276529,Low Engagement,High Engagement
23,899.0,10300000.0,10,5,12,0,1,0.7005424163888224,Low Engagement,High Engagement
2,3592.0,1010000.0,17,4,7,0,0,0.3664789008232421,Low Engagement,Low Engagement
29,1714.0,179000.0,5,5,5,0,0,0.16819822430012968,Low Engagement,Low Engagement
24,1406.0,11900000.0,23,2,11,0,0,0.4740566839607875,Low Engagement,Low Engagement
23,1128.0,526000.0,0,4,10,1,0,0.4413011436994205,High Engagement,Low Engagement
20,806.0,33200.0,19,6,11,0,0,0.1895109563109121,Low Engagement,Low Engagement
24,318.0,10500000.0,13,1,10,1,1,0.7558330647005306,High Engagement,High Engagement
20,1019.0,13900000.0,2,0,10,0,1,0.6871024886517992,Low Engagement,High Engagement
17,753.0,5340000.0,19,1,12,1,1,0.5738625733137582,High Engagement,High Engagement
24,1686.0,344000.0,23,4,11,0,0,0.18023242347318238,Low Engagement,Low Engagement
22,327.0,60900.0,18,5,10,1,0,0.35349313782248404,High Engagement,Low Engagement
20,1811.0,6100000.0,18,6,4,1,1,0.6367186207804019,High Engagement,High Engagement
23,257.0,949000.0,16,1,4,0,0,0.4368346713012038,Low Engagement,Low Engagement
29,3662.0,289000.0,1,4,6,0,0,0.2157921609778739,Low Engagement,Low Engagement
20,1012.0,1500000.0,19,2,4,1,0,0.4090884316091423,High Engagement,Low Engagement
15,1890.0,293000.0,16,3,9,0,0,0.20687190369263683,Low Engagement,Low Engagement
20,852.0,293000.0,11,2,12,1,0,0.3323642199911759,High Engagement,Low Engagement
15,624.0,1130000.0,16,6,2,1,0,0.34161933434612973,High Engagement,Low Engagement
20,823.0,2530000.0,19,2,12,0,0,0.4306138628459008,Low Engagement,Low Engagement
27,1062.0,2160000.0,12,2,6,1,0,0.42120036915473896,High Engagement,Low Engagement
24,520.0,5820000.0,17,6,1,1,1,0.8012577009681414,High Engagement,High Engagement
26,2279.0,359000.0,21,6,11,0,0,0.1535967916444145,Low Engagement,Low Engagement
19,3885.0,5420000.0,10,1,1,1,1,0.5344039893514061,High Engagement,High Engagement
24,608.0,63600.0,5,4,5,0,0,0.33238457014735096,Low Engagement,Low Engagement
22,1259.0,26500000.0,1,1,12,1,1,0.6771955328260038,High Engagement,High Engagement
25,494.0,3700000.0,14,3,6,1,0,0.3056106968830717,High Engagement,Low Engagement
28,603.0,174000.0,20,2,5,0,0,0.320666002286264,Low Engagement,Low Engagement
1,433.0,2620000.0,15,5,6,1,1,0.7663408491513248,High Engagement,High Engagement
24,470.0,1730000.0,14,3,4,0,0,0.4435819062028356,Low Engagement,Low Engagement
28,1081.0,22000000.0,13,1,1,1,1,0.7334490653129856,High Engagement,High Engagement
24,694.0,67100.0,19,5,5,1,0,0.35463267927069014,High Engagement,Low Engagement
27,1131.0,5130000.0,20,2,8,1,1,0.5538644685768138,High Engagement,High Engagement
25,414.0,19200000.0,6,3,6,0,0,0.43639285511218606,Low Engagement,Low Engagement
27,290.0,3150000.0,13,0,3,1,0,0.4484102053736689,High Engagement,Low Engagement
24,793.0,6980000.0,16,5,3,1,1,0.833630446647228,High Engagement,High Engagement
20,815.0,3640000.0,19,4,8,0,0,0.4484310761991161,Low Engagement,Low Engagement
22,2228.0,13400000.0,3,5,7,1,1,0.6917025826212647,High Engagement,High Engagement
24,494.0,1270000.0,12,5,1,0,0,0.4665958552575118,Low Engagement,Low Engagement
24,765.0,38000000.0,8,0,6,1,1,0.7531113532750434,High Engagement,High Engagement
27,350.0,7880000.0,14,1,6,1,1,0.7227824444548411,High Engagement,High Engagement
15,694.0,3560000.0,13,4,4,1,0,0.47863384117286567,High Engagement,Low Engagement
20,622.0,6630000.0,4,3,6,1,1,0.619829077888773,High Engagement,High Engagement
24,279.0,949000.0,17,1,2,0,0,0.3840608305725125,Low Engagement,Low Engagement
25,533.0,2390000.0,13,6,4,1,0,0.31884765504846657,High Engagement,Low Engagement
1,832.0,25600000.0,18,2,10,1,1,0.8714544556853652,High Engagement,High Engagement
25,2450.0,4450000.0,4,5,12,1,0,0.3371935125887437,High Engagement,Low Engagement
27,410.0,959000.0,16,4,3,1,0,0.4158546128302326,High Engagement,Low Engagement
25,398.0,1420000.0,21,4,9,0,0,0.2878929774964611,Low Engagement,Low Engagement
22,441.0,1580000.0,20,3,11,0,0,0.34896621298654634,Low Engagement,Low Engagement
23,572.0,33200000.0,4,2,12,0,1,0.5773406418344199,Low Engagement,High Engagement
24,300.0,5090.0,23,0,5,0,0,0.34356382424139215,Low Engagement,Low Engagement
29,635.0,1090000.0,13,4,5,0,0,0.21394428497871076,Low Engagement,Low Engagement
25,2453.0,1050000.0,12,6,4,1,0,0.3391007289155882,High Engagement,Low Engagement
20,2465.0,6440000.0,15,5,10,1,1,0.6091452463843123,High Engagement,High Engagement
26,1704.0,502000.0,13,3,7,1,0,0.32600378771911637,High Engagement,Low Engagement
28,511.0,5710000.0,16,3,12,1,1,0.6484007371453622,High Engagement,High Engagement
24,694.0,5820000.0,16,1,7,1,1,0.7940519767394996,High Engagement,High Engagement
22,535.0,24600.0,15,5,11,0,0,0.21953534940161365,Low Engagement,Low Engagement
29,772.0,1840000.0,10,0,12,0,0,0.2006294639827262,Low Engagement,Low Engagement
23,427.0,7700000.0,9,4,10,1,1,0.6814220512223734,High Engagement,High Engagement
28,309.0,2520000.0,12,3,1,0,0,0.43832356842136816,Low Engagement,Low Engagement
20,805.0,3250000.0,0,3,2,0,0,0.470322540433214,Low Engagement,Low Engagement
25,1079.0,6460000.0,9,2,6,1,0,0.3636734343205949,High Engagement,Low Engagement
10,542.0,3740000.0,3,2,7,1,0,0.4448665264337003,High Engagement,Low Engagement
15,3603.0,15400.0,10,6,6,1,0,0.2042022491190573,High Engagement,Low Engagement
15,1509.0,252000.0,22,0,11,0,0,0.14840712533269937,Low Engagement,Low Engagement
15,403.0,17900000.0,20,1,8,0,1,0.6356279030818821,Low Engagement,High Engagement
28,257.0,116000.0,18,5,3,0,0,0.35250187273607747,Low Engagement,Low Engagement
20,563.0,187000.0,18,6,8,0,0,0.3533151291819412,Low Engagement,Low Engagement
1,754.0,108000000.0,9,3,11,0,0,0.31156387056976115,Low Engagement,Low Engagement
22,1655.0,2330000.0,20,4,12,0,0,0.44873544156161427,Low Engagement,Low Engagement
28,1866.0,516000.0,9,6,11,0,0,0.16659297701643538,Low Engagement,Low Engagement
24,547.0,10600000.0,15,2,12,1,1,0.7491264826423959,High Engagement,High Engagement
22,734.0,1380000.0,17,1,10,1,0,0.4049872525552455,High Engagement,Low Engagement
19,1189.0,109000.0,22,5,12,0,0,0.14316903168158532,Low Engagement,Low Engagement
24,691.0,4860000.0,14,5,7,0,1,0.6729678468284285,Low Engagement,High Engagement
20,1041.0,3640000.0,20,3,12,1,0,0.44734811066072355,High Engagement,Low Engagement
2,513.0,10900000.0,3,0,8,1,1,0.6928936150836063,High Engagement,High Engagement
23,315.0,25000000.0,11,1,7,1,1,0.6577850111140716,High Engagement,High Engagement
26,1607.0,1200000.0,21,3,1,1,0,0.36747025063010336,High Engagement,Low Engagement
20,531.0,4840000.0,0,3,8,1,1,0.5798222812602493,High Engagement,High Engagement
22,884.0,912000.0,19,4,11,1,0,0.25546419267297876,High Engagement,Low Engagement
20,488.0,1420000.0,1,3,9,0,0,0.4314790280701558,Low Engagement,Low Engagement
15,796.0,468000.0,13,6,3,0,0,0.3217666124800976,Low Engagement,Low Engagement
27,378.0,5150000.0,15,4,10,1,1,0.5780206336879251,High Engagement,High Engagement
24,1027.0,8170000.0,20,4,10,1,1,0.7788029303329099,High Engagement,High Engagement
20,615.0,52100000.0,19,2,11,1,1,0.5568056179717074,High Engagement,High Engagement
26,1001.0,3470.0,23,3,11,0,0,0.20643748180185567,Low Engagement,Low Engagement
27,333.0,5700000.0,15,1,6,0,1,0.67817409347639,Low Engagement,High Engagement
20,1245.0,11900000.0,21,6,7,0,1,0.6740392384425775,Low Engagement,High Engagement
23,289.0,12400000.0,21,1,3,0,1,0.655769809887978,Low Engagement,High Engagement
22,424.0,13000.0,7,2,4,0,0,0.3456948627091402,Low Engagement,Low Engagement
24,788.0,21800000.0,14,2,7,0,1,0.7634195728738008,Low Engagement,High Engagement
25,682.0,14600000.0,21,1,9,0,0,0.3450518544162355,Low Engagement,Low Engagement
10,626.0,3060000.0,23,1,6,0,0,0.47074726342648937,Low Engagement,Low Engagement
23,1176.0,33200000.0,19,0,7,0,1,0.7559218905795307,Low Engagement,High Engagement
27,317.0,22200000.0,15,0,9,1,1,0.7636327057703854,High Engagement,High Engagement
15,1039.0,6780000.0,13,5,2,0,1,0.6096190435429072,Low Engagement,High Engagement
17,2852.0,1360000.0,20,1,11,0,0,0.26640180499294397,Low Engagement,Low Engagement
22,653.0,7340000.0,8,2,11,0,0,0.49156352010690596,Low Engagement,Low Engagement
24,265.0,949000.0,17,1,7,0,0,0.3729713162231426,Low Engagement,Low Engagement
26,2738.0,2430000.0,15,2,11,1,0,0.3366471138640205,High Engagement,Low Engagement
15,267.0,170000.0,19,6,5,0,0,0.32108457147526026,Low Engagement,Low Engagement
24,2617.0,7830000.0,20,0,2,1,1,0.6750014315022671,High Engagement,High Engagement
2,841.0,1300000.0,9,1,6,0,0,0.407373680180816,Low Engagement,Low Engagement
23,1317.0,18500000.0,15,0,10,1,1,0.7898015014720883,High Engagement,High Engagement
27,3154.0,57300.0,13,0,12,0,0,0.25020329640949335,Low Engagement,Low Engagement
23,604.0,1310000.0,21,1,12,0,0,0.3976006620708498,Low Engagement,Low Engagement
25,2438.0,13300.0,20,1,4,0,0,0.2829873950995477,Low Engagement,Low Engagement
20,567.0,2010000.0,13,6,4,1,0,0.4644203687976159,High Engagement,Low Engagement
22,1529.0,58100.0,19,5,11,0,0,0.15710802188753312,Low Engagement,Low Engagement
22,1194.0,225000.0,18,4,1,0,0,0.3501116397681042,Low Engagement,Low Engagement
27,379.0,72900.0,15,4,3,0,0,0.3579895696216866,Low Engagement,Low Engagement
20,620.0,8890.0,6,0,7,1,0,0.3158493339981434,High Engagement,Low Engagement
20,613.0,10200000.0,15,0,9,1,1,0.7027508152039794,High Engagement,High Engagement
20,684.0,292000.0,18,3,4,1,0,0.36660923749649504,High Engagement,Low Engagement
23,271.0,3410000.0,23,2,2,1,1,0.6035513942732108,High Engagement,High Engagement
1,578.0,3660000.0,13,5,10,1,1,0.7398135350908647,High Engagement,High Engagement
17,2125.0,111000000.0,16,3,9,0,1,0.637614693958421,Low Engagement,High Engagement
19,435.0,3550000.0,16,4,2,0,0,0.3555351032598067,Low Engagement,Low Engagement
24,967.0,10400000.0,16,6,3,1,1,0.8485185558582169,High Engagement,High Engagement
19,2099.0,145000.0,20,4,12,0,0,0.140191023626558,Low Engagement,Low Engagement
27,253.0,7000000.0,12,4,11,1,1,0.5252141298042035,High Engagement,High Engagement
24,570.0,949000.0,17,2,8,0,0,0.41123800199571153,Low Engagement,Low Engagement
28,278.0,13200000.0,7,0,4,1,1,0.6824884963710078,High Engagement,High Engagement
27,545.0,667000.0,15,6,11,0,0,0.254150513916149,Low Engagement,Low Engagement
24,502.0,20600000.0,20,1,12,0,1,0.8301510107979847,Low Engagement,High Engagement
1,380.0,4900000.0,15,4,3,1,1,0.7841362840088087,High Engagement,High Engagement
29,636.0,43900000.0,21,3,3,0,0,0.2981446050036976,Low Engagement,Low Engagement
23,571.0,9100000.0,6,4,10,1,1,0.7028587669911709,High Engagement,High Engagement
29,1664.0,43900000.0,14,1,10,1,0,0.28008791487279483,High Engagement,Low Engagement
27,393.0,841000.0,16,1,2,0,0,0.3970545677819067,Low Engagement,Low Engagement
1,508.0,14900000.0,18,6,6,1,1,0.8869830880770536,High Engagement,High Engagement
26,959.0,25900000.0,12,0,7,1,1,0.7927058394794549,High Engagement,High Engagement
23,534.0,7220000.0,21,6,1,0,1,0.7453612391776272,Low Engagement,High Engagement
27,657.0,16800000.0,21,0,6,0,1,0.7421149036895699,Low Engagement,High Engagement
28,1754.0,16700000.0,6,3,1,1,1,0.6800433351896101,High Engagement,High Engagement
15,1752.0,746000.0,10,2,4,0,0,0.24496359576904164,Low Engagement,Low Engagement
28,425.0,24700000.0,19,6,5,1,1,0.7441026734805012,High Engagement,High Engagement
28,496.0,1750.0,21,6,7,0,0,0.3101294434460432,Low Engagement,Low Engagement
20,625.0,6630000.0,18,2,5,0,1,0.6591901137895864,Low Engagement,High Engagement
15,5401.0,5630.0,15,0,8,0,0,0.18069152463285637,Low Engagement,Low Engagement
29,249.0,1520000.0,22,3,1,0,0,0.2269001980621527,Low Engagement,Low Engagement
26,658.0,493000.0,19,0,4,0,0,0.35943970837130845,Low Engagement,Low Engagement
29,613.0,7120.0,23,6,6,0,0,0.19171279377738015,Low Engagement,Low Engagement
17,286.0,24300000.0,4,4,3,0,1,0.6191527687412979,Low Engagement,High Engagement
25,1575.0,3130000.0,16,5,11,0,0,0.2437944974862923,Low Engagement,Low Engagement
26,974.0,25900000.0,13,1,7,1,1,0.7676553513489421,High Engagement,High Engagement
1,730.0,108000000.0,8,4,11,0,0,0.30073193079622235,Low Engagement,Low Engagement
15,822.0,1300.0,21,5,11,0,0,0.18087405423807262,Low Engagement,Low Engagement
24,884.0,17500000.0,0,6,6,1,1,0.8030671903164577,High Engagement,High Engagement
25,1070.0,2240000.0,7,2,11,0,0,0.2261106805259059,Low Engagement,Low Engagement
24,44.0,66200000.0,17,2,11,0,0,0.3791596425222766,Low Engagement,Low Engagement
24,340.0,25500000.0,12,1,10,0,1,0.7758439329370627,Low Engagement,High Engagement
27,1148.0,1290000.0,19,4,4,0,0,0.3973839643679443,Low Engagement,Low Engagement
20,626.0,52100000.0,18,2,10,1,1,0.7499419605436347,High Engagement,High Engagement
23,649.0,13300000.0,17,2,4,1,1,0.7033862277750791,High Engagement,High Engagement
27,661.0,209000.0,5,6,11,0,0,0.20167554767406767,Low Engagement,Low Engagement
27,815.0,2220000.0,15,0,9,1,0,0.42475922936593125,High Engagement,Low Engagement
22,317.0,705000.0,12,3,5,0,0,0.4077182014866938,Low Engagement,Low Engagement
27,632.0,3480000.0,17,1,3,0,0,0.433194667640117,Low Engagement,Low Engagement
27,894.0,15300000.0,19,6,7,1,1,0.7738662681396107,High Engagement,High Engagement
28,421.0,5000000.0,14,4,10,1,1,0.5086028538626831,High Engagement,High Engagement
20,684.0,520.0,17,5,6,0,0,0.33457558815395994,Low Engagement,Low Engagement
28,240.0,178000.0,15,0,4,0,0,0.3507979557837692,Low Engagement,Low Engagement
28,729.0,4060000.0,17,1,6,0,0,0.44382783511832846,Low Engagement,Low Engagement
17,1279.0,1730000.0,17,4,7,1,0,0.38790716384385043,High Engagement,Low Engagement
28,568.0,217000.0,12,2,5,0,0,0.3171263308074912,Low Engagement,Low Engagement
25,2412.0,9260000.0,19,2,6,1,0,0.4488286031060697,High Engagement,Low Engagement
17,1050.0,937000.0,21,2,9,1,0,0.39780906387554293,High Engagement,Low Engagement
20,663.0,3640000.0,20,0,2,0,0,0.4706380389909057,Low Engagement,Low Engagement
17,241.0,5340000.0,14,5,2,0,1,0.5465317260622523,Low Engagement,High Engagement
19,256.0,1990000.0,16,2,9,0,0,0.3605105813852371,Low Engagement,Low Engagement
19,380.0,14000000.0,12,6,4,1,1,0.670220842009202,High Engagement,High Engagement
20,3157.0,337000.0,22,6,3,0,0,0.335752788377035,Low Engagement,Low Engagement
27,660.0,6880.0,9,2,8,0,0,0.31518963143174955,Low Engagement,Low Engagement
24,448.0,21800000.0,16,3,5,1,1,0.817477165071657,High Engagement,High Engagement
25,561.0,14600000.0,23,2,10,0,0,0.3337325210723305,Low Engagement,Low Engagement
27,1255.0,359000.0,13,3,2,1,0,0.31778721737015775,High Engagement,Low Engagement
15,396.0,182000.0,23,0,10,0,0,0.2901802410270389,Low Engagement,Low Engagement
20,1133.0,8890000.0,2,4,12,0,1,0.6746461113015132,Low Engagement,High Engagement
27,971.0,1110000.0,16,6,11,0,0,0.2226581316682921,Low Engagement,Low Engagement
1,1420.0,1860000.0,3,1,2,0,1,0.7054798783732084,Low Engagement,High Engagement
24,611.0,7960000.0,16,3,1,1,1,0.8046552004212003,High Engagement,High Engagement
26,531.0,9770000.0,12,0,10,1,1,0.7571225998493202,High Engagement,High Engagement
26,278.0,930000.0,15,6,2,0,0,0.4356269600183528,Low Engagement,Low Engagement
23,1135.0,5550000.0,20,4,1,1,1,0.7616337706916201,High Engagement,High Engagement
15,669.0,115000.0,17,2,9,0,0,0.22492698590680812,Low Engagement,Low Engagement
28,285.0,4060000.0,18,3,2,0,0,0.42526619038914876,Low Engagement,Low Engagement
27,582.0,635000.0,17,0,4,0,0,0.37094880029532645,Low Engagement,Low Engagement
26,3374.0,230000.0,11,3,3,0,0,0.3259011042810679,Low Engagement,Low Engagement
20,749.0,2710000.0,22,5,11,0,0,0.3437765115325027,Low Engagement,Low Engagement
24,772.0,6980000.0,17,5,1,1,1,0.8038419169275081,High Engagement,High Engagement
24,601.0,1400000.0,13,1,6,0,0,0.4361654881064837,Low Engagement,Low Engagement
20,747.0,759000.0,22,0,12,0,0,0.3769154645878068,Low Engagement,Low Engagement
24,714.0,12100000.0,1,4,11,1,1,0.5565162065527547,High Engagement,High Engagement
26,2976.0,76700.0,13,4,4,0,0,0.2969378235413304,Low Engagement,Low Engagement
20,866.0,13900000.0,19,3,9,1,1,0.696868034596945,High Engagement,High Engagement
28,1191.0,234000.0,14,6,8,1,0,0.3088279180069079,High Engagement,Low Engagement
24,570.0,9430000.0,21,4,2,1,1,0.790303911677041,High Engagement,High Engagement
24,985.0,24200000.0,12,5,3,1,1,0.8210577083473851,High Engagement,High Engagement
24,999.0,6610000.0,22,0,11,0,1,0.5084546450284051,Low Engagement,High Engagement
20,1052.0,199000.0,20,0,2,1,0,0.33015011821205303,High Engagement,Low Engagement
1,800.0,3720000.0,23,3,2,1,1,0.7355785206171815,High Engagement,High Engagement
29,2215.0,1040000.0,13,6,2,0,0,0.152080361531748,Low Engagement,Low Engagement
20,488.0,1690000.0,18,6,7,1,0,0.4411123399786142,High Engagement,Low Engagement
23,580.0,6170000.0,13,2,7,1,1,0.6841040374357856,High Engagement,High Engagement
29,6507.0,12600.0,13,5,2,0,0,0.1441540875438969,Low Engagement,Low Engagement
20,913.0,2040000.0,13,2,9,0,0,0.4310611079522894,Low Engagement,Low Engagement
25,6583.0,3240000.0,0,2,12,1,0,0.3587503629869735,High Engagement,Low Engagement
20,1363.0,33200000.0,0,3,6,1,1,0.6994520194667514,High Engagement,High Engagement
15,816.0,3050000.0,13,5,11,1,0,0.43730487256934614,High Engagement,Low Engagement
17,501.0,1550000.0,12,3,4,1,0,0.42398014085321994,High Engagement,Low Engagement
28,440.0,4060000.0,17,1,10,0,0,0.41065564002529914,Low Engagement,Low Engagement
24,243.0,38100000.0,20,2,1,1,1,0.7880461501673547,High Engagement,High Engagement
27,876.0,4100000.0,6,4,4,1,0,0.4751204844128341,High Engagement,Low Engagement
15,1101.0,388000.0,8,0,11,0,0,0.16948976102728516,Low Engagement,Low Engagement
26,1577.0,95300.0,18,6,11,0,0,0.14599080700771944,Low Engagement,Low Engagement
28,282.0,2520000.0,19,5,11,0,0,0.3751518377369118,Low Engagement,Low Engagement
1,307.0,1360000.0,9,3,11,1,0,0.4286087003825069,High Engagement,Low Engagement
28,953.0,179000.0,21,0,12,0,0,0.2957513639535271,Low Engagement,Low Engagement
19,694.0,5160000.0,17,2,1,0,0,0.49400596427580656,Low Engagement,Low Engagement
28,439.0,3690000.0,18,6,1,1,0,0.43227613700690787,High Engagement,Low Engagement
19,301.0,5160000.0,17,4,12,0,0,0.4833243974972448,Low Engagement,Low Engagement
17,734.0,23900000.0,22,4,6,1,1,0.7397777706181882,High Engagement,High Engagement
20,2504.0,5680000.0,8,0,12,0,1,0.5649331416020454,Low Engagement,High Engagement
20,2719.0,2540000.0,18,2,11,0,0,0.3192366291341081,Low Engagement,Low Engagement
24,1370.0,80900000.0,13,2,11,0,0,0.4144889296292955,Low Engagement,Low Engagement
28,568.0,7090000.0,14,6,3,0,1,0.5094594903775469,Low Engagement,High Engagement
24,6214.0,1700000.0,17,4,12,1,0,0.35242071957929805,High Engagement,Low Engagement
23,258.0,13300000.0,2,1,7,0,1,0.6471428916278245,Low Engagement,High Engagement
22,265.0,43700.0,20,5,11,0,0,0.2652843670828477,Low Engagement,Low Engagement
15,400.0,301000.0,14,3,2,1,0,0.2868048902390597,High Engagement,Low Engagement
25,774.0,14600000.0,22,3,10,0,0,0.2648426459424069,Low Engagement,Low Engagement
28,417.0,3020000.0,17,0,11,1,0,0.382003973979758,High Engagement,Low Engagement
10,407.0,3060000.0,17,2,8,0,0,0.4421863772255019,Low Engagement,Low Engagement
10,1387.0,3280000.0,0,5,3,1,1,0.5100473765334061,High Engagement,High Engagement
22,710.0,889000.0,23,3,4,1,0,0.4356621293958555,High Engagement,Low Engagement
20,1672.0,20700000.0,19,2,8,1,1,0.6821202087920625,High Engagement,High Engagement
22,1032.0,964000.0,16,5,8,1,0,0.44784631177615986,High Engagement,Low Engagement
24,958.0,16700000.0,22,4,7,1,1,0.8086611737741557,High Engagement,High Engagement
24,11898.0,224000.0,4,0,5,0,0,0.29791978387121615,Low Engagement,Low Engagement
22,1056.0,1250000.0,21,0,6,1,0,0.41911302927974164,High Engagement,Low Engagement
24,1179.0,7300000.0,12,5,5,1,1,0.7811431155285529,High Engagement,High Engagement
15,499.0,3740000.0,22,1,6,1,0,0.4347227135110592,High Engagement,Low Engagement
20,835.0,3640000.0,19,3,4,1,0,0.4489275202725282,High Engagement,Low Engagement
28,1200.0,2150000.0,15,1,10,1,0,0.40883732051831134,High Engagement,Low Engagement
17,628.0,5340000.0,19,4,6,1,1,0.5768190904198285,High Engagement,High Engagement
28,1012.0,20600000.0,2,5,3,1,1,0.7624346525695743,High Engagement,High Engagement
27,588.0,9230000.0,5,6,3,0,1,0.7040850868118173,Low Engagement,High Engagement
19,953.0,29300.0,15,3,12,0,0,0.13833841585725556,Low Engagement,Low Engagement
20,2270.0,3040000.0,19,5,6,0,0,0.4715586020330459,Low Engagement,Low Engagement
24,839.0,7960000.0,16,4,5,1,1,0.8271421417624485,High Engagement,High Engagement
22,676.0,20900000.0,8,2,12,1,1,0.7399497268392816,High Engagement,High Engagement
23,1133.0,2340000.0,19,1,6,1,1,0.5757228284746114,High Engagement,High Engagement
24,962.0,12000000.0,13,5,1,1,1,0.8022695436778167,High Engagement,High Engagement
1,9458.0,150000.0,13,1,8,1,1,0.5077585080372623,High Engagement,High Engagement
28,417.0,5710000.0,18,3,9,1,1,0.624971857514426,High Engagement,High Engagement
10,1730.0,116000.0,13,5,5,1,0,0.42132097437398014,High Engagement,Low Engagement
25,1330.0,2510000.0,11,4,5,0,0,0.3880524197547033,Low Engagement,Low Engagement
22,708.0,1760000.0,16,5,12,1,0,0.4621434374569772,High Engagement,Low Engagement
25,312.0,4280000.0,9,4,6,0,0,0.29536362664442684,Low Engagement,Low Engagement
22,5124.0,668000.0,19,3,11,0,0,0.2078955522480361,Low Engagement,Low Engagement
24,298.0,23600000.0,19,0,6,1,1,0.8096276484909252,High Engagement,High Engagement
24,2363.0,95700.0,15,2,10,0,0,0.28602901751524495,Low Engagement,Low Engagement
15,1515.0,11200000.0,17,3,12,0,1,0.5514107870604785,Low Engagement,High Engagement
26,494.0,1240000.0,9,2,3,1,0,0.4270963326732734,High Engagement,Low Engagement
27,1106.0,1510000.0,13,3,2,1,0,0.399094311179159,High Engagement,Low Engagement
23,694.0,5560000.0,13,4,1,1,1,0.6961079286281422,High Engagement,High Engagement
23,245.0,2870000.0,16,3,5,0,1,0.6072586081729593,Low Engagement,High Engagement
22,748.0,63600.0,18,2,1,1,0,0.37135156337977493,High Engagement,Low Engagement
28,690.0,1310000.0,13,3,8,0,0,0.3764614551229124,Low Engagement,Low Engagement
27,1168.0,5130000.0,22,2,7,1,1,0.5335482861671075,High Engagement,High Engagement
23,1381.0,9590000.0,20,1,10,1,1,0.7533111210295512,High Engagement,High Engagement
24,2964.0,1360000.0,9,5,7,0,0,0.4045393923914966,Low Engagement,Low Engagement
20,1050.0,254000.0,17,5,11,1,0,0.1754026793720063,High Engagement,Low Engagement
15,259.0,14200000.0,16,0,4,1,1,0.6256174482724933,High Engagement,High Engagement
1,260.0,12800.0,20,3,3,0,1,0.5171604928601752,Low Engagement,High Engagement
20,1101.0,2010000.0,1,3,12,1,0,0.4436763264983522,High Engagement,Low Engagement
19,6375.0,5160000.0,17,5,1,1,1,0.5006598037137105,High Engagement,High Engagement
17,512.0,26500000.0,17,4,7,0,1,0.6588389369148724,Low Engagement,High Engagement
27,730.0,19700000.0,15,3,3,1,1,0.758493408169395,High Engagement,High Engagement
26,404.0,1260000.0,17,0,2,1,0,0.4074445180867471,High Engagement,Low Engagement
20,608.0,23300000.0,2,2,7,1,1,0.7450495598858905,High Engagement,High Engagement
22,809.0,3200000.0,11,2,3,0,0,0.48800091179981536,Low Engagement,Low Engagement
27,764.0,24900000.0,14,1,9,1,1,0.7520017984654065,High Engagement,High Engagement
24,927.0,7190000.0,16,2,7,1,1,0.7965246673519385,High Engagement,High Engagement
23,1801.0,18500000.0,11,6,10,1,1,0.7699502618679569,High Engagement,High Engagement
22,1199.0,751000.0,19,4,11,0,0,0.22652258146752013,Low Engagement,Low Engagement
23,293.0,12400000.0,14,1,5,0,1,0.620792733923481,Low Engagement,High Engagement
17,948.0,1060000.0,9,6,9,0,0,0.39874797725887867,Low Engagement,Low Engagement
28,551.0,1280000.0,23,2,8,0,0,0.3764410420632348,Low Engagement,Low Engagement
28,625.0,1000000.0,13,2,9,0,0,0.3806474726123188,Low Engagement,Low Engagement
20,700.0,2010000.0,1,0,3,1,1,0.5026244098095882,High Engagement,High Engagement
28,672.0,3020000.0,22,1,10,0,0,0.41853344013401345,Low Engagement,Low Engagement
22,637.0,9680.0,0,2,5,0,0,0.32814710530967767,Low Engagement,Low Engagement
24,899.0,6990000.0,16,6,8,0,1,0.8172412470975275,Low Engagement,High Engagement
17,1457.0,23700000.0,17,2,11,0,0,0.47360008647201385,Low Engagement,Low Engagement
26,2064.0,10400000.0,15,2,12,1,1,0.6686147471650014,High Engagement,High Engagement
17,2952.0,622000.0,12,3,5,0,0,0.34661820760264683,Low Engagement,Low Engagement
28,277.0,5020000.0,10,3,6,0,1,0.5071522384681776,Low Engagement,High Engagement
26,1710.0,13400000.0,8,6,5,1,1,0.6942040014944058,High Engagement,High Engagement
17,1027.0,2880000.0,2,3,5,0,0,0.45316496775430704,Low Engagement,Low Engagement
1,523.0,14900000.0,19,6,2,1,1,0.865354847209133,High Engagement,High Engagement
1,504.0,225000.0,22,2,2,1,0,0.49259916245825136,High Engagement,Low Engagement
10,321.0,56600.0,11,6,9,1,1,0.5144829646973722,High Engagement,High Engagement
24,526.0,4720000.0,4,6,3,1,1,0.6825499338852873,High Engagement,High Engagement
24,775.0,5820000.0,17,4,2,1,1,0.7937886614993007,High Engagement,High Engagement
24,695.0,10600000.0,16,2,8,1,1,0.8101074139216968,High Engagement,High Engagement
24,369.0,42800000.0,22,4,6,1,1,0.8027467866918836,High Engagement,High Engagement
20,1216.0,677000.0,5,0,10,0,0,0.31377368239799536,Low Engagement,Low Engagement
15,1829.0,36500.0,3,1,11,0,0,0.15400580944707515,Low Engagement,Low Engagement
22,1192.0,19400000.0,16,5,11,1,1,0.591875840972902,High Engagement,High Engagement
15,1121.0,14200000.0,12,5,12,0,1,0.6525866548739616,Low Engagement,High Engagement
26,293.0,6130000.0,12,6,7,1,1,0.6421003633168224,High Engagement,High Engagement
27,893.0,183000.0,10,4,6,0,0,0.33217858516751714,Low Engagement,Low Engagement
26,1293.0,13400000.0,10,0,1,0,1,0.6209327935424456,Low Engagement,High Engagement
25,830.0,14600000.0,22,3,10,0,0,0.2653068655681935,Low Engagement,Low Engagement
24,754.0,35100000.0,23,0,1,1,1,0.7971632844932505,High Engagement,High Engagement
22,5164.0,90800.0,15,3,7,0,0,0.32133331610666827,Low Engagement,Low Engagement
29,1009.0,43900000.0,18,1,7,0,0,0.28102425341185544,Low Engagement,Low Engagement
24,623.0,1260000.0,15,2,4,0,0,0.41598569442063,Low Engagement,Low Engagement
23,710.0,25000000.0,11,1,7,1,1,0.7155094545442153,High Engagement,High Engagement
28,926.0,22000000.0,14,5,4,1,1,0.7306795536498198,High Engagement,High Engagement
22,732.0,12600000.0,11,2,9,1,1,0.7173905993527498,High Engagement,High Engagement
22,1097.0,5520000.0,19,4,11,1,1,0.5312966684874783,High Engagement,High Engagement
17,283.0,9770000.0,8,4,4,0,1,0.6091713236054881,Low Engagement,High Engagement
20,1064.0,37900000.0,18,1,8,1,1,0.7411252795301788,High Engagement,High Engagement
27,1333.0,5670000.0,19,4,3,1,1,0.6255973229154805,High Engagement,High Engagement
28,60.0,71700000.0,23,3,11,1,0,0.4773293491335824,High Engagement,Low Engagement
1,862.0,13400000.0,1,4,2,1,1,0.8467036197536896,High Engagement,High Engagement
20,650.0,652000.0,19,5,11,0,0,0.2178877870254943,Low Engagement,Low Engagement
22,659.0,1760000.0,15,5,4,0,0,0.4888281326660444,Low Engagement,Low Engagement
26,952.0,21300000.0,15,5,5,1,1,0.7911995553844626,High Engagement,High Engagement
22,1769.0,37300.0,22,0,10,0,0,0.2537154309512522,Low Engagement,Low Engagement
26,542.0,10400000.0,14,6,10,1,1,0.7926611890472542,High Engagement,High Engagement
23,282.0,14200000.0,22,1,12,1,1,0.6162883721482071,High Engagement,High Engagement
23,316.0,13300000.0,16,3,8,0,1,0.6541441517349292,Low Engagement,High Engagement
28,294.0,6500000.0,14,1,4,0,1,0.5388284127420359,Low Engagement,High Engagement
29,5767.0,139000.0,19,1,11,0,0,0.1448698041864927,Low Engagement,Low Engagement
23,1790.0,2610000.0,18,4,7,1,1,0.656938366671118,High Engagement,High Engagement
25,1028.0,2450000.0,16,4,5,1,0,0.3489500833267241,High Engagement,Low Engagement
24,1685.0,336000.0,13,3,10,1,0,0.29097872032173244,High Engagement,Low Engagement
20,2969.0,2600000.0,3,5,5,1,0,0.4894720611373047,High Engagement,Low Engagement
24,565.0,270000.0,6,0,2,1,0,0.3526568896334221,High Engagement,Low Engagement
26,1552.0,3230000.0,12,0,1,0,0,0.44447305981703056,Low Engagement,Low Engagement
23,634.0,25000000.0,8,1,12,1,1,0.6823644617599252,High Engagement,High Engagement
27,1029.0,2930000.0,23,2,12,0,0,0.4205744461320195,Low Engagement,Low Engagement
26,396.0,1610000.0,17,0,5,0,0,0.409109148563899,Low Engagement,Low Engagement
17,200.0,61700000.0,22,0,2,1,1,0.7348068535608744,High Engagement,High Engagement
22,436.0,492.0,8,2,8,0,0,0.3460365651683735,Low Engagement,Low Engagement
24,277.0,12700.0,21,3,6,0,0,0.3604865688559731,Low Engagement,Low Engagement
17,1562.0,15400000.0,22,1,1,1,1,0.5854376106809142,High Engagement,High Engagement
28,921.0,2820000.0,19,0,2,1,0,0.4365274809249191,High Engagement,Low Engagement
1,158.0,65500000.0,18,2,11,0,0,0.31499392310862884,Low Engagement,Low Engagement
24,258.0,42800000.0,0,2,12,1,1,0.7539100996825961,High Engagement,High Engagement
27,396.0,3480000.0,13,1,12,0,0,0.4193042351289864,Low Engagement,Low Engagement
28,650.0,753000.0,5,1,12,0,0,0.3588337365749566,Low Engagement,Low Engagement
27,881.0,4450000.0,12,1,1,0,1,0.5497718641342292,Low Engagement,High Engagement
20,1144.0,3920000.0,11,0,10,0,0,0.43063342287313505,Low Engagement,Low Engagement
28,408.0,13200000.0,2,5,6,1,1,0.7011362158354053,High Engagement,High Engagement
24,760.0,1880000.0,8,4,11,0,0,0.3124027047620043,Low Engagement,Low Engagement
1,444.0,24700000.0,16,5,4,1,1,0.8623757806764606,High Engagement,High Engagement
24,251.0,2380000.0,7,0,10,1,0,0.47849257653909794,High Engagement,Low Engagement
24,385.0,10100000.0,16,4,4,1,1,0.8125567538188458,High Engagement,High Engagement
2,580.0,5020000.0,16,2,1,1,1,0.5644710211064217,High Engagement,High Engagement
29,3786.0,2410000.0,3,6,9,0,0,0.21167111263709495,Low Engagement,Low Engagement
23,649.0,7150000.0,18,4,7,1,1,0.7407587184114423,High Engagement,High Engagement
22,284.0,1350000.0,22,3,9,1,0,0.4353915397517338,High Engagement,Low Engagement
24,621.0,271000.0,3,0,9,0,0,0.3271999745557817,Low Engagement,Low Engagement
28,1239.0,2970000.0,16,1,8,1,0,0.44290048514591207,High Engagement,Low Engagement
17,1322.0,385000.0,0,0,4,0,0,0.3390704604373932,Low Engagement,Low Engagement
20,888.0,3920000.0,10,6,8,0,0,0.4431854914787154,Low Engagement,Low Engagement
20,3567.0,14300000.0,14,0,3,1,1,0.6530531392217972,High Engagement,High Engagement
1,247.0,262000.0,15,5,9,1,1,0.5035587675124771,High Engagement,High Engagement
10,250.0,8770000.0,21,3,7,1,1,0.6979481685067825,High Engagement,High Engagement
22,745.0,964000.0,17,5,1,1,0,0.45828565269343347,High Engagement,Low Engagement
22,321.0,7280000.0,16,1,5,1,1,0.6713218194762921,High Engagement,High Engagement
25,491.0,1690000.0,11,2,5,0,0,0.34963526004335493,Low Engagement,Low Engagement
26,1275.0,1770000.0,9,5,11,0,0,0.228689818239722,Low Engagement,Low Engagement
26,1064.0,14500.0,18,6,11,0,0,0.1828830012964651,Low Engagement,Low Engagement
20,494.0,1100000.0,14,6,10,0,0,0.39770456717399966,Low Engagement,Low Engagement
23,1228.0,13300000.0,16,6,9,1,1,0.7653649616288608,High Engagement,High Engagement
24,716.0,10400000.0,8,5,11,1,0,0.47886417380040824,High Engagement,Low Engagement
29,1254.0,43900000.0,19,1,10,1,0,0.33111253063985185,High Engagement,Low Engagement
27,771.0,4640000.0,13,1,12,1,1,0.5925433115191427,High Engagement,High Engagement
17,247.0,1030000.0,21,1,2,0,0,0.4104841979335726,Low Engagement,Low Engagement
10,267.0,307000000.0,9,5,11,0,0,0.3897234605794642,Low Engagement,Low Engagement
22,938.0,51100.0,13,4,6,1,0,0.34415869000074406,High Engagement,Low Engagement
20,994.0,42500.0,3,2,6,0,0,0.32587720527364006,Low Engagement,Low Engagement
27,300.0,6610000.0,21,4,2,1,1,0.6820341495143468,High Engagement,High Engagement
27,404.0,8430000.0,14,2,11,1,1,0.5420937345614635,High Engagement,High Engagement
20,2701.0,30400000.0,0,2,2,1,1,0.681102243984662,High Engagement,High Engagement
27,1197.0,3830000.0,17,2,9,0,0,0.42808099299057467,Low Engagement,Low Engagement
25,24513.0,6060000.0,22,5,5,0,0,0.42291701388892233,Low Engagement,Low Engagement
1,703.0,25600000.0,20,4,12,1,1,0.8562615740653285,High Engagement,High Engagement
24,730.0,11700000.0,16,2,11,1,1,0.5531016984031362,High Engagement,High Engagement
20,524.0,10200000.0,14,6,4,1,1,0.7373745514233887,High Engagement,High Engagement
24,421.0,12100000.0,0,6,10,1,1,0.7590704779735848,High Engagement,High Engagement
23,920.0,21700000.0,4,3,12,1,1,0.6681304259136218,High Engagement,High Engagement
27,867.0,1990000.0,16,5,11,0,0,0.3259872997478909,Low Engagement,Low Engagement
23,472.0,33200000.0,3,2,7,0,1,0.6401893276192933,Low Engagement,High Engagement
26,327.0,338000.0,11,6,4,0,0,0.3900138847425543,Low Engagement,Low Engagement
24,612.0,15000000.0,18,3,11,0,1,0.5740425182332374,Low Engagement,High Engagement
15,1357.0,695000.0,23,2,11,0,0,0.18191716020281354,Low Engagement,Low Engagement
1,608.0,33400.0,11,1,11,1,0,0.24452584621952142,High Engagement,Low Engagement
1,307.0,7120000.0,6,3,5,1,1,0.7998802027491483,High Engagement,High Engagement
15,249.0,14200000.0,9,4,7,0,1,0.6629946098603403,Low Engagement,High Engagement
24,1018.0,6980000.0,18,5,4,1,1,0.7939514543718406,High Engagement,High Engagement
2,685.0,4150000.0,14,2,4,0,1,0.5078275071127512,Low Engagement,High Engagement
28,1156.0,26900000.0,17,2,12,0,1,0.7158255860148259,Low Engagement,High Engagement
1,499.0,2430000.0,17,6,2,1,1,0.7503643874622111,High Engagement,High Engagement
15,269.0,1180000.0,15,0,2,0,0,0.3603888765025494,Low Engagement,Low Engagement
27,768.0,250000.0,22,3,1,0,0,0.3528779770389549,Low Engagement,Low Engagement
24,604.0,4520.0,22,5,6,1,0,0.33990490229903775,High Engagement,Low Engagement
22,846.0,1370000.0,14,4,1,1,0,0.4481283023769524,High Engagement,Low Engagement
1,8089.0,1640000.0,9,0,9,1,1,0.7001664996979805,High Engagement,High Engagement
28,1685.0,576000.0,4,2,11,0,0,0.21000384249832876,Low Engagement,Low Engagement
23,304.0,5180000.0,8,1,4,1,1,0.6344049716438117,High Engagement,High Engagement
19,451.0,997000.0,23,2,12,0,0,0.2285866481872661,Low Engagement,Low Engagement
26,1942.0,518000.0,21,4,2,0,0,0.3542132375012896,Low Engagement,Low Engagement
28,1916.0,13700000.0,0,0,9,1,1,0.6270220067838721,High Engagement,High Engagement
28,740.0,4060000.0,19,4,3,0,0,0.4486230649288271,Low Engagement,Low Engagement
28,375.0,5710000.0,15,5,3,1,1,0.6494473773977837,High Engagement,High Engagement
20,1292.0,873000.0,5,1,9,0,0,0.3459545859236913,Low Engagement,Low Engagement
28,2461.0,598000.0,3,1,12,0,0,0.31074813855576927,Low Engagement,Low Engagement
28,5346.0,12500000.0,22,3,1,0,1,0.628369567722734,Low Engagement,High Engagement
22,311.0,14300.0,17,6,5,0,0,0.3488264042658978,Low Engagement,Low Engagement
27,924.0,3830000.0,16,3,9,1,0,0.42556852395386485,High Engagement,Low Engagement
20,1292.0,16000.0,6,5,7,0,0,0.274940885156323,Low Engagement,Low Engagement
25,636.0,12700000.0,12,2,9,1,1,0.5034084189742734,High Engagement,High Engagement
27,367.0,1810000.0,9,0,12,0,0,0.3799591627021165,Low Engagement,Low Engagement
15,376.0,63900.0,16,1,3,0,0,0.3050385465407416,Low Engagement,Low Engagement
20,1177.0,13900000.0,12,5,5,0,1,0.7056506939977366,Low Engagement,High Engagement
29,303.0,2510000.0,17,1,11,0,0,0.2459161922970645,Low Engagement,Low Engagement
15,728.0,1660000.0,12,0,3,0,0,0.3688532889810711,Low Engagement,Low Engagement
22,1038.0,20900000.0,1,6,5,1,1,0.7856084376698099,High Engagement,High Engagement
27,1803.0,665000.0,12,6,11,0,0,0.17195788291429495,Low Engagement,Low Engagement
20,2224.0,3390000.0,13,1,8,1,0,0.45575140735388797,High Engagement,Low Engagement
24,857.0,6980000.0,17,5,1,1,1,0.8017593198071192,High Engagement,High Engagement
26,5344.0,206000.0,15,0,3,0,0,0.313964673818454,Low Engagement,Low Engagement
1,259.0,26100000.0,13,1,6,1,1,0.8351929421837776,High Engagement,High Engagement
24,312.0,1740000.0,2,2,11,1,0,0.32204874601883854,High Engagement,Low Engagement
27,2930.0,8950000.0,10,1,2,1,1,0.6447087305043566,High Engagement,High Engagement
26,1306.0,32100.0,1,6,11,0,0,0.16038768523927638,Low Engagement,Low Engagement
23,340.0,949000.0,18,4,1,0,0,0.4056490782028049,Low Engagement,Low Engagement
29,337.0,1520000.0,19,3,5,0,0,0.23779962933587617,Low Engagement,Low Engagement
27,582.0,6610000.0,15,0,9,1,1,0.7062910325290824,High Engagement,High Engagement
27,550.0,842000.0,17,5,10,1,0,0.394076754077793,High Engagement,Low Engagement
22,1576.0,3200000.0,5,3,9,1,0,0.47098283372010136,High Engagement,Low Engagement
28,275.0,71200.0,14,1,10,0,0,0.31217334207636027,Low Engagement,Low Engagement
20,851.0,887000.0,16,2,10,0,0,0.37630304421358585,Low Engagement,Low Engagement
20,782.0,1290000.0,18,2,11,0,0,0.24047526244784848,Low Engagement,Low Engagement
23,1553.0,1270000.0,20,1,1,1,1,0.5945901364831938,High Engagement,High Engagement
15,417.0,301000.0,14,1,3,0,0,0.27829384919957223,Low Engagement,Low Engagement
24,794.0,7960000.0,16,6,10,1,1,0.8143449107499425,High Engagement,High Engagement
19,916.0,5160000.0,16,3,9,0,0,0.47157688548430304,Low Engagement,Low Engagement
26,532.0,2600000.0,13,2,10,0,0,0.45013613630376853,Low Engagement,Low Engagement
27,427.0,5700000.0,14,2,6,1,1,0.6484180078680094,High Engagement,High Engagement
17,1973.0,1360000.0,20,0,12,0,0,0.30102412327120825,Low Engagement,Low Engagement
17,873.0,1430000.0,11,4,12,1,0,0.38744593109115805,High Engagement,Low Engagement
17,7790.0,15400000.0,15,6,4,1,1,0.6214615234755201,High Engagement,High Engagement
29,2392.0,1450000.0,4,5,10,0,0,0.17744717017934367,Low Engagement,Low Engagement
27,834.0,841000.0,22,3,11,1,0,0.27088052825609876,High Engagement,Low Engagement
26,674.0,9770000.0,6,5,9,1,1,0.7567473467234198,High Engagement,High Engagement
19,1082.0,347000.0,14,5,12,0,0,0.16212545720600774,Low Engagement,Low Engagement
20,676.0,104000.0,23,5,3,0,0,0.3608711415295294,Low Engagement,Low Engagement
22,467.0,6930000.0,13,2,5,1,1,0.6761941022977453,High Engagement,High Engagement
27,669.0,4860000.0,15,1,11,1,1,0.5219852966770676,High Engagement,High Engagement
26,330.0,14200000.0,2,4,4,1,1,0.7569666676571457,High Engagement,High Engagement
22,858.0,27000000.0,15,3,8,1,1,0.7432009125078058,High Engagement,High Engagement
24,910.0,34600000.0,15,6,2,1,1,0.8365475398341062,High Engagement,High Engagement
20,334.0,2860000.0,1,4,12,1,0,0.45785576370646075,High Engagement,Low Engagement
27,5058.0,20100000.0,5,4,11,0,0,0.4260690965731273,Low Engagement,Low Engagement
23,693.0,19700000.0,14,5,9,0,1,0.7268862914292356,Low Engagement,High Engagement
20,536.0,897000.0,11,1,11,0,0,0.26748165575692673,Low Engagement,Low Engagement
17,513.0,1170000.0,13,6,9,1,0,0.4183188951827114,High Engagement,Low Engagement
28,737.0,15400000.0,21,3,8,1,1,0.7371277769987722,High Engagement,High Engagement
22,3751.0,143000.0,13,6,10,0,0,0.28319305192124145,Low Engagement,Low Engagement
23,761.0,4370000.0,18,1,6,1,1,0.6633495882110475,High Engagement,High Engagement
1,304.0,65500000.0,17,1,10,1,1,0.7386168685860302,High Engagement,High Engagement
29,402.0,35000.0,13,1,6,0,0,0.19097997168620812,Low Engagement,Low Engagement
22,543.0,26500.0,4,0,5,0,0,0.34333569996099383,Low Engagement,Low Engagement
27,295.0,288000.0,13,2,3,1,0,0.36258963257649757,High Engagement,Low Engagement
27,527.0,107000.0,6,6,3,0,0,0.3667654516757289,Low Engagement,Low Engagement
29,1132.0,43900000.0,16,4,1,0,0,0.26649430099559707,Low Engagement,Low Engagement
22,651.0,257000.0,16,1,12,0,0,0.3454873255514078,Low Engagement,Low Engagement
24,866.0,123000.0,12,5,7,0,0,0.3287599259002077,Low Engagement,Low Engagement
28,688.0,5120000.0,19,5,11,0,0,0.49240622840275206,Low Engagement,Low Engagement
24,1131.0,1390000.0,11,4,11,0,0,0.24816452224204133,Low Engagement,Low Engagement
20,1137.0,8330000.0,23,5,10,0,1,0.662519169891251,Low Engagement,High Engagement
25,678.0,4080000.0,17,4,11,0,0,0.22148636943669292,Low Engagement,Low Engagement
25,2631.0,980000.0,13,5,8,1,0,0.31953430813805983,High Engagement,Low Engagement
26,491.0,5160000.0,16,1,6,1,1,0.5955826077648448,High Engagement,High Engagement
28,7608.0,7250000.0,12,0,5,0,1,0.5615401255495721,Low Engagement,High Engagement
15,1300.0,12400.0,8,6,12,0,0,0.17964737665924496,Low Engagement,Low Engagement
1,603.0,253000.0,7,0,9,0,0,0.4049702864603601,Low Engagement,Low Engagement
19,316.0,41400.0,17,3,12,1,0,0.21181455814074074,High Engagement,Low Engagement
27,1201.0,1390000.0,15,2,10,0,0,0.3920487464287295,Low Engagement,Low Engagement
25,420.0,16900000.0,14,3,6,0,0,0.421531623303875,Low Engagement,Low Engagement
23,1395.0,13300000.0,14,2,2,1,1,0.7338180519660124,High Engagement,High Engagement
27,786.0,7170000.0,4,6,4,0,1,0.705837143362321,Low Engagement,High Engagement
22,988.0,10200000.0,21,4,2,1,1,0.75562152673539,High Engagement,High Engagement
25,2668.0,2070000.0,9,0,11,0,0,0.2199424875710117,Low Engagement,Low Engagement
23,468.0,20600000.0,20,0,11,1,1,0.6108541414922101,High Engagement,High Engagement
26,829.0,1790000.0,14,4,5,0,0,0.4277584154079956,Low Engagement,Low Engagement
25,676.0,14600000.0,3,1,9,0,0,0.360183172726627,Low Engagement,Low Engagement
24,763.0,2450000.0,18,5,8,1,1,0.5374226713957393,High Engagement,High Engagement
1,983.0,13400000.0,20,2,11,1,1,0.5596417001912305,High Engagement,High Engagement
28,1194.0,7090000.0,6,2,10,0,1,0.5475544058593108,Low Engagement,High Engagement
20,1899.0,485000.0,17,0,10,0,0,0.2905288428294061,Low Engagement,Low Engagement
10,186.0,62700000.0,4,4,10,1,1,0.7712395207003724,High Engagement,High Engagement
10,360.0,292000.0,12,2,3,1,0,0.47819225285990646,High Engagement,Low Engagement
10,585.0,3060000.0,10,1,8,0,0,0.43748768286873296,Low Engagement,Low Engagement
17,585.0,526000.0,10,0,1,0,0,0.36569959762032167,Low Engagement,Low Engagement
23,1277.0,6450000.0,21,6,12,1,1,0.7346144693852122,High Engagement,High Engagement
20,1126.0,3110000.0,23,5,9,1,0,0.4679762619267004,High Engagement,Low Engagement
24,1426.0,670000.0,12,2,11,0,0,0.1854539068103658,Low Engagement,Low Engagement
2,1409.0,5030000.0,16,3,2,1,1,0.5718265163591864,High Engagement,High Engagement
23,718.0,2660000.0,3,3,10,1,1,0.5865185749717853,High Engagement,High Engagement
22,483.0,79100.0,18,1,3,0,0,0.36714193569453724,Low Engagement,Low Engagement
26,2411.0,6630000.0,17,6,2,0,1,0.6504101506541504,Low Engagement,High Engagement
27,1194.0,14500000.0,13,6,5,1,1,0.706056185395103,High Engagement,High Engagement
15,454.0,2530000.0,17,1,11,1,0,0.3800508539610114,High Engagement,Low Engagement
25,913.0,6610000.0,21,3,9,0,0,0.32585820766468115,Low Engagement,Low Engagement
22,415.0,27800.0,0,1,3,0,0,0.3578962908874231,Low Engagement,Low Engagement
29,1168.0,43900000.0,22,4,4,0,0,0.32038015146959536,Low Engagement,Low Engagement
27,529.0,842000.0,18,5,2,1,0,0.41131254686196483,High Engagement,Low Engagement
23,1008.0,2560000.0,20,2,6,0,1,0.5877936561470295,Low Engagement,High Engagement
25,676.0,4080000.0,17,2,1,0,0,0.3039094029938973,Low Engagement,Low Engagement
24,901.0,44100.0,20,1,12,0,0,0.3249495550762843,Low Engagement,Low Engagement
26,403.0,455000.0,13,6,10,0,0,0.3799565208491975,Low Engagement,Low Engagement
28,363.0,1750000.0,18,5,12,0,0,0.3882719802861899,Low Engagement,Low Engagement
27,259.0,2140000.0,11,3,5,0,0,0.4396093992800284,Low Engagement,Low Engagement
25,1049.0,3240000.0,21,0,3,1,0,0.34339048614634926,High Engagement,Low Engagement
22,4550.0,6180000.0,17,5,7,0,1,0.5902028137451949,Low Engagement,High Engagement
23,2236.0,5540000.0,17,4,5,1,1,0.7456026991395085,High Engagement,High Engagement
24,890.0,24200000.0,15,4,10,1,1,0.8009437548501133,High Engagement,High Engagement
27,1550.0,341000.0,16,1,11,0,0,0.184256933637632,Low Engagement,Low Engagement
17,8763.0,2210000.0,22,0,11,0,0,0.32837955895756893,Low Engagement,Low Engagement
22,937.0,10200000.0,1,5,6,1,1,0.7705466111966424,High Engagement,High Engagement
22,1041.0,5520000.0,16,1,6,1,1,0.7046222101851127,High Engagement,High Engagement
20,1017.0,422000.0,3,0,11,0,0,0.20081777831196562,Low Engagement,Low Engagement
27,1019.0,7880000.0,14,3,9,1,1,0.7104984547484418,High Engagement,High Engagement
2,769.0,9220000.0,16,0,5,1,1,0.6923891225425395,High Engagement,High Engagement
24,728.0,10600000.0,16,4,10,1,1,0.804407121337712,High Engagement,High Engagement
24,360.0,6950000.0,14,0,1,0,1,0.7322297105170655,Low Engagement,High Engagement
24,821.0,5820000.0,16,2,10,1,1,0.7715072518352667,High Engagement,High Engagement
23,1508.0,1930000.0,0,2,4,1,1,0.670988328721197,High Engagement,High Engagement
28,480.0,24700000.0,21,3,3,1,1,0.7383969370807336,High Engagement,High Engagement
1,425.0,14900000.0,18,5,12,1,1,0.8556629782609417,High Engagement,High Engagement
24,392.0,27000000.0,22,4,11,1,1,0.5667648955984966,High Engagement,High Engagement
27,516.0,6950000.0,14,0,4,0,1,0.7108679888714222,Low Engagement,High Engagement
29,1710.0,707000.0,8,6,8,0,0,0.18076625041242514,Low Engagement,Low Engagement
28,1007.0,5000000.0,15,5,6,1,1,0.6051058660386911,High Engagement,High Engagement
1,662.0,253000.0,7,4,1,0,0,0.496712035958971,Low Engagement,Low Engagement
26,2350.0,411000.0,6,6,1,0,0,0.31536395522359356,Low Engagement,Low Engagement
20,551.0,11100.0,13,3,2,0,0,0.3264578484247166,Low Engagement,Low Engagement
22,628.0,106000.0,7,5,11,0,0,0.20044896331352224,Low Engagement,Low Engagement
23,418.0,20600000.0,19,5,8,1,1,0.7369232762323104,High Engagement,High Engagement
28,935.0,3480000.0,20,2,6,1,0,0.4466128807050449,High Engagement,Low Engagement
22,36424.0,24000.0,2,0,11,0,0,0.2099990263929104,Low Engagement,Low Engagement
23,744.0,2220000.0,15,1,4,1,1,0.5795299010998437,High Engagement,High Engagement
17,4265.0,133000.0,16,2,10,0,0,0.28487231167486793,Low Engagement,Low Engagement
27,762.0,93800.0,13,1,6,0,0,0.3329447678766445,Low Engagement,Low Engagement
24,377.0,10500000.0,18,1,7,1,1,0.7790011392870692,High Engagement,High Engagement
24,41.0,66200000.0,18,1,11,0,0,0.3588038814126298,Low Engagement,Low Engagement
22,1935.0,111000.0,10,0,8,0,0,0.2744721026615236,Low Engagement,Low Engagement
24,482.0,800000.0,0,1,5,0,0,0.39287749345988876,Low Engagement,Low Engagement
17,2526.0,1340000.0,0,3,10,0,0,0.35142718045875815,Low Engagement,Low Engagement
29,1119.0,43900000.0,21,2,2,0,0,0.27854600243215116,Low Engagement,Low Engagement
20,942.0,86100.0,13,1,10,1,0,0.31363569629102384,High Engagement,Low Engagement
23,286.0,1830000.0,18,4,1,1,1,0.553659010766689,High Engagement,High Engagement
20,719.0,1290000.0,13,4,6,0,0,0.41575780678036894,Low Engagement,Low Engagement
10,255.0,3130000.0,9,4,9,1,1,0.5370004801239291,High Engagement,High Engagement
20,1238.0,9250.0,3,2,2,0,0,0.29562321888900345,Low Engagement,Low Engagement
22,468.0,10200000.0,5,3,2,1,1,0.7321289981186146,High Engagement,High Engagement
24,1080.0,147000000.0,13,5,11,1,1,0.5054100770983668,High Engagement,High Engagement
26,693.0,25900000.0,12,1,9,1,1,0.7783025957162228,High Engagement,High Engagement
27,950.0,84200.0,8,6,3,0,0,0.3503238729936903,Low Engagement,Low Engagement
2,1688.0,3920000.0,13,4,7,0,0,0.45915372687856687,Low Engagement,Low Engagement
20,775.0,3520000.0,7,6,10,0,0,0.44000663549550834,Low Engagement,Low Engagement
27,1174.0,10800.0,22,1,8,0,0,0.31202386188670256,Low Engagement,Low Engagement
24,35.0,66200000.0,17,0,11,0,0,0.40837195609144417,Low Engagement,Low Engagement
23,2695.0,2050000.0,13,1,1,1,1,0.6714875765114553,High Engagement,High Engagement
20,756.0,5180000.0,20,5,3,1,1,0.6349912413384889,High Engagement,High Engagement
20,1150.0,3640000.0,19,3,4,1,0,0.44590524220948186,High Engagement,Low Engagement
22,314.0,327.0,22,2,5,0,0,0.3359063199757546,Low Engagement,Low Engagement
23,1026.0,20600000.0,16,5,4,1,1,0.772655920366284,High Engagement,High Engagement
25,270.0,1420000.0,21,3,5,1,0,0.3446075516172652,High Engagement,Low Engagement
28,5111.0,2390000.0,15,2,7,1,0,0.46089689451824334,High Engagement,Low Engagement
24,327.0,4400000.0,15,5,3,1,1,0.6596112159767695,High Engagement,High Engagement
20,1440.0,10600000.0,19,6,9,1,1,0.6550370409409394,High Engagement,High Engagement
24,288.0,2520000.0,15,0,11,0,0,0.4239754330299044,Low Engagement,Low Engagement
26,345.0,614000.0,18,1,7,0,0,0.3865320355206056,Low Engagement,Low Engagement
24,717.0,12100000.0,1,2,12,1,1,0.7643160377714373,High Engagement,High Engagement
25,1136.0,6610000.0,21,1,7,0,0,0.3267834346223192,Low Engagement,Low Engagement
20,881.0,1190000.0,16,2,2,1,0,0.413537930427291,High Engagement,Low Engagement
22,582.0,134000.0,23,5,11,0,0,0.21054872097453858,Low Engagement,Low Engagement
15,1303.0,323000.0,17,1,9,0,0,0.19132330925474256,Low Engagement,Low Engagement
24,1154.0,386000.0,21,2,11,0,0,0.21862931883514372,Low Engagement,Low Engagement
22,588.0,381000.0,14,5,1,0,0,0.37238357052338356,Low Engagement,Low Engagement
20,1743.0,19300000.0,19,1,12,0,1,0.6766106666143241,Low Engagement,High Engagement
20,1029.0,13900000.0,22,4,6,0,1,0.695713528988767,Low Engagement,High Engagement
27,884.0,7880000.0,14,4,9,1,1,0.7123337736688754,High Engagement,High Engagement
22,1027.0,6810000.0,0,2,12,1,1,0.6869979617491191,High Engagement,High Engagement
27,5976.0,1430000.0,15,6,1,1,0,0.4331330293409067,High Engagement,Low Engagement
28,1433.0,363000.0,15,5,3,0,0,0.33310085852658544,Low Engagement,Low Engagement
26,705.0,1170000.0,16,4,1,0,0,0.41369340688084133,Low Engagement,Low Engagement
17,498.0,112000.0,3,1,9,0,0,0.34141659926598855,Low Engagement,Low Engagement
26,745.0,63300.0,12,4,4,0,0,0.3555631110637411,Low Engagement,Low Engagement
27,2992.0,5780000.0,17,3,8,0,1,0.6035188018400514,Low Engagement,High Engagement
15,906.0,600000.0,14,3,9,0,0,0.2885457253903498,Low Engagement,Low Engagement
23,1373.0,45200000.0,15,6,5,1,1,0.7953112845457596,High Engagement,High Engagement
27,4994.0,6050000.0,18,2,6,0,1,0.646783755778989,Low Engagement,High Engagement
20,2884.0,2060000.0,13,5,11,1,0,0.3101927872200465,High Engagement,Low Engagement
20,896.0,4840000.0,20,2,5,1,1,0.5689700150286755,High Engagement,High Engagement
15,86400.0,37900.0,14,3,6,0,0,0.20254845962531765,Low Engagement,Low Engagement
20,389.0,2790000.0,13,0,1,1,0,0.466757697178896,High Engagement,Low Engagement
24,983.0,7960000.0,14,5,10,1,1,0.7452889944389814,High Engagement,High Engagement
17,482.0,1660000.0,13,1,1,0,0,0.42525301941231336,Low Engagement,Low Engagement
29,845.0,43900000.0,15,3,7,0,0,0.3145060355612894,Low Engagement,Low Engagement
23,1176.0,4710000.0,17,0,5,1,1,0.7070286922439802,High Engagement,High Engagement
10,842.0,3060000.0,3,1,6,1,0,0.4354531847805299,High Engagement,Low Engagement
15,4435.0,14200000.0,13,5,4,1,1,0.5820835226540825,High Engagement,High Engagement
22,300.0,13200000.0,6,5,8,1,1,0.7252518043289151,High Engagement,High Engagement
26,1547.0,893000.0,17,2,5,0,0,0.3474758134612367,Low Engagement,Low Engagement
22,373.0,42400.0,17,6,7,0,0,0.3490401808606047,Low Engagement,Low Engagement
20,698.0,311000.0,21,2,10,0,0,0.3257153090241226,Low Engagement,Low Engagement
24,350.0,131000000.0,6,5,9,1,1,0.7849055372171326,High Engagement,High Engagement
24,922.0,9080000.0,16,1,11,1,1,0.5594977287748604,High Engagement,High Engagement
22,4640.0,1030000.0,15,0,11,0,0,0.22246261796465533,Low Engagement,Low Engagement
24,479.0,6250000.0,3,6,9,1,1,0.764127795329487,High Engagement,High Engagement
26,468.0,93400.0,11,3,7,0,0,0.3431640888379178,Low Engagement,Low Engagement
24,462.0,42800000.0,14,1,9,1,1,0.7515703947999054,High Engagement,High Engagement
24,884.0,21800000.0,15,1,3,1,1,0.8152512707425769,High Engagement,High Engagement
27,941.0,7300000.0,15,5,4,1,1,0.7439908526085031,High Engagement,High Engagement
20,1173.0,58400.0,19,6,6,0,0,0.3312442191643109,Low Engagement,Low Engagement
24,2922.0,7540000.0,3,6,11,0,0,0.3708669524271246,Low Engagement,Low Engagement
20,1117.0,7350000.0,8,1,11,0,0,0.4264372284619173,Low Engagement,Low Engagement
29,962.0,10600.0,11,5,2,0,0,0.15231786620033178,Low Engagement,Low Engagement
28,2637.0,828000.0,14,3,7,1,0,0.3599750590115297,High Engagement,Low Engagement
24,470.0,6250000.0,19,6,12,1,1,0.7863959326852282,High Engagement,High Engagement
22,362.0,8340000.0,6,1,6,1,1,0.6737736239496507,High Engagement,High Engagement
22,514.0,227000.0,12,2,1,1,0,0.37978623602856904,High Engagement,Low Engagement
19,1153.0,40500.0,12,6,12,0,0,0.1889170717342312,Low Engagement,Low Engagement
27,1051.0,2930000.0,15,4,4,0,0,0.4419729172276402,Low Engagement,Low Engagement
28,741.0,100000.0,7,5,6,1,0,0.322354250785417,High Engagement,Low Engagement
20,586.0,4840000.0,18,1,8,0,1,0.5930492682285279,Low Engagement,High Engagement
28,1129.0,16700000.0,18,3,8,0,1,0.7470363018199031,Low Engagement,High Engagement
26,1042.0,833000.0,19,1,8,1,0,0.4049487627173108,High Engagement,Low Engagement
22,3573.0,501000.0,17,3,4,0,0,0.32673502534487553,Low Engagement,Low Engagement
26,351.0,47100.0,17,5,8,1,0,0.34868230342818624,High Engagement,Low Engagement
24,4070.0,442000.0,15,4,11,0,0,0.17802367916270873,Low Engagement,Low Engagement
17,1289.0,165000.0,21,2,8,1,0,0.312042638587736,High Engagement,Low Engagement
22,1002.0,221000.0,0,5,7,0,0,0.3486099973564528,Low Engagement,Low Engagement
28,436.0,3020000.0,20,0,3,1,0,0.44990968772962997,High Engagement,Low Engagement
23,1100.0,256000.0,16,0,9,0,0,0.40795074379232765,Low Engagement,Low Engagement
20,601.0,120000.0,18,6,11,0,0,0.209565625425949,Low Engagement,Low Engagement
27,494.0,421000.0,14,0,5,1,0,0.33454653773709364,High Engagement,Low Engagement
15,2743.0,32200.0,11,5,2,0,0,0.19636526817309,Low Engagement,Low Engagement
27,398.0,6610000.0,15,0,8,1,1,0.7247466296148853,High Engagement,High Engagement
17,790.0,23700000.0,2,4,7,1,1,0.6703369185571209,High Engagement,High Engagement
29,14490.0,5170.0,2,1,1,0,0,0.14792350190295958,Low Engagement,Low Engagement
25,1376.0,4450000.0,1,5,1,0,0,0.3871660949472504,Low Engagement,Low Engagement
22,2685.0,2070000.0,17,4,5,1,0,0.4674351643777749,High Engagement,Low Engagement
22,1062.0,29700000.0,16,5,9,1,1,0.7801415614233268,High Engagement,High Engagement
2,1858.0,3920000.0,13,4,5,0,0,0.4570864914645431,Low Engagement,Low Engagement
20,849.0,626000.0,16,5,11,0,0,0.20424012606306285,Low Engagement,Low Engagement
22,3146.0,1120000.0,12,2,5,1,0,0.36788524858556837,High Engagement,Low Engagement
19,1326.0,206000.0,13,5,9,0,0,0.20936990151599788,Low Engagement,Low Engagement
24,1282.0,5130000.0,6,4,11,0,0,0.34963236658111047,Low Engagement,Low Engagement
20,340.0,15000000.0,16,6,1,1,1,0.7504258677474515,High Engagement,High Engagement
28,278.0,105000.0,16,1,11,0,0,0.2624346783228489,Low Engagement,Low Engagement
20,2293.0,11100000.0,2,4,3,0,1,0.67016815830434,Low Engagement,High Engagement
15,306.0,114000.0,18,2,12,0,0,0.29067182337289305,Low Engagement,Low Engagement
23,1474.0,47300.0,15,4,12,0,0,0.4339605557580823,Low Engagement,Low Engagement
20,819.0,33800.0,16,1,7,0,0,0.3365358038890611,Low Engagement,Low Engagement
29,2704.0,880000.0,17,1,12,0,0,0.16989179464252838,Low Engagement,Low Engagement
28,336.0,22000000.0,11,5,6,1,1,0.7464630601447371,High Engagement,High Engagement
24,284.0,3890000.0,1,2,9,1,0,0.48774812229895437,High Engagement,Low Engagement
20,1006.0,10200000.0,15,5,4,1,1,0.7512720652168535,High Engagement,High Engagement
23,407.0,7220000.0,15,5,10,1,1,0.7275328018111242,High Engagement,High Engagement
20,846.0,200000.0,21,2,11,0,0,0.20952482628364408,Low Engagement,Low Engagement
29,285.0,27600000.0,13,0,6,0,0,0.361393128111168,Low Engagement,Low Engagement
15,981.0,886000.0,12,5,11,0,0,0.19707623118819226,Low Engagement,Low Engagement
1,768.0,1140000.0,17,5,9,0,1,0.7104198958887762,Low Engagement,High Engagement
17,1148.0,23900000.0,22,4,7,1,1,0.7518211026618711,High Engagement,High Engagement
25,258.0,10300.0,10,4,12,0,0,0.22053539895086696,Low Engagement,Low Engagement
26,935.0,25900000.0,12,3,7,1,1,0.775130580302138,High Engagement,High Engagement
1,319.0,3240000.0,17,4,11,1,1,0.5666160999254451,High Engagement,High Engagement
22,974.0,338000.0,7,6,7,1,0,0.3553376599361124,High Engagement,Low Engagement
28,595.0,3150000.0,21,1,3,1,0,0.45948967853417383,High Engagement,Low Engagement
24,299.0,14400000.0,1,1,2,1,1,0.7786283605118971,High Engagement,High Engagement
28,588.0,3690000.0,16,5,5,0,0,0.47353423142302187,Low Engagement,Low Engagement
19,1253.0,11800000.0,12,2,5,1,1,0.6146621042984076,High Engagement,High Engagement
26,654.0,8720000.0,4,1,4,1,1,0.724598185937392,High Engagement,High Engagement
22,470.0,5710.0,21,0,6,1,0,0.33048581260670884,High Engagement,Low Engagement
23,978.0,4710000.0,19,4,7,1,1,0.7165945900530809,High Engagement,High Engagement
27,525.0,240000.0,13,0,12,0,0,0.30692913143608336,Low Engagement,Low Engagement
26,717.0,1920000.0,21,6,4,1,0,0.4588917287345466,High Engagement,Low Engagement
22,731.0,5550000.0,19,4,8,1,1,0.7212677652799497,High Engagement,High Engagement
25,660.0,14600000.0,22,3,8,0,0,0.2792487073050411,Low Engagement,Low Engagement
17,1126.0,259000.0,15,6,6,1,0,0.3650650427672215,High Engagement,Low Engagement
17,39.0,61700000.0,0,5,3,1,1,0.7634608096206918,High Engagement,High Engagement
24,715.0,12100000.0,3,4,3,1,1,0.8027194015675163,High Engagement,High Engagement
17,295.0,14200000.0,20,0,5,0,1,0.5640220567901933,Low Engagement,High Engagement
26,455.0,4870000.0,10,1,9,0,1,0.5698445183912196,Low Engagement,High Engagement
20,6067.0,696000.0,20,6,11,0,0,0.2072818567214929,Low Engagement,Low Engagement
22,763.0,5520000.0,18,4,7,1,1,0.7207340924802372,High Engagement,High Engagement
19,275.0,12600000.0,14,1,12,1,1,0.5721605043935757,High Engagement,High Engagement
28,358.0,1750000.0,16,5,10,0,0,0.38325559676792603,Low Engagement,Low Engagement
23,342.0,949000.0,17,4,3,0,0,0.4147110403719149,Low Engagement,Low Engagement
22,391.0,5310000.0,19,4,4,1,1,0.633188352785499,High Engagement,High Engagement
24,750.0,17300000.0,15,5,7,1,1,0.8367608572455061,High Engagement,High Engagement
22,1978.0,1260000.0,14,5,12,0,0,0.36485194467317217,Low Engagement,Low Engagement
15,441.0,1730000.0,20,5,12,1,0,0.38045184913620217,High Engagement,Low Engagement
26,1416.0,3130000.0,5,6,7,1,0,0.46908485442040215,High Engagement,Low Engagement
29,446.0,11800000.0,14,1,2,0,0,0.3041596640293199,Low Engagement,Low Engagement
25,433.0,4090000.0,16,1,4,1,0,0.3619773081946448,High Engagement,Low Engagement
28,507.0,15700000.0,12,6,8,1,1,0.7429571522774523,High Engagement,High Engagement
28,1806.0,802000.0,2,1,11,0,0,0.23514000610979038,Low Engagement,Low Engagement
26,2103.0,10400000.0,14,6,5,1,1,0.6910692992683807,High Engagement,High Engagement
28,1087.0,22000000.0,11,2,6,1,1,0.7376085583120429,High Engagement,High Engagement
20,859.0,2010000.0,0,0,3,1,1,0.5092131827546575,High Engagement,High Engagement
15,919.0,2530000.0,17,4,12,1,0,0.38872510687896844,High Engagement,Low Engagement
27,698.0,1510000.0,12,3,2,0,0,0.4136285375192815,Low Engagement,Low Engagement
23,1046.0,32400.0,18,0,11,0,0,0.27040837158899567,Low Engagement,Low Engagement
22,645.0,489000.0,14,1,11,0,0,0.23196621766380593,Low Engagement,Low Engagement
19,556.0,25500000.0,12,0,6,1,1,0.626739268813262,High Engagement,High Engagement
1,1166.0,4280000.0,13,2,2,1,1,0.7621552299640537,High Engagement,High Engagement
20,1150.0,2420000.0,21,2,9,0,0,0.42686467486323615,Low Engagement,Low Engagement
22,2018.0,606000.0,3,0,9,0,0,0.3234772383882508,Low Engagement,Low Engagement
24,412.0,286000.0,13,5,3,1,0,0.41491943158950295,High Engagement,Low Engagement
24,1519.0,12000000.0,15,6,3,0,1,0.7904937452881913,Low Engagement,High Engagement
28,245.0,73400.0,7,3,1,0,0,0.3416882172943022,Low Engagement,Low Engagement
28,721.0,3690000.0,21,4,2,0,0,0.4424464834215369,Low Engagement,Low Engagement
22,930.0,28500000.0,10,1,8,1,1,0.7008547296428935,High Engagement,High Engagement
28,712.0,15400000.0,14,3,7,1,1,0.701990165626016,High Engagement,High Engagement
22,502.0,2390.0,4,2,1,0,0,0.3637466630019213,Low Engagement,Low Engagement
20,778.0,6750000.0,21,2,2,1,1,0.6371472878425194,High Engagement,High Engagement
19,1440.0,5930000.0,14,5,11,0,0,0.424734053360707,Low Engagement,Low Engagement
17,655.0,111000000.0,15,3,2,1,1,0.6966310521160797,High Engagement,High Engagement
22,1094.0,20000.0,11,5,3,0,0,0.34308117129040117,Low Engagement,Low Engagement
25,356.0,12700000.0,14,2,9,1,0,0.42866119684103077,High Engagement,Low Engagement
28,257.0,42800000.0,16,0,5,1,1,0.7102851248898738,High Engagement,High Engagement
29,334.0,1020000.0,18,4,11,0,0,0.16747719621622936,Low Engagement,Low Engagement
28,5378.0,1370000.0,1,5,1,1,0,0.3944869631080135,High Engagement,Low Engagement
25,783.0,7230000.0,12,5,4,0,0,0.4891291936495361,Low Engagement,Low Engagement
27,1182.0,42900000.0,10,4,10,1,1,0.7186950406057591,High Engagement,High Engagement
22,948.0,7710.0,19,5,5,0,0,0.3293550967816979,Low Engagement,Low Engagement
27,5063.0,219000.0,19,4,1,1,0,0.31666107508630725,High Engagement,Low Engagement
22,1264.0,60600.0,20,0,12,0,0,0.24453654215860396,Low Engagement,Low Engagement
26,3920.0,849000.0,19,2,11,0,0,0.20412029297949752,Low Engagement,Low Engagement
24,602.0,4020000.0,11,2,5,0,0,0.4209273864218089,Low Engagement,Low Engagement
20,854.0,13900000.0,0,5,10,1,1,0.6981783835108581,High Engagement,High Engagement
1,259.0,839000.0,13,5,7,1,1,0.7044773469668596,High Engagement,High Engagement
28,1673.0,4710000.0,13,2,3,0,1,0.5669796469328225,Low Engagement,High Engagement
15,321.0,14200000.0,13,3,9,1,1,0.6036952066462239,High Engagement,High Engagement
22,7367.0,49600.0,14,6,11,0,0,0.14582272406045124,Low Engagement,Low Engagement
10,254.0,1580000.0,0,4,10,1,1,0.5428922084783678,High Engagement,High Engagement
24,1674.0,11100000.0,18,4,8,1,1,0.7059101168760193,High Engagement,High Engagement
28,1106.0,22000000.0,14,3,1,1,1,0.6975002696879469,High Engagement,High Engagement
28,289.0,63800.0,6,1,9,0,0,0.33575545211405144,Low Engagement,Low Engagement
27,996.0,5130000.0,22,4,7,0,1,0.5445833460391499,Low Engagement,High Engagement
25,2093.0,4870000.0,23,0,11,0,0,0.26400825157277896,Low Engagement,Low Engagement
22,277.0,9680.0,16,0,8,0,0,0.34926496110136596,Low Engagement,Low Engagement
23,2233.0,15700000.0,13,0,11,1,1,0.6643197271580458,High Engagement,High Engagement
20,603.0,4840000.0,17,6,4,1,1,0.6181664409512433,High Engagement,High Engagement
20,2456.0,6440000.0,16,5,12,1,1,0.6406603427026881,High Engagement,High Engagement
15,275.0,112000.0,16,3,5,0,0,0.3349515361214036,Low Engagement,Low Engagement
23,382.0,13300000.0,17,4,6,0,1,0.665347012381762,Low Engagement,High Engagement
26,318.0,761000.0,11,3,4,1,0,0.4199318645083675,High Engagement,Low Engagement
20,994.0,15300000.0,18,2,4,1,1,0.7630486235935267,High Engagement,High Engagement
26,2020.0,2430000.0,14,2,10,1,0,0.42322202224352007,High Engagement,Low Engagement
27,2835.0,9370000.0,11,1,6,1,1,0.6692552970560806,High Engagement,High Engagement
28,708.0,1760000.0,18,1,4,1,0,0.390750017448446,High Engagement,Low Engagement
23,252.0,1830000.0,18,6,11,1,0,0.4758413071142135,High Engagement,Low Engagement
22,372.0,8260000.0,5,0,9,1,1,0.6773198913503505,High Engagement,High Engagement
27,576.0,1910000.0,16,3,11,0,0,0.36544390425626405,Low Engagement,Low Engagement
24,822.0,10400000.0,10,6,7,0,1,0.7670668957387619,Low Engagement,High Engagement
28,1121.0,2030000.0,13,5,10,1,0,0.41311121988202176,High Engagement,Low Engagement
15,587.0,14200000.0,20,0,5,1,1,0.6114584283486404,High Engagement,High Engagement
28,1515.0,4700000.0,14,3,11,0,0,0.40590714314201376,Low Engagement,Low Engagement
20,735.0,1880000.0,20,6,7,0,0,0.4642030749112601,Low Engagement,Low Engagement
24,1354.0,11900000.0,20,5,6,1,1,0.7440180964794213,High Engagement,High Engagement
24,381.0,66200000.0,11,2,11,0,0,0.401125636452459,Low Engagement,Low Engagement
20,1998.0,677000.0,0,1,11,0,0,0.19956969656422743,Low Engagement,Low Engagement
10,1097.0,2030000.0,20,1,1,0,0,0.45875378267686545,Low Engagement,Low Engagement
27,890.0,434000.0,6,3,4,0,0,0.36618881711986506,Low Engagement,Low Engagement
26,610.0,7300.0,9,0,5,0,0,0.32061827179380203,Low Engagement,Low Engagement
17,15506.0,6940000.0,16,4,9,0,1,0.5262335892291353,Low Engagement,High Engagement
1,897.0,17000.0,21,0,11,0,0,0.23606730695451983,Low Engagement,Low Engagement
19,1238.0,5930000.0,14,6,7,1,1,0.5539353154750518,High Engagement,High Engagement
28,254.0,44300.0,9,3,8,0,0,0.32534599885145404,Low Engagement,Low Engagement
17,506.0,70300.0,13,4,7,0,0,0.34323923855096167,Low Engagement,Low Engagement
17,1211.0,1320000.0,21,1,11,0,0,0.25062932309048463,Low Engagement,Low Engagement
25,1669.0,344000.0,3,1,11,0,0,0.1766076057758861,Low Engagement,Low Engagement
15,22273.0,781000.0,9,5,7,0,0,0.2949785379786986,Low Engagement,Low Engagement
1,281.0,6100000.0,0,3,10,1,1,0.7835903654335691,High Engagement,High Engagement
27,1785.0,10100000.0,16,4,6,1,1,0.6868030011156432,High Engagement,High Engagement
26,416.0,21300000.0,15,6,10,1,1,0.8020429431741082,High Engagement,High Engagement
27,1138.0,14600000.0,3,1,5,1,1,0.6967100305842949,High Engagement,High Engagement
24,949.0,967000.0,1,0,11,0,0,0.25397723745160966,Low Engagement,Low Engagement
25,1382.0,6840000.0,0,0,12,0,0,0.29750906314040315,Low Engagement,Low Engagement
1,273.0,65500000.0,17,4,9,1,1,0.7386875416963989,High Engagement,High Engagement
26,4386.0,80900000.0,10,1,11,0,0,0.38202823809456615,Low Engagement,Low Engagement
27,776.0,1380000.0,22,1,9,1,0,0.3825381581053053,High Engagement,Low Engagement
28,1469.0,29400.0,14,5,11,0,0,0.15556009957261804,Low Engagement,Low Engagement
20,733.0,1290000.0,20,0,12,0,0,0.3900576506790116,Low Engagement,Low Engagement
20,4342.0,4710000.0,20,5,11,0,0,0.42117824536882154,Low Engagement,Low Engagement
23,697.0,5530000.0,0,1,10,1,1,0.7028628759806138,High Engagement,High Engagement
22,932.0,5520000.0,16,3,4,1,1,0.7207726159102082,High Engagement,High Engagement
28,58.0,71700000.0,16,3,6,1,1,0.7700250379549893,High Engagement,High Engagement
27,472.0,4880000.0,13,3,7,0,1,0.5824965934033679,Low Engagement,High Engagement
22,1029.0,3250000.0,6,3,9,1,0,0.4821273160897189,High Engagement,Low Engagement
28,454.0,16600000.0,19,1,5,1,1,0.7243511878693586,High Engagement,High Engagement
28,459.0,3690000.0,17,2,4,1,0,0.4125042205023267,High Engagement,Low Engagement
24,43.0,66200000.0,15,2,11,0,0,0.3342672137101784,Low Engagement,Low Engagement
15,493.0,3970.0,21,4,5,0,0,0.24491620271428677,Low Engagement,Low Engagement
28,687.0,3020000.0,19,4,2,1,0,0.44155388257601025,High Engagement,Low Engagement
20,508.0,13900000.0,22,6,8,0,1,0.7146013281639311,Low Engagement,High Engagement
15,415.0,2880.0,12,4,10,0,0,0.2574701545137064,Low Engagement,Low Engagement
26,1937.0,80900000.0,13,1,1,1,1,0.6734831610966301,High Engagement,High Engagement
22,242.0,492.0,8,4,5,0,0,0.36773744567317806,Low Engagement,Low Engagement
24,2684.0,2010000.0,0,6,10,1,0,0.46885988665186046,High Engagement,Low Engagement
22,950.0,5520000.0,17,4,8,1,1,0.7097088479664784,High Engagement,High Engagement
20,726.0,4210000.0,19,1,10,0,0,0.48846265296432667,Low Engagement,Low Engagement
24,644.0,6980000.0,17,5,12,1,1,0.7856118000381064,High Engagement,High Engagement
27,274.0,22200000.0,15,3,7,1,1,0.759986628588089,High Engagement,High Engagement
15,1562.0,882000.0,12,5,4,0,0,0.22366774690208382,Low Engagement,Low Engagement
10,963.0,2030000.0,23,6,7,0,0,0.4819424564879935,Low Engagement,Low Engagement
25,461.0,10300000.0,19,4,7,1,0,0.44670043279859234,High Engagement,Low Engagement
27,742.0,19700000.0,14,3,8,1,1,0.7468476354495059,High Engagement,High Engagement
20,633.0,16900000.0,15,1,8,1,1,0.7362648462019676,High Engagement,High Engagement
24,997.0,6980000.0,16,5,5,1,1,0.8265550324347547,High Engagement,High Engagement
22,1234.0,1180000.0,23,5,2,1,0,0.4075273406864876,High Engagement,Low Engagement
27,619.0,19700000.0,17,5,2,1,1,0.7712395445758778,High Engagement,High Engagement
23,844.0,2560000.0,19,1,1,0,1,0.5614089632429607,Low Engagement,High Engagement
29,4059.0,2410000.0,3,2,2,0,0,0.19753267840049343,Low Engagement,Low Engagement
27,1344.0,6250000.0,15,4,11,0,0,0.44342475937220255,Low Engagement,Low Engagement
22,1081.0,2560000.0,23,3,3,1,0,0.4977165602835138,High Engagement,Low Engagement
20,718.0,19300000.0,11,5,2,1,1,0.7768838141857535,High Engagement,High Engagement
24,50.0,21800000.0,16,6,11,1,1,0.5547257478084026,High Engagement,High Engagement
27,622.0,4860000.0,14,1,10,1,1,0.6134567934318927,High Engagement,High Engagement
28,645.0,5120000.0,7,4,1,0,1,0.5371680672673305,Low Engagement,High Engagement
25,927.0,2030000.0,0,1,11,0,0,0.2254441495600248,Low Engagement,Low Engagement
15,1181.0,4030.0,19,0,11,0,0,0.16117493329139995,Low Engagement,Low Engagement
24,919.0,6160.0,22,1,5,0,0,0.3131442686026487,Low Engagement,Low Engagement
27,1330.0,2530000.0,22,0,6,0,0,0.4327811351853814,Low Engagement,Low Engagement
22,691.0,6300000.0,2,1,12,0,1,0.6930909821535053,Low Engagement,High Engagement
22,2779.0,3480.0,16,4,8,0,0,0.27101189934762326,Low Engagement,Low Engagement
20,257.0,16700000.0,19,0,8,1,1,0.7244850444068757,High Engagement,High Engagement
24,608.0,63600.0,10,1,4,0,0,0.3408193973577365,Low Engagement,Low Engagement
26,446.0,1640000.0,15,2,7,1,0,0.4339499013895707,High Engagement,Low Engagement
28,261.0,4060000.0,19,6,12,0,0,0.40717557644735375,Low Engagement,Low Engagement
20,755.0,2340000.0,21,4,8,1,0,0.4395020812593439,High Engagement,Low Engagement
1,277.0,6260000.0,16,4,6,1,1,0.792993042765055,High Engagement,High Engagement
15,254.0,1100000.0,9,1,8,1,0,0.398803199430453,High Engagement,Low Engagement
28,1389.0,16700000.0,18,0,2,1,1,0.6649160184381144,High Engagement,High Engagement
25,320.0,3710000.0,17,2,5,1,0,0.3298386371352383,High Engagement,Low Engagement
25,633.0,19200000.0,12,3,3,0,1,0.5007830371784915,Low Engagement,High Engagement
29,925.0,2410000.0,14,6,1,0,0,0.21729204563918444,Low Engagement,Low Engagement
19,1111.0,144000.0,17,2,12,0,0,0.16246183567925446,Low Engagement,Low Engagement
19,1610.0,4280000.0,2,2,12,1,0,0.4388332456794235,High Engagement,Low Engagement
17,907.0,2050000.0,10,6,12,0,0,0.40891805161862926,Low Engagement,Low Engagement
15,961.0,1590000.0,11,5,6,0,0,0.3508325036195795,Low Engagement,Low Engagement
19,543.0,7180000.0,17,1,8,0,1,0.5626827849451322,Low Engagement,High Engagement
26,1215.0,44700000.0,17,4,12,0,1,0.673319860801935,Low Engagement,High Engagement
20,709.0,2010000.0,1,5,12,1,0,0.45797081920966304,High Engagement,Low Engagement
20,543.0,152000.0,5,5,11,0,0,0.21576145280563105,Low Engagement,Low Engagement
20,964.0,15000000.0,16,4,10,1,1,0.7303633438086309,High Engagement,High Engagement
25,832.0,6610000.0,21,3,2,0,0,0.33025855201010956,Low Engagement,Low Engagement
28,954.0,7090000.0,15,3,2,0,1,0.5823789543018247,Low Engagement,High Engagement
17,320.0,14200000.0,22,2,10,0,1,0.5431340836672592,Low Engagement,High Engagement
24,290.0,2490000.0,16,4,12,1,1,0.5029036423375546,High Engagement,High Engagement
28,8666.0,1420000.0,13,5,12,1,0,0.37183864022004376,High Engagement,Low Engagement
23,969.0,2560000.0,18,0,8,0,1,0.5634091228388746,Low Engagement,High Engagement
19,523.0,307000.0,18,0,4,0,0,0.24049152477100777,Low Engagement,Low Engagement
28,19191.0,12500000.0,9,2,11,1,0,0.42796985141675575,High Engagement,Low Engagement
2,789.0,10900000.0,18,4,9,1,1,0.7193857429144332,High Engagement,High Engagement
20,703.0,89000.0,0,6,11,0,0,0.20196709806042878,Low Engagement,Low Engagement
26,539.0,1340000.0,22,3,11,1,0,0.29398098465824923,High Engagement,Low Engagement
2,1339.0,4510000.0,20,0,7,0,1,0.5180288569616238,Low Engagement,High Engagement
28,2931.0,1250000.0,1,4,11,1,0,0.2447376005332,High Engagement,Low Engagement
10,248.0,42700.0,10,1,1,1,1,0.5320301836267385,High Engagement,High Engagement
19,2280.0,238000.0,0,1,2,0,0,0.22929493544837068,Low Engagement,Low Engagement
20,1380.0,8920.0,16,1,3,0,0,0.3069974582423482,Low Engagement,Low Engagement
17,1944.0,21600000.0,19,1,12,0,1,0.547216635721608,Low Engagement,High Engagement
24,1067.0,10300000.0,15,0,12,0,1,0.745425531370783,Low Engagement,High Engagement
19,1061.0,371000.0,19,4,1,0,0,0.2380965357635986,Low Engagement,Low Engagement
24,2159.0,1620000.0,20,0,11,0,0,0.2561098742783545,Low Engagement,Low Engagement
24,340.0,21800000.0,17,5,9,1,1,0.809268157999389,High Engagement,High Engagement
22,1352.0,166000.0,18,5,12,0,0,0.2903000033685502,Low Engagement,Low Engagement
27,767.0,15300000.0,1,2,7,1,1,0.7555176215524129,High Engagement,High Engagement
27,646.0,1340000.0,16,5,2,0,0,0.4211455933528713,Low Engagement,Low Engagement
27,1420.0,1230000.0,16,4,11,0,0,0.21777269619801354,Low Engagement,Low Engagement
17,1923.0,29800.0,2,1,4,1,0,0.3149589280241447,High Engagement,Low Engagement
15,254.0,14200000.0,11,2,1,1,1,0.6196353506881982,High Engagement,High Engagement
20,605.0,23300000.0,1,0,3,1,1,0.7614736413101635,High Engagement,High Engagement
17,1173.0,15700000.0,3,0,2,1,1,0.6327743009583365,High Engagement,High Engagement
26,870.0,67100.0,16,0,10,0,0,0.3194218699517491,Low Engagement,Low Engagement
28,1170.0,843000.0,17,2,9,0,0,0.36720813307456,Low Engagement,Low Engagement
26,659.0,25900000.0,12,0,5,1,1,0.7843034988140428,High Engagement,High Engagement
24,1170.0,110000000.0,17,2,9,1,1,0.7719604082451141,High Engagement,High Engagement
2,1961.0,4140000.0,12,3,7,0,0,0.49151402704649777,Low Engagement,Low Engagement
28,1496.0,2610000.0,0,1,11,1,0,0.3371767997477789,High Engagement,Low Engagement
27,879.0,5100000.0,3,1,9,1,1,0.5958993208545256,High Engagement,High Engagement
28,1006.0,5000000.0,15,5,10,1,1,0.5941470410260966,High Engagement,High Engagement
20,853.0,6290.0,15,2,11,1,0,0.2020021860246641,High Engagement,Low Engagement
20,890.0,925000.0,16,6,6,0,0,0.4146922132941441,Low Engagement,Low Engagement
17,471.0,26600000.0,14,0,11,0,1,0.5647457038724265,Low Engagement,High Engagement
1,275.0,676000.0,20,4,2,1,1,0.6591564329468282,High Engagement,High Engagement
27,1050.0,3830000.0,14,4,8,1,0,0.4341050821645336,High Engagement,Low Engagement
26,735.0,3710000.0,14,1,10,0,0,0.46055335438140693,Low Engagement,Low Engagement
25,2684.0,2070000.0,6,0,11,0,0,0.2213507170432924,Low Engagement,Low Engagement
27,790.0,5130000.0,20,4,8,0,1,0.5698711580030394,Low Engagement,High Engagement
28,381.0,1750000.0,17,5,2,0,0,0.39717100658748034,Low Engagement,Low Engagement
27,994.0,3830000.0,17,5,6,1,0,0.4697488228113379,High Engagement,Low Engagement
10,300.0,10500.0,5,4,5,1,1,0.5009106079191807,High Engagement,High Engagement
26,538.0,589000.0,16,4,4,0,0,0.39460327067644496,Low Engagement,Low Engagement
28,439.0,5710000.0,17,4,11,1,1,0.507575976640361,High Engagement,High Engagement
26,821.0,227000.0,7,1,7,0,0,0.3445049519520554,Low Engagement,Low Engagement
23,812.0,2560000.0,21,3,12,0,1,0.5004950384688377,Low Engagement,High Engagement
26,1143.0,10400000.0,14,6,3,1,1,0.7928624741771754,High Engagement,High Engagement
29,398.0,96500.0,18,3,4,0,0,0.21496161992698906,Low Engagement,Low Engagement
1,7283.0,108000000.0,3,4,11,0,0,0.2962658007479332,Low Engagement,Low Engagement
25,388.0,10300000.0,15,5,8,1,1,0.5550991690259419,High Engagement,High Engagement
23,1231.0,13300000.0,4,3,3,1,1,0.7273548702383849,High Engagement,High Engagement
28,1227.0,22000000.0,13,1,12,1,1,0.6770126385560464,High Engagement,High Engagement
28,1280.0,26900000.0,19,3,4,1,1,0.6795516273646445,High Engagement,High Engagement
28,480.0,3020000.0,14,2,11,0,0,0.3702980991573233,Low Engagement,Low Engagement
19,3910.0,42200.0,16,5,12,0,0,0.1393975377632974,Low Engagement,Low Engagement
26,722.0,1780000.0,15,0,4,0,0,0.43835978130242825,Low Engagement,Low Engagement
24,266.0,20000.0,7,6,2,0,0,0.3699874738157765,Low Engagement,Low Engagement
10,373.0,3150000.0,18,3,10,1,1,0.5032635986877896,High Engagement,High Engagement
27,3010.0,5780000.0,22,4,12,1,1,0.5988382430802097,High Engagement,High Engagement
24,3336.0,20500000.0,14,6,10,1,1,0.6833648147228505,High Engagement,High Engagement
15,254.0,14200000.0,20,4,12,1,1,0.6551304752992376,High Engagement,High Engagement
29,3558.0,2950000.0,15,6,4,0,0,0.24801256384551165,Low Engagement,Low Engagement
2,2034.0,876000.0,14,3,9,1,0,0.3479333839287021,High Engagement,Low Engagement
24,827.0,12100000.0,3,1,8,1,1,0.7723495015841425,High Engagement,High Engagement
27,1181.0,998.0,15,5,11,0,0,0.18477143223969258,Low Engagement,Low Engagement
27,460.0,15300000.0,16,5,10,1,1,0.7649625135489128,High Engagement,High Engagement
29,1125.0,43900000.0,15,0,9,0,0,0.29070585939879356,Low Engagement,Low Engagement
20,1193.0,2400000.0,19,3,9,1,0,0.43319111151921486,High Engagement,Low Engagement
25,735.0,6080000.0,12,4,4,0,0,0.42872486933471105,Low Engagement,Low Engagement
20,1155.0,8330000.0,15,3,10,1,1,0.6552899274159222,High Engagement,High Engagement
26,1043.0,177000.0,11,3,4,1,0,0.3566166060278611,High Engagement,Low Engagement
24,2016.0,21800000.0,21,4,12,1,1,0.7052785945588961,High Engagement,High Engagement
22,1185.0,5520000.0,16,2,6,1,1,0.7010052135003226,High Engagement,High Engagement
10,1085.0,3060000.0,16,2,3,0,0,0.4613870569090623,Low Engagement,Low Engagement
25,623.0,14600000.0,23,4,10,0,0,0.34183091228197215,Low Engagement,Low Engagement
29,303.0,477000.0,13,6,9,0,0,0.20833053477663252,Low Engagement,Low Engagement
27,421.0,3480000.0,21,1,1,0,0,0.4284799476653313,Low Engagement,Low Engagement
20,801.0,1290000.0,22,5,12,0,0,0.4100768881210367,Low Engagement,Low Engagement
28,604.0,7090000.0,14,0,9,0,0,0.4987405409699748,Low Engagement,Low Engagement
15,3665.0,26000.0,23,3,2,0,0,0.18755364295528085,Low Engagement,Low Engagement
22,406.0,97000.0,10,0,10,0,0,0.3192001258147993,Low Engagement,Low Engagement
24,308.0,23600000.0,19,2,3,1,1,0.8039684296500558,High Engagement,High Engagement
24,441.0,23600000.0,17,3,5,1,1,0.8079356009381927,High Engagement,High Engagement
22,603.0,867000.0,16,4,7,0,0,0.4361255346048363,Low Engagement,Low Engagement
22,2080.0,737000.0,15,5,9,0,0,0.35181432716281824,Low Engagement,Low Engagement
20,1146.0,48700000.0,3,6,11,1,1,0.5416987198543246,High Engagement,High Engagement
10,287.0,479000.0,14,4,5,1,1,0.5196820427350641,High Engagement,High Engagement
17,584.0,888000.0,3,4,12,0,0,0.38693494240337784,Low Engagement,Low Engagement
20,485.0,3480000.0,22,3,12,0,0,0.4468432176801222,Low Engagement,Low Engagement
20,794.0,3640000.0,19,1,8,1,0,0.44867264972113624,High Engagement,Low Engagement
23,759.0,2790000.0,16,2,3,1,1,0.6115831628559689,High Engagement,High Engagement
20,2108.0,2020000.0,16,1,6,1,0,0.4625112601514964,High Engagement,Low Engagement
17,1353.0,23600000.0,1,1,12,0,1,0.5415040652551171,Low Engagement,High Engagement
22,646.0,1920000.0,2,3,12,1,0,0.46582777761974303,High Engagement,Low Engagement
20,533.0,110000000.0,17,5,3,1,1,0.7662720280186888,High Engagement,High Engagement
20,1438.0,5650000.0,22,1,10,0,1,0.5451952808187378,Low Engagement,High Engagement
17,546.0,1230000.0,13,3,3,1,0,0.4354404482991074,High Engagement,Low Engagement
15,1291.0,1300000.0,18,4,10,0,0,0.25827604804476406,Low Engagement,Low Engagement
15,1195.0,178000.0,22,2,3,1,0,0.23490673611980203,High Engagement,Low Engagement
1,700.0,11000000.0,18,0,11,1,1,0.5712509287060793,High Engagement,High Engagement
28,692.0,12500000.0,20,0,11,1,1,0.5754944756748609,High Engagement,High Engagement
23,672.0,21800000.0,18,6,9,0,1,0.8009359690005834,Low Engagement,High Engagement
24,831.0,4860000.0,15,1,1,1,1,0.6830165140304584,High Engagement,High Engagement
20,1259.0,677000.0,14,3,10,0,0,0.31181988399700283,Low Engagement,Low Engagement
20,889.0,397000.0,18,5,11,0,0,0.18788167877575573,Low Engagement,Low Engagement
26,516.0,3970000.0,16,4,1,0,0,0.4511541362146935,Low Engagement,Low Engagement
23,4106.0,1090000.0,18,1,11,1,0,0.47786738880784263,High Engagement,Low Engagement
24,419.0,21800000.0,15,5,3,1,1,0.8335489747845792,High Engagement,High Engagement
24,1564.0,11900000.0,23,6,8,1,1,0.7298701367732003,High Engagement,High Engagement
24,883.0,6980000.0,17,4,11,1,1,0.5808617341294006,High Engagement,High Engagement
1,1415.0,11000000.0,20,1,1,1,1,0.8149710037013136,High Engagement,High Engagement
20,1184.0,145000.0,17,6,10,0,0,0.32831055028115375,Low Engagement,Low Engagement
10,284.0,863000.0,4,3,3,1,1,0.5148092238901273,High Engagement,High Engagement
23,552.0,33200000.0,4,3,12,0,1,0.5974594325530653,Low Engagement,High Engagement
28,814.0,5120000.0,12,1,6,0,1,0.5562920809240558,Low Engagement,High Engagement
10,1214.0,11300.0,14,0,3,0,0,0.3908607329771382,Low Engagement,Low Engagement
28,427.0,5710000.0,19,3,1,1,1,0.6217228589616473,High Engagement,High Engagement
28,3526.0,1960000.0,22,0,11,1,0,0.31026846026598853,High Engagement,Low Engagement
20,13525.0,2720000.0,20,0,2,1,0,0.48300084305350555,High Engagement,Low Engagement
26,263.0,3110000.0,17,6,3,0,0,0.4884456871849101,Low Engagement,Low Engagement
20,909.0,2010000.0,1,0,11,1,0,0.4006347655363401,High Engagement,Low Engagement
24,1357.0,21800000.0,16,5,12,1,1,0.7717013719954267,High Engagement,High Engagement
1,1116.0,25700000.0,15,5,4,1,1,0.8743615601888767,High Engagement,High Engagement
17,903.0,23900000.0,21,4,5,1,1,0.7032007157589463,High Engagement,High Engagement
2,992.0,4080000.0,17,2,6,0,0,0.45746004111551286,Low Engagement,Low Engagement
2,2012.0,5020000.0,15,1,4,1,1,0.5587228052207863,High Engagement,High Engagement
26,387.0,108000.0,15,6,2,0,0,0.37123891077001064,Low Engagement,Low Engagement
20,634.0,4840000.0,16,5,1,0,1,0.6110189715691006,Low Engagement,High Engagement
24,652.0,5820000.0,18,6,12,1,1,0.7754619545265454,High Engagement,High Engagement
24,859.0,2560000.0,19,4,3,1,1,0.549803275387744,High Engagement,High Engagement
22,5677.0,274000.0,16,4,11,0,0,0.17157606185998706,Low Engagement,Low Engagement
10,419.0,92200.0,14,5,9,1,0,0.46851917998191783,High Engagement,Low Engagement
28,1410.0,4020000.0,20,4,12,0,0,0.4419030914183955,Low Engagement,Low Engagement
2,1274.0,1100000.0,17,3,2,0,0,0.3879500973888197,Low Engagement,Low Engagement
15,748.0,188000.0,20,5,11,0,0,0.1993682830719719,Low Engagement,Low Engagement
22,337.0,5550000.0,2,4,1,0,1,0.6637422428681135,Low Engagement,High Engagement
28,1153.0,2390000.0,12,6,6,0,0,0.4100030175507054,Low Engagement,Low Engagement
29,1576.0,1050000.0,13,6,12,0,0,0.1647702723470355,Low Engagement,Low Engagement
15,299.0,17900000.0,13,6,5,0,1,0.6464775605041365,Low Engagement,High Engagement
24,3498.0,86700.0,19,4,12,0,0,0.27510737843903316,Low Engagement,Low Engagement
22,630.0,11900.0,11,6,7,0,0,0.3291274613468033,Low Engagement,Low Engagement
23,283.0,33100000.0,10,3,10,0,1,0.6572846830575921,Low Engagement,High Engagement
25,751.0,4090000.0,17,2,11,0,0,0.25379648683507167,Low Engagement,Low Engagement
26,466.0,670000.0,12,5,5,0,0,0.39895862435401513,Low Engagement,Low Engagement
26,344.0,222000.0,3,1,4,0,0,0.3678964447847918,Low Engagement,Low Engagement
25,2863.0,16900000.0,14,5,11,0,0,0.2993235613278125,Low Engagement,Low Engagement
27,552.0,556000.0,22,3,5,1,0,0.3745025646562347,High Engagement,Low Engagement
20,986.0,14300000.0,8,3,6,1,1,0.6972784080330103,High Engagement,High Engagement
1,2911.0,11000000.0,19,1,8,1,1,0.8151638107148285,High Engagement,High Engagement
15,263.0,2530000.0,17,1,3,1,0,0.4096289232647102,High Engagement,Low Engagement
26,914.0,3700000.0,22,0,1,1,0,0.4578155873550878,High Engagement,Low Engagement
19,1567.0,21700.0,17,2,4,0,0,0.2327425015684012,Low Engagement,Low Engagement
25,1136.0,26900000.0,16,4,1,0,0,0.47123330535904207,Low Engagement,Low Engagement
15,2874.0,2410.0,21,2,7,0,0,0.17068883452357406,Low Engagement,Low Engagement
19,1687.0,1040000.0,19,1,12,1,0,0.21741314350202992,High Engagement,Low Engagement
27,1140.0,298000.0,13,5,9,0,0,0.32111920392368676,Low Engagement,Low Engagement
24,704.0,5270000.0,15,0,9,1,1,0.7164049505191797,High Engagement,High Engagement
26,522.0,44700000.0,11,3,1,1,1,0.7367003956682272,High Engagement,High Engagement
26,1072.0,21300000.0,19,1,10,1,1,0.7646317474455077,High Engagement,High Engagement
28,1734.0,1520000.0,8,2,8,0,0,0.39031347541613076,Low Engagement,Low Engagement
24,795.0,6610000.0,22,2,11,0,1,0.5138875539146522,Low Engagement,High Engagement
15,1686.0,25500000.0,17,5,3,0,1,0.5903549395843817,Low Engagement,High Engagement
15,2915.0,1870000.0,15,5,2,0,0,0.29151616699485405,Low Engagement,Low Engagement
23,352.0,13300000.0,16,5,9,1,1,0.6842264445000236,High Engagement,High Engagement
17,652.0,1120000.0,17,1,10,1,0,0.38147165424184704,High Engagement,Low Engagement
15,330.0,4000000.0,12,6,5,1,1,0.5058489271897957,High Engagement,High Engagement
28,974.0,348000.0,21,2,7,1,0,0.32758392569156136,High Engagement,Low Engagement
1,913.0,5690000.0,12,5,10,1,1,0.7965870468373288,High Engagement,High Engagement
22,365.0,26400000.0,0,3,4,1,1,0.744486914447028,High Engagement,High Engagement
15,349.0,27000000.0,17,4,8,0,1,0.6108745143195217,Low Engagement,High Engagement
19,785.0,6300000.0,1,1,9,0,1,0.5471749521098317,Low Engagement,High Engagement
22,875.0,3420000.0,19,2,4,1,0,0.46346100619983294,High Engagement,Low Engagement
23,831.0,25000000.0,7,5,9,1,1,0.7609397897067133,High Engagement,High Engagement
28,704.0,3150000.0,20,2,4,1,0,0.433569096960215,High Engagement,Low Engagement
20,765.0,2010000.0,1,0,8,0,0,0.4660107396719532,Low Engagement,Low Engagement
1,676.0,48700000.0,15,1,8,1,1,0.848105805702569,High Engagement,High Engagement
27,1022.0,2280000.0,11,1,4,1,0,0.4332695493773875,High Engagement,Low Engagement
29,261.0,1940000.0,14,3,9,0,0,0.23791645087281235,Low Engagement,Low Engagement
27,1127.0,2590000.0,16,3,12,1,0,0.42154606642564574,High Engagement,Low Engagement
24,685.0,16700000.0,19,4,10,1,1,0.819564971514832,High Engagement,High Engagement
24,998.0,914000.0,22,1,6,0,0,0.39864731140233456,Low Engagement,Low Engagement
19,885.0,997000.0,0,4,12,0,0,0.21031903499400498,Low Engagement,Low Engagement
24,826.0,16900000.0,20,6,6,1,1,0.8479558272916541,High Engagement,High Engagement
28,1753.0,7090000.0,15,2,1,0,1,0.5504382341563805,Low Engagement,High Engagement
27,371.0,9890000.0,13,3,9,1,1,0.708927851913792,High Engagement,High Engagement
20,652.0,23300000.0,11,2,7,1,1,0.7513353010697121,High Engagement,High Engagement
27,425.0,15600.0,17,4,12,0,0,0.31911949594889943,Low Engagement,Low Engagement
17,255.0,48800.0,15,1,1,1,0,0.3763072870053818,High Engagement,Low Engagement
26,809.0,446000.0,16,1,11,0,0,0.22595787928037026,Low Engagement,Low Engagement
26,521.0,962000.0,19,5,11,1,0,0.25400712584765683,High Engagement,Low Engagement
19,311.0,417000.0,16,0,12,0,0,0.21469436794990598,Low Engagement,Low Engagement
26,1415.0,106000.0,23,2,8,0,0,0.28453995300454,Low Engagement,Low Engagement
24,6527.0,125000.0,12,4,11,0,0,0.15567360025933794,Low Engagement,Low Engagement
25,248.0,14600000.0,13,2,6,0,0,0.37321700312654776,Low Engagement,Low Engagement
17,61.0,61700000.0,16,1,11,1,1,0.5593318662947503,High Engagement,High Engagement
27,8763.0,1650000.0,20,6,10,0,0,0.3889276616585696,Low Engagement,Low Engagement
26,623.0,14200000.0,17,3,8,1,1,0.746936366808428,High Engagement,High Engagement
22,726.0,412000.0,19,2,10,0,0,0.35021613963375287,Low Engagement,Low Engagement
25,598.0,3700000.0,18,1,11,1,0,0.23707004870569198,High Engagement,Low Engagement
24,5252.0,43400000.0,16,2,10,0,1,0.6477781149619665,Low Engagement,High Engagement
22,628.0,5520000.0,19,0,2,1,1,0.7192174456601371,High Engagement,High Engagement
25,455.0,10300000.0,15,4,9,1,1,0.5076297591846534,High Engagement,High Engagement
27,614.0,7880000.0,14,1,9,1,1,0.7196470938933183,High Engagement,High Engagement
27,1228.0,3260000.0,17,5,7,0,1,0.5038637487047436,Low Engagement,High Engagement
24,1087.0,2280000.0,20,1,6,1,1,0.5272170093574405,High Engagement,High Engagement
26,257.0,107000.0,13,3,5,0,0,0.3558677070404217,Low Engagement,Low Engagement
19,1458.0,13600.0,6,0,10,0,0,0.18987898668595005,Low Engagement,Low Engagement
15,867.0,266000.0,22,3,2,0,0,0.27185168377652713,Low Engagement,Low Engagement
26,1617.0,13400000.0,6,1,1,1,1,0.6550872345715626,High Engagement,High Engagement
24,787.0,1160000.0,19,4,6,0,0,0.42996911550416816,Low Engagement,Low Engagement
20,1079.0,15300000.0,20,2,3,1,1,0.7546730990838447,High Engagement,High Engagement
24,901.0,21800000.0,14,5,5,1,1,0.7599782757976354,High Engagement,High Engagement
17,1681.0,73800.0,10,0,5,0,0,0.29221099734427625,Low Engagement,Low Engagement
20,392.0,64200.0,12,0,11,0,0,0.22336458364782089,Low Engagement,Low Engagement
24,438.0,110000000.0,18,6,12,1,1,0.7962871068004976,High Engagement,High Engagement
19,716.0,2020000.0,19,6,8,1,0,0.3621755897894805,High Engagement,Low Engagement
10,307.0,62700000.0,4,5,7,1,1,0.7328234677615874,High Engagement,High Engagement
28,655.0,269000.0,23,4,8,1,0,0.3344324576618405,High Engagement,Low Engagement
22,368.0,33100000.0,5,3,12,1,1,0.7201194408919291,High Engagement,High Engagement
15,297.0,21800000.0,12,1,10,0,1,0.6251178721832252,Low Engagement,High Engagement
22,354.0,11300000.0,19,2,8,1,1,0.7118960058965436,High Engagement,High Engagement
20,795.0,23500000.0,1,5,12,1,1,0.7690523514550686,High Engagement,High Engagement
28,512.0,577000.0,21,0,7,0,0,0.3503642167064911,Low Engagement,Low Engagement
26,881.0,588000.0,1,5,11,0,0,0.23758270806150658,Low Engagement,Low Engagement
20,950.0,8480000.0,22,3,10,0,1,0.6361820571079846,Low Engagement,High Engagement
19,302.0,1080000.0,18,2,9,0,0,0.2816581667137337,Low Engagement,Low Engagement
27,253.0,3480000.0,15,2,12,0,0,0.42934754142886306,Low Engagement,Low Engagement
20,1305.0,24300000.0,20,1,9,0,1,0.6836635803300392,Low Engagement,High Engagement
20,740.0,937000.0,19,6,11,1,0,0.2286364526357864,High Engagement,Low Engagement
22,368.0,70200.0,15,2,9,1,0,0.34505713507102875,High Engagement,Low Engagement
27,901.0,4860000.0,16,2,10,1,1,0.570273634775106,High Engagement,High Engagement
28,363.0,238000.0,8,0,4,1,0,0.34078586138973116,High Engagement,Low Engagement
22,1002.0,153000.0,1,2,3,1,0,0.3871970267812925,High Engagement,Low Engagement
23,318.0,13300000.0,13,5,6,0,1,0.6586935352108928,Low Engagement,High Engagement
26,312.0,10500000.0,13,3,4,0,1,0.7369754861934067,Low Engagement,High Engagement
26,1283.0,1780000.0,15,4,3,0,0,0.42010941891674225,Low Engagement,Low Engagement
10,364.0,38200000.0,1,5,6,1,1,0.7470272933345575,High Engagement,High Engagement
27,1796.0,10100000.0,13,2,6,1,1,0.6860370218624021,High Engagement,High Engagement
24,1431.0,1620000.0,13,5,11,0,0,0.22055842261483644,Low Engagement,Low Engagement
22,403.0,28700.0,4,2,2,0,0,0.3675411090896383,Low Engagement,Low Engagement
19,458.0,5160000.0,21,2,7,1,0,0.4625452825583444,High Engagement,Low Engagement
28,360.0,5710000.0,22,2,11,1,0,0.47387106488088687,High Engagement,Low Engagement
15,1490.0,3400000.0,0,4,4,1,0,0.39348801259735744,High Engagement,Low Engagement
15,256.0,679000.0,19,1,5,0,0,0.32282966134900487,Low Engagement,Low Engagement
15,318.0,1460000.0,15,2,7,1,0,0.3548324557432992,High Engagement,Low Engagement
26,934.0,924000.0,15,5,3,0,0,0.4294975748303251,Low Engagement,Low Engagement
23,358.0,749000.0,16,2,6,1,0,0.4892607073210841,High Engagement,Low Engagement
22,604.0,291000.0,21,2,2,0,0,0.35606561423228217,Low Engagement,Low Engagement
24,484.0,2980000.0,12,0,4,0,1,0.5003832824118587,Low Engagement,High Engagement
28,682.0,3150000.0,21,1,4,0,0,0.43581688826849907,Low Engagement,Low Engagement
27,903.0,1000000.0,20,1,10,1,0,0.36301594254551184,High Engagement,Low Engagement
17,1429.0,70200.0,0,3,9,0,0,0.29295601286297834,Low Engagement,Low Engagement
24,382.0,40100000.0,12,2,6,1,1,0.7964457563367372,High Engagement,High Engagement
28,1190.0,16600000.0,17,6,5,1,1,0.7463564953334605,High Engagement,High Engagement
20,2926.0,392000.0,16,3,11,0,0,0.1909620009549603,Low Engagement,Low Engagement
27,1741.0,9410000.0,11,6,9,1,1,0.6637380292503088,High Engagement,High Engagement
22,1755.0,3700000.0,16,1,10,1,0,0.45438431951052516,High Engagement,Low Engagement
29,744.0,43900000.0,23,1,11,0,0,0.2520345938783675,Low Engagement,Low Engagement
27,1403.0,1410000.0,9,1,2,0,0,0.3919654565133177,Low Engagement,Low Engagement
28,54.0,71700000.0,16,4,1,1,1,0.7671746468393111,High Engagement,High Engagement
25,2744.0,9360000.0,17,2,10,0,0,0.3531511167840114,Low Engagement,Low Engagement
15,249.0,14200000.0,17,3,5,0,1,0.6139474694180646,Low Engagement,High Engagement
17,583.0,888000.0,4,4,10,0,0,0.3805747205629694,Low Engagement,Low Engagement
1,297.0,1810000.0,10,5,4,1,1,0.7341926792235729,High Engagement,High Engagement
17,586.0,23700000.0,3,0,6,0,1,0.6347239494873088,Low Engagement,High Engagement
25,2851.0,372000.0,19,6,5,1,0,0.30553940519890904,High Engagement,Low Engagement
29,4816.0,2960000.0,3,4,2,0,0,0.22509054028967465,Low Engagement,Low Engagement
15,4131.0,608000.0,5,5,1,0,0,0.21779312279049406,Low Engagement,Low Engagement
22,708.0,26700.0,17,5,2,0,0,0.34780229757552517,Low Engagement,Low Engagement
27,392.0,845000.0,16,3,1,0,0,0.395037382085912,Low Engagement,Low Engagement
22,993.0,29700000.0,16,5,8,1,1,0.785800878015809,High Engagement,High Engagement
20,860.0,13900000.0,19,5,3,0,1,0.7266173853547002,Low Engagement,High Engagement
24,734.0,1440000.0,15,5,7,0,0,0.4578700515296457,Low Engagement,Low Engagement
20,1017.0,3790000.0,20,1,12,0,0,0.4395700387941419,Low Engagement,Low Engagement
22,1347.0,22100.0,20,4,9,0,0,0.2789212853214979,Low Engagement,Low Engagement
10,345.0,62700000.0,0,5,4,1,1,0.7929604871737632,High Engagement,High Engagement
27,920.0,1910000.0,14,3,10,0,0,0.41946306938854283,Low Engagement,Low Engagement
29,632.0,43900000.0,18,0,4,0,0,0.28493239641527135,Low Engagement,Low Engagement
20,2175.0,10600000.0,22,4,9,1,1,0.6381044164637928,High Engagement,High Engagement
17,2745.0,1490000.0,17,1,8,0,0,0.3765488775716448,Low Engagement,Low Engagement
23,995.0,7220000.0,23,4,2,0,1,0.7476355411701483,Low Engagement,High Engagement
27,879.0,567000.0,7,6,9,1,0,0.36063577965750376,High Engagement,Low Engagement
22,366.0,13700.0,9,6,12,1,0,0.3352900598925213,High Engagement,Low Engagement
28,486.0,7090000.0,6,3,3,1,1,0.5898206774726708,High Engagement,High Engagement
24,322.0,38400000.0,6,3,11,0,1,0.5251786367800237,Low Engagement,High Engagement
20,1185.0,873000.0,11,1,7,0,0,0.3977114700543932,Low Engagement,Low Engagement
22,873.0,826000.0,15,2,8,1,0,0.4181074376472063,High Engagement,Low Engagement
15,2939.0,82400.0,2,1,4,0,0,0.21384116640719886,Low Engagement,Low Engagement
27,1362.0,126000.0,12,1,3,0,0,0.31082144630126946,Low Engagement,Low Engagement
24,717.0,10400000.0,4,4,12,0,1,0.7417678192926392,Low Engagement,High Engagement
24,637.0,7960000.0,18,5,4,1,1,0.806659668352977,High Engagement,High Engagement
28,421.0,24700000.0,19,6,4,1,1,0.7509777567327944,High Engagement,High Engagement
24,698.0,4860000.0,15,1,3,1,1,0.7018148584099677,High Engagement,High Engagement
27,499.0,153000.0,15,4,3,0,0,0.3560632797331077,Low Engagement,Low Engagement
15,241.0,4000000.0,13,6,2,1,1,0.526544852583983,High Engagement,High Engagement
27,1136.0,19700000.0,14,5,5,1,1,0.7518396802852164,High Engagement,High Engagement
28,1906.0,17900000.0,15,2,10,1,1,0.6756749800688427,High Engagement,High Engagement
27,1189.0,5130000.0,19,4,11,0,0,0.4680617757664231,Low Engagement,Low Engagement
17,583.0,454000.0,14,2,2,0,0,0.3708600794758301,Low Engagement,Low Engagement
27,279.0,22200000.0,16,0,11,1,1,0.6344044767496887,High Engagement,High Engagement
28,994.0,22000000.0,11,6,4,1,1,0.766552667622123,High Engagement,High Engagement
10,264.0,157000.0,16,3,11,1,0,0.48938881096580444,High Engagement,Low Engagement
28,268.0,4060000.0,20,4,2,0,0,0.42070575617717404,Low Engagement,Low Engagement
28,676.0,15400000.0,21,3,2,1,1,0.7480962803735185,High Engagement,High Engagement
17,418.0,5340000.0,12,4,5,0,1,0.5225606140445183,Low Engagement,High Engagement
28,790.0,4060000.0,17,3,10,0,0,0.4271288734122558,Low Engagement,Low Engagement
1,1052.0,13400000.0,18,5,11,1,1,0.6148071299905127,High Engagement,High Engagement
10,304.0,2260000.0,20,1,11,1,0,0.4896193028369411,High Engagement,Low Engagement
27,902.0,19700000.0,17,4,1,1,1,0.7519537349158519,High Engagement,High Engagement
26,461.0,1530000.0,10,0,1,1,0,0.4064322558875476,High Engagement,Low Engagement
25,501.0,4080000.0,16,1,6,0,0,0.3340665083967446,Low Engagement,Low Engagement
20,1619.0,15400000.0,11,4,12,1,1,0.6828026653286731,High Engagement,High Engagement
27,520.0,159000.0,17,5,12,1,0,0.33337820441758725,High Engagement,Low Engagement
17,452.0,1760000.0,22,5,12,0,0,0.42286046403294775,Low Engagement,Low Engagement
29,2685.0,2510000.0,21,3,12,0,0,0.2413989656313034,Low Engagement,Low Engagement
22,2507.0,111000.0,11,3,8,0,0,0.28215527876882907,Low Engagement,Low Engagement
10,2159.0,286000.0,15,0,10,1,0,0.41001868861043744,High Engagement,Low Engagement
15,2041.0,22200.0,8,6,4,0,0,0.18362284754892735,Low Engagement,Low Engagement
24,45.0,66200000.0,17,1,11,0,0,0.4214660564292186,Low Engagement,Low Engagement
20,916.0,13900000.0,22,4,10,0,1,0.6698061685717664,Low Engagement,High Engagement
1,7877.0,560000.0,9,1,2,1,1,0.5835234574412921,High Engagement,High Engagement
27,728.0,38300.0,11,1,10,0,0,0.3198359246349363,Low Engagement,Low Engagement
17,336.0,512000.0,12,4,4,1,0,0.37552832676465103,High Engagement,Low Engagement
17,348.0,1310000.0,13,0,10,1,0,0.39277639701006284,High Engagement,Low Engagement
23,279.0,1830000.0,16,3,8,1,1,0.5855704009522814,High Engagement,High Engagement
15,1277.0,794000.0,13,4,7,0,0,0.25855763391433356,Low Engagement,Low Engagement
17,594.0,216000.0,17,1,2,0,0,0.3470965516963455,Low Engagement,Low Engagement
28,253.0,4060000.0,16,0,6,0,0,0.41773627208851544,Low Engagement,Low Engagement
22,362.0,21000000.0,6,4,11,1,1,0.5341658743376233,High Engagement,High Engagement
27,395.0,22200000.0,15,0,10,1,1,0.7601749227745254,High Engagement,High Engagement
10,241.0,2880000.0,5,2,11,1,0,0.44935062215814914,High Engagement,Low Engagement
20,714.0,6950000.0,16,2,10,0,1,0.6261241333306539,Low Engagement,High Engagement
20,1660.0,2540000.0,22,3,10,0,0,0.40752281934586215,Low Engagement,Low Engagement
15,2674.0,1870000.0,21,6,4,0,0,0.25652340943735524,Low Engagement,Low Engagement
20,416.0,622000.0,18,0,12,0,0,0.3899904980727558,Low Engagement,Low Engagement
28,267.0,75000.0,3,5,7,1,0,0.3473862527990437,High Engagement,Low Engagement
23,5074.0,6910.0,0,3,11,1,0,0.38346285658239954,High Engagement,Low Engagement
17,1427.0,70200.0,0,3,10,0,0,0.27668880448556743,Low Engagement,Low Engagement
27,625.0,5130000.0,23,2,3,0,1,0.5906210228403448,Low Engagement,High Engagement
17,44.0,61700000.0,19,4,5,1,1,0.7323543362029126,High Engagement,High Engagement
23,3212.0,13300000.0,13,5,7,1,1,0.7588854170200052,High Engagement,High Engagement
20,645.0,2010000.0,1,0,2,1,0,0.4651551940743304,High Engagement,Low Engagement
26,1478.0,75900.0,1,0,2,0,0,0.2946672957025357,Low Engagement,Low Engagement
27,655.0,845000.0,16,0,3,1,0,0.3953989845507842,High Engagement,Low Engagement
28,5048.0,726000.0,15,1,11,1,0,0.22280628453764162,High Engagement,Low Engagement
17,60.0,61700000.0,1,5,7,1,1,0.7614037315574063,High Engagement,High Engagement
29,532.0,10600000.0,17,2,1,1,0,0.3037233768188172,High Engagement,Low Engagement
15,619.0,2230000.0,14,6,4,1,0,0.40036747158029323,High Engagement,Low Engagement
20,533.0,80000.0,13,5,1,1,0,0.34372989999793097,High Engagement,Low Engagement
17,545.0,7830000.0,1,0,2,1,1,0.6283333620519185,High Engagement,High Engagement
22,477.0,9450000.0,17,5,7,1,1,0.7342376108312523,High Engagement,High Engagement
27,387.0,6980000.0,12,1,7,1,1,0.6775382293480529,High Engagement,High Engagement
27,9308.0,349000.0,13,0,6,1,0,0.3514999877136613,High Engagement,Low Engagement
24,431.0,5060000.0,15,5,4,0,1,0.7067069404833528,Low Engagement,High Engagement
2,1375.0,661000.0,0,5,12,0,0,0.31323231885366404,Low Engagement,Low Engagement
26,794.0,14200000.0,17,0,1,1,1,0.7638985018263479,High Engagement,High Engagement
24,745.0,10600000.0,16,4,9,0,1,0.8237072906115628,Low Engagement,High Engagement
28,384.0,231000.0,10,5,2,0,0,0.32925983649260904,Low Engagement,Low Engagement
24,571.0,21800000.0,17,6,3,1,1,0.8576690904712766,High Engagement,High Engagement
20,894.0,1000000.0,22,5,11,0,0,0.22312422941201027,Low Engagement,Low Engagement
19,1315.0,35000.0,5,6,4,0,0,0.24382793767465819,Low Engagement,Low Engagement
29,20404.0,27000000.0,21,5,10,1,0,0.32335922360856734,High Engagement,Low Engagement
23,242.0,949000.0,17,1,10,0,0,0.36973956155931587,Low Engagement,Low Engagement
15,284.0,6110000.0,23,4,4,1,1,0.6210333108343448,High Engagement,High Engagement
15,242.0,185000.0,11,2,4,1,0,0.31614690679817753,High Engagement,Low Engagement
17,1564.0,123000.0,11,3,1,0,0,0.32296955411180117,Low Engagement,Low Engagement
22,770.0,8920000.0,22,1,2,1,1,0.7063071655526306,High Engagement,High Engagement
17,1607.0,132000.0,18,6,6,0,0,0.3217329428154202,Low Engagement,Low Engagement
23,1026.0,7150000.0,21,5,12,1,1,0.7262595969122576,High Engagement,High Engagement
20,1006.0,280000.0,15,5,11,0,0,0.1872855740244376,Low Engagement,Low Engagement
23,327.0,12400000.0,14,2,4,0,1,0.6542815452092928,Low Engagement,High Engagement
28,1025.0,5120000.0,14,3,8,1,1,0.5168026676568848,High Engagement,High Engagement
22,323.0,7340000.0,9,6,8,0,1,0.6690896597533345,Low Engagement,High Engagement
1,1002.0,142000.0,14,2,4,0,0,0.4887017688346669,Low Engagement,Low Engagement
29,1316.0,2400000.0,18,0,5,0,0,0.2542310404671279,Low Engagement,Low Engagement
22,791.0,1290000.0,3,3,9,1,0,0.4282070435202193,High Engagement,Low Engagement
25,547.0,395000.0,18,0,8,0,0,0.24497879527467228,Low Engagement,Low Engagement
22,822.0,856000.0,20,4,6,0,0,0.4319255734553632,Low Engagement,Low Engagement
20,1098.0,3640000.0,19,0,9,1,0,0.44752211092170824,High Engagement,Low Engagement
15,427.0,2570000.0,13,5,11,1,0,0.4050722594270431,High Engagement,Low Engagement
20,26861.0,778000.0,9,5,11,0,0,0.20294235187566861,Low Engagement,Low Engagement
28,571.0,3150000.0,21,2,5,0,0,0.43485574753329703,Low Engagement,Low Engagement
22,1189.0,5550000.0,20,4,2,1,1,0.7117402109083508,High Engagement,High Engagement
20,794.0,6750000.0,0,4,7,0,1,0.6441580305502461,Low Engagement,High Engagement
15,784.0,17900000.0,20,5,3,1,1,0.6783344711069852,High Engagement,High Engagement
20,561.0,4710000.0,12,2,3,1,1,0.5891344868579572,High Engagement,High Engagement
24,1064.0,9390000.0,3,4,11,1,1,0.5002681705271491,High Engagement,High Engagement
22,566.0,72400.0,22,5,7,1,0,0.3475945534816793,High Engagement,Low Engagement
28,1024.0,5000000.0,17,6,12,1,1,0.5720025273852201,High Engagement,High Engagement
20,1067.0,3840000.0,22,5,11,0,0,0.3052426424824268,Low Engagement,Low Engagement
25,1318.0,3300000.0,0,1,3,0,0,0.4104517686924389,Low Engagement,Low Engagement
27,962.0,2160000.0,12,4,7,1,0,0.43177981354519784,High Engagement,Low Engagement
20,463.0,16600000.0,0,1,2,0,1,0.7366772771999668,Low Engagement,High Engagement
28,842.0,4870000.0,15,2,8,1,1,0.5464840079789498,High Engagement,High Engagement
28,788.0,7090000.0,14,5,9,0,1,0.5404309279526626,Low Engagement,High Engagement
26,3996.0,80900000.0,11,3,11,0,0,0.41148993960082747,Low Engagement,Low Engagement
23,904.0,2560000.0,19,2,4,1,1,0.5826298447143634,High Engagement,High Engagement
27,1053.0,61800.0,13,2,4,0,0,0.31898575293177667,Low Engagement,Low Engagement
24,1071.0,1270000.0,20,3,7,1,0,0.4386167624967216,High Engagement,Low Engagement
17,1311.0,1140000.0,23,2,6,0,0,0.3917950147628715,Low Engagement,Low Engagement
26,960.0,2620000.0,18,0,5,1,0,0.45423636556834546,High Engagement,Low Engagement
20,584.0,1720000.0,13,6,10,0,0,0.4100708632441443,Low Engagement,Low Engagement
28,666.0,1710000.0,19,3,11,0,0,0.2979180240174559,Low Engagement,Low Engagement
25,473.0,14600000.0,22,3,9,0,0,0.3124213219608341,Low Engagement,Low Engagement
22,547.0,964000.0,17,5,12,1,0,0.43734428032687683,High Engagement,Low Engagement
24,575.0,5820000.0,17,5,12,1,1,0.7898605081364285,High Engagement,High Engagement
29,802.0,43900000.0,19,2,6,0,0,0.38548569903115504,Low Engagement,Low Engagement
20,1069.0,4840000.0,15,0,5,0,1,0.5829581709206216,Low Engagement,High Engagement
27,333.0,40900.0,22,6,1,0,0,0.35797653444375416,Low Engagement,Low Engagement
23,845.0,7150000.0,19,1,8,1,1,0.7416837562309125,High Engagement,High Engagement
28,896.0,3020000.0,21,0,9,1,0,0.4301438316717796,High Engagement,Low Engagement
17,9407.0,3300000.0,22,2,9,1,0,0.42948978516657815,High Engagement,Low Engagement
24,765.0,2450000.0,16,5,5,1,1,0.5408322086923231,High Engagement,High Engagement
20,439.0,5650000.0,15,3,9,1,1,0.6213225920603763,High Engagement,High Engagement
1,672.0,253000.0,7,2,1,0,1,0.5070107091867148,Low Engagement,High Engagement
17,566.0,23900000.0,22,4,10,1,1,0.7221428143428082,High Engagement,High Engagement
10,1452.0,280000.0,17,4,8,1,0,0.4176585414376124,High Engagement,Low Engagement
28,659.0,1300000.0,10,4,3,0,0,0.39534823155707344,Low Engagement,Low Engagement
26,1225.0,8170000.0,13,4,9,1,1,0.6401329589109924,High Engagement,High Engagement
22,550.0,5370000.0,23,4,4,1,1,0.6961042684751523,High Engagement,High Engagement
20,2676.0,563000.0,19,3,7,0,0,0.34013560322592323,Low Engagement,Low Engagement
28,417.0,10100000.0,17,5,2,1,1,0.6935341161320245,High Engagement,High Engagement
22,897.0,20500000.0,19,1,12,0,1,0.7602321662087431,Low Engagement,High Engagement
27,285.0,97900000.0,12,4,9,1,1,0.7314886156073357,High Engagement,High Engagement
15,3039.0,1880000.0,22,5,2,0,0,0.2866744986935599,Low Engagement,Low Engagement
25,2488.0,4090000.0,16,6,9,1,0,0.37948371872462316,High Engagement,Low Engagement
20,726.0,310000.0,16,6,11,0,0,0.19814462433680605,Low Engagement,Low Engagement
17,241.0,23600000.0,6,5,3,0,1,0.6310342476663926,Low Engagement,High Engagement
24,1426.0,11900000.0,20,1,10,0,1,0.7034142120719722,Low Engagement,High Engagement
17,3304.0,346000.0,15,4,10,0,0,0.3063266341914985,Low Engagement,Low Engagement
22,1291.0,26900000.0,15,3,5,1,1,0.6701748145364563,High Engagement,High Engagement
15,570.0,102000.0,1,5,8,0,0,0.2677496795220128,Low Engagement,Low Engagement
24,760.0,7910000.0,16,3,12,0,1,0.802529408233003,Low Engagement,High Engagement
24,791.0,7250000.0,15,2,11,0,1,0.5208458263650209,Low Engagement,High Engagement
27,580.0,3480000.0,17,3,5,1,0,0.43192043334047286,High Engagement,Low Engagement
20,1041.0,19600000.0,21,6,5,1,1,0.7585582594988987,High Engagement,High Engagement
17,2484.0,3340000.0,20,0,6,1,0,0.4577550768393558,High Engagement,Low Engagement
22,509.0,489000.0,0,3,8,0,0,0.36809690598947103,Low Engagement,Low Engagement
20,443.0,593000.0,15,2,11,0,0,0.2809246112402137,Low Engagement,Low Engagement
20,800.0,1880000.0,19,5,2,1,0,0.4488955349370543,High Engagement,Low Engagement
20,561.0,19600000.0,2,3,5,1,1,0.7419247837826011,High Engagement,High Engagement
24,2215.0,1620000.0,19,5,2,1,0,0.4190279943931317,High Engagement,Low Engagement
10,868.0,1510000.0,12,5,12,0,0,0.47342554368996437,Low Engagement,Low Engagement
23,263.0,949000.0,17,1,6,0,0,0.3921030993248147,Low Engagement,Low Engagement
25,254.0,4930000.0,16,4,2,0,0,0.3365857604729258,Low Engagement,Low Engagement
25,511.0,14600000.0,11,2,3,0,0,0.36526414307630434,Low Engagement,Low Engagement
25,820.0,6840000.0,3,6,10,0,0,0.3313640466320544,Low Engagement,Low Engagement
27,1023.0,1560000.0,15,4,8,1,0,0.40994826707284215,High Engagement,Low Engagement
19,628.0,7710000.0,17,1,7,0,1,0.566081451044853,Low Engagement,High Engagement
26,465.0,206000.0,5,1,11,1,0,0.2342455372281496,High Engagement,Low Engagement
2,1268.0,1100000.0,16,1,6,0,0,0.3816181139896712,Low Engagement,Low Engagement
28,280.0,5020000.0,18,0,12,0,1,0.5238688799564568,Low Engagement,High Engagement
23,383.0,45200000.0,11,3,6,1,1,0.6648260793806091,High Engagement,High Engagement
10,241.0,21500000.0,16,4,11,1,1,0.5617170492509911,High Engagement,High Engagement
25,42749.0,8580000.0,23,6,9,0,0,0.41807716940893414,Low Engagement,Low Engagement
25,442.0,12700000.0,12,4,7,1,1,0.5079848026095022,High Engagement,High Engagement
24,55.0,21800000.0,16,2,1,0,1,0.7718974596964103,Low Engagement,High Engagement
15,746.0,2230000.0,15,6,10,1,0,0.407474776187106,High Engagement,Low Engagement
28,501.0,4060000.0,18,1,10,0,0,0.41688886905337924,Low Engagement,Low Engagement
2,1658.0,5020000.0,15,1,5,1,1,0.542454865219372,High Engagement,High Engagement
20,452.0,246000.0,12,2,5,1,0,0.3453372391295029,High Engagement,Low Engagement
24,604.0,16900000.0,18,0,7,1,1,0.8140922581757235,High Engagement,High Engagement
24,1871.0,5430000.0,22,6,11,0,0,0.39257411161421096,Low Engagement,Low Engagement
22,1100.0,5520000.0,19,4,8,1,1,0.7217732896054425,High Engagement,High Engagement
15,849.0,3190000.0,9,0,12,1,0,0.458160704788887,High Engagement,Low Engagement
22,1963.0,31300.0,7,2,11,0,0,0.16981002478115093,Low Engagement,Low Engagement
22,448.0,7410000.0,15,6,8,1,1,0.7059112913805863,High Engagement,High Engagement
26,609.0,3700000.0,19,0,4,1,0,0.4620632876104268,High Engagement,Low Engagement
28,383.0,4060000.0,16,1,2,0,0,0.42782054223159593,Low Engagement,Low Engagement
17,3613.0,9020000.0,10,1,10,1,1,0.5275174839938839,High Engagement,High Engagement
25,2710.0,2070000.0,7,5,10,0,0,0.3290231476358387,Low Engagement,Low Engagement
20,637.0,559000.0,13,5,8,0,0,0.39600997916988995,Low Engagement,Low Engagement
22,2170.0,50500.0,9,4,11,0,0,0.15643564855706524,Low Engagement,Low Engagement
28,787.0,3020000.0,20,1,10,1,0,0.4337939915397812,High Engagement,Low Engagement
26,743.0,20000000.0,23,1,10,1,1,0.7642314786480012,High Engagement,High Engagement
23,413.0,20600000.0,20,2,12,1,1,0.663785677132432,High Engagement,High Engagement
15,674.0,183000.0,8,5,12,1,0,0.28359946773478395,High Engagement,Low Engagement
22,1346.0,790000.0,6,5,5,0,0,0.34150009831576156,Low Engagement,Low Engagement
24,1049.0,8950000.0,12,3,10,0,1,0.740001622238625,Low Engagement,High Engagement
24,60.0,66200000.0,20,1,11,0,0,0.45772302225076394,Low Engagement,Low Engagement
27,3825.0,640000.0,5,6,11,0,0,0.17166620162276253,Low Engagement,Low Engagement
27,449.0,3480000.0,17,3,5,0,0,0.4305149559376697,Low Engagement,Low Engagement
27,1809.0,2500000.0,17,0,12,0,0,0.38278060897868005,Low Engagement,Low Engagement
26,983.0,1380000.0,5,4,11,0,0,0.24006196970105814,Low Engagement,Low Engagement
27,1234.0,72800.0,17,6,2,0,0,0.3114954659241137,Low Engagement,Low Engagement
26,1549.0,1750000.0,17,3,6,0,0,0.41325733378330415,Low Engagement,Low Engagement
20,1211.0,48700000.0,14,0,2,1,1,0.6561266063135119,High Engagement,High Engagement
24,1056.0,3580000.0,12,1,11,0,0,0.33370777521489753,Low Engagement,Low Engagement
28,344.0,3050000.0,22,3,11,0,0,0.39899644260211253,Low Engagement,Low Engagement
26,1242.0,359000.0,3,4,4,0,0,0.31085695299296834,Low Engagement,Low Engagement
26,2061.0,3540000.0,22,0,7,0,0,0.45952168833583545,Low Engagement,Low Engagement
17,422.0,5490000.0,23,6,12,0,1,0.5726991014492137,Low Engagement,High Engagement
25,855.0,573000.0,19,5,12,0,0,0.2735271386559649,Low Engagement,Low Engagement
2,994.0,9220000.0,16,2,3,1,1,0.6950339269157274,High Engagement,High Engagement
24,266.0,2440000.0,20,1,9,0,1,0.5077238485183779,Low Engagement,High Engagement
28,1246.0,453000.0,13,2,5,1,0,0.30451543827294375,High Engagement,Low Engagement
17,1256.0,2890000.0,10,1,10,0,0,0.4055721942208843,Low Engagement,Low Engagement
20,972.0,2980000.0,11,6,11,0,0,0.30413349331190925,Low Engagement,Low Engagement
22,729.0,6300000.0,1,3,10,1,1,0.6896895898918521,High Engagement,High Engagement
29,821.0,43900000.0,17,0,9,0,0,0.26958530019663485,Low Engagement,Low Engagement
25,925.0,4090000.0,20,4,1,1,0,0.33606762265618817,High Engagement,Low Engagement
20,844.0,897000.0,12,1,9,1,0,0.3991675030797561,High Engagement,Low Engagement
1,142.0,108000000.0,10,6,10,0,1,0.629069072184111,Low Engagement,High Engagement
15,1131.0,6760000.0,13,5,1,1,1,0.6187359055566548,High Engagement,High Engagement
28,1282.0,2990000.0,14,5,11,0,0,0.33241730702328626,Low Engagement,Low Engagement
15,782.0,21800000.0,14,5,11,1,0,0.46912622349372507,High Engagement,Low Engagement
20,846.0,8480000.0,20,4,10,0,1,0.6671471552809465,Low Engagement,High Engagement
27,569.0,7880000.0,14,6,6,1,1,0.7406237607838603,High Engagement,High Engagement
1,761.0,26100000.0,17,6,5,1,1,0.8715952207609337,High Engagement,High Engagement
1,569.0,279000.0,9,1,12,1,0,0.4640366571672927,High Engagement,Low Engagement
27,262.0,6610000.0,15,0,8,1,1,0.7300784315073707,High Engagement,High Engagement
26,2399.0,320000.0,14,5,8,0,0,0.29336407045436713,Low Engagement,Low Engagement
22,916.0,649000.0,19,4,11,0,0,0.2318792551913466,Low Engagement,Low Engagement
22,3950.0,2400000.0,15,2,8,0,0,0.4445163002312821,Low Engagement,Low Engagement
23,1852.0,16500000.0,12,1,12,1,1,0.7334573495692479,High Engagement,High Engagement
28,864.0,1030000.0,16,0,4,0,0,0.3757638814284981,Low Engagement,Low Engagement
26,669.0,25900000.0,12,2,4,1,1,0.7870687787890138,High Engagement,High Engagement
23,307.0,2390000.0,11,3,3,0,1,0.5730435346085053,Low Engagement,High Engagement
26,255.0,198000.0,10,5,6,0,0,0.3763094519876449,Low Engagement,Low Engagement
15,10802.0,135000.0,19,3,9,0,0,0.19286562301804092,Low Engagement,Low Engagement
26,1095.0,194000.0,13,6,9,1,0,0.3303362526081042,High Engagement,Low Engagement
22,1132.0,5170.0,14,3,7,0,0,0.3342100010428682,Low Engagement,Low Engagement
26,1878.0,883000.0,18,3,2,0,0,0.389618117518497,Low Engagement,Low Engagement
15,266.0,114000.0,16,3,8,0,0,0.32467467662333127,Low Engagement,Low Engagement
22,463.0,1740000.0,14,0,7,1,0,0.43388318258602404,High Engagement,Low Engagement
23,802.0,122000.0,17,5,11,0,0,0.2741881156227009,Low Engagement,Low Engagement
27,1138.0,9230000.0,5,6,11,0,0,0.4827636376106318,Low Engagement,Low Engagement
27,478.0,1400000.0,7,5,9,0,0,0.4137805836837408,Low Engagement,Low Engagement
22,920.0,95200.0,5,0,12,0,0,0.3099379298814721,Low Engagement,Low Engagement
24,523.0,22800000.0,21,1,3,1,1,0.8109100336321224,High Engagement,High Engagement
1,507.0,3200000.0,14,6,2,1,1,0.7525353821463918,High Engagement,High Engagement
20,628.0,23300000.0,15,2,6,1,1,0.7401806966748842,High Engagement,High Engagement
24,714.0,4860000.0,20,1,3,1,1,0.7272161463811574,High Engagement,High Engagement
15,2077.0,1070000.0,17,5,12,0,0,0.243241356116876,Low Engagement,Low Engagement
27,299.0,6610000.0,16,0,3,1,1,0.7292727897381104,High Engagement,High Engagement
22,306.0,1340000.0,19,1,1,0,0,0.4320938058351293,Low Engagement,Low Engagement
20,293.0,5650000.0,15,5,3,1,1,0.6627977348541021,High Engagement,High Engagement
28,743.0,13200000.0,12,6,7,1,1,0.7261463169388557,High Engagement,High Engagement
28,698.0,28300.0,18,2,11,0,0,0.21445775465813863,Low Engagement,Low Engagement
20,1009.0,2010000.0,2,0,6,1,0,0.45126622496988117,High Engagement,Low Engagement
22,2606.0,13400000.0,23,4,9,0,1,0.671966017438444,Low Engagement,High Engagement
15,2311.0,8250.0,22,1,4,0,0,0.1752732210067644,Low Engagement,Low Engagement
17,265.0,957000.0,13,4,12,1,0,0.4009719846252218,High Engagement,Low Engagement
26,592.0,11700000.0,9,5,8,1,1,0.7467432707693253,High Engagement,High Engagement
26,344.0,163000.0,17,2,1,0,0,0.3401850580512663,Low Engagement,Low Engagement
26,3989.0,10800000.0,15,4,9,1,1,0.6560347753560856,High Engagement,High Engagement
24,1150.0,5270000.0,19,0,3,1,1,0.7260512398413459,High Engagement,High Engagement
1,605.0,253000.0,6,4,11,0,0,0.28121995178464804,Low Engagement,Low Engagement
23,370.0,8090000.0,17,1,8,1,1,0.667422528527031,High Engagement,High Engagement
27,1556.0,6290000.0,17,5,2,1,1,0.6416233526658338,High Engagement,High Engagement
28,532.0,15400000.0,7,2,10,0,1,0.7017180573618758,Low Engagement,High Engagement
20,961.0,14300000.0,11,0,4,1,1,0.73846272002593,High Engagement,High Engagement
23,471.0,11300000.0,18,4,11,1,1,0.5837725548677255,High Engagement,High Engagement
24,37.0,21800000.0,15,2,3,1,1,0.7703608957881509,High Engagement,High Engagement
2,669.0,10300000.0,15,4,10,0,1,0.7025494505933166,Low Engagement,High Engagement
28,642.0,3020000.0,17,5,4,1,0,0.46698793902138436,High Engagement,Low Engagement
19,1781.0,133000.0,11,4,7,0,0,0.20369199396785603,Low Engagement,Low Engagement
23,1275.0,13300000.0,14,2,5,0,1,0.7321726062393172,Low Engagement,High Engagement
24,892.0,615000.0,16,3,7,1,0,0.43005501882673125,High Engagement,Low Engagement
26,1276.0,5540000.0,18,3,5,1,1,0.5904432216566681,High Engagement,High Engagement
22,562.0,12600000.0,14,1,7,1,1,0.7229284633439639,High Engagement,High Engagement
28,519.0,7090000.0,14,1,7,0,1,0.5190495696312248,Low Engagement,High Engagement
24,1012.0,33300000.0,14,2,5,1,1,0.7396261983903704,High Engagement,High Engagement
26,484.0,1310000.0,14,3,9,0,0,0.41074612121612536,Low Engagement,Low Engagement
22,4820.0,9450000.0,20,2,11,1,0,0.44453933369599774,High Engagement,Low Engagement
24,602.0,4020000.0,11,5,6,0,0,0.4661103628651435,Low Engagement,Low Engagement
17,452.0,6300000.0,6,1,8,0,1,0.5704838729775541,Low Engagement,High Engagement
2,2101.0,5030000.0,15,1,7,1,1,0.5222912422489204,High Engagement,High Engagement
27,311.0,22200000.0,15,0,3,1,1,0.7741289988152817,High Engagement,High Engagement
22,772.0,5520000.0,19,4,1,1,1,0.719163249036966,High Engagement,High Engagement
25,1813.0,9260000.0,13,4,9,1,0,0.4064612205809458,High Engagement,Low Engagement
28,21.0,71700000.0,16,4,9,1,1,0.7549660556709615,High Engagement,High Engagement
26,531.0,683000.0,16,6,4,0,0,0.4123384641381743,Low Engagement,Low Engagement
22,1164.0,29600000.0,16,2,10,1,1,0.7331260208771818,High Engagement,High Engagement
23,604.0,606000.0,18,6,4,0,0,0.4617180903268141,Low Engagement,Low Engagement
27,550.0,1640000.0,8,4,6,1,0,0.41302185179721557,High Engagement,Low Engagement
23,830.0,302000.0,18,5,11,0,0,0.2813407389411591,Low Engagement,Low Engagement
10,498.0,186000.0,23,4,10,0,0,0.45351116872816744,Low Engagement,Low Engagement
26,502.0,378000.0,21,2,7,0,0,0.3430658074907248,Low Engagement,Low Engagement
24,410.0,1730000.0,11,3,4,0,0,0.4095319147974113,Low Engagement,Low Engagement
24,931.0,5820000.0,16,1,4,1,1,0.7915579920900726,High Engagement,High Engagement
24,475.0,22800000.0,18,6,1,1,1,0.8351234059075776,High Engagement,High Engagement
23,1912.0,7900000.0,16,2,11,1,1,0.6978709821955725,High Engagement,High Engagement
15,489.0,47800.0,17,1,4,1,0,0.23541115312205904,High Engagement,Low Engagement
27,930.0,15300000.0,1,4,10,1,1,0.7528706999931578,High Engagement,High Engagement
24,625.0,45500.0,19,6,2,1,0,0.3591423198032154,High Engagement,Low Engagement
26,984.0,3700000.0,21,0,8,1,0,0.45070077963867067,High Engagement,Low Engagement
28,1754.0,16700000.0,18,3,9,1,1,0.6836840155877554,High Engagement,High Engagement
26,541.0,60200.0,6,0,2,1,0,0.33079954450300275,High Engagement,Low Engagement
15,866.0,1300000.0,19,4,3,0,0,0.33710916227839727,Low Engagement,Low Engagement
28,1749.0,4270.0,10,0,7,0,0,0.2766727821464112,Low Engagement,Low Engagement
20,849.0,6630000.0,19,4,10,0,1,0.6222448340781476,Low Engagement,High Engagement
22,15906.0,485000.0,15,1,10,0,0,0.3310213157514852,Low Engagement,Low Engagement
22,594.0,831000.0,16,1,5,0,0,0.42324828895306943,Low Engagement,Low Engagement
27,997.0,1810000.0,8,0,6,0,0,0.4073931571876203,Low Engagement,Low Engagement
28,887.0,16700000.0,16,3,10,1,1,0.730370417087886,High Engagement,High Engagement
24,911.0,12100000.0,20,0,2,1,1,0.8206694192631672,High Engagement,High Engagement
29,808.0,2510000.0,19,1,10,0,0,0.25788152705947,Low Engagement,Low Engagement
15,1320.0,2560000.0,15,5,10,0,0,0.3475904667485768,Low Engagement,Low Engagement
24,561.0,35100000.0,20,4,1,1,1,0.8469034297723815,High Engagement,High Engagement
15,297.0,21800000.0,12,1,10,1,1,0.6251178721832252,High Engagement,High Engagement
20,920.0,21800000.0,12,3,9,0,1,0.7406266965686946,Low Engagement,High Engagement
24,581.0,2520000.0,1,2,2,0,0,0.4951486024999132,Low Engagement,Low Engagement
24,336.0,16500000.0,4,6,5,1,1,0.7730717985561835,High Engagement,High Engagement
29,655.0,410000.0,20,6,5,0,0,0.20133965336521148,Low Engagement,Low Engagement
26,443.0,30000.0,13,3,8,0,0,0.33947670170408034,Low Engagement,Low Engagement
24,603.0,4020000.0,11,5,4,0,0,0.43789085853855814,Low Engagement,Low Engagement
25,1497.0,4540000.0,11,2,10,0,0,0.3101786709747787,Low Engagement,Low Engagement
20,543.0,110000000.0,16,5,10,1,1,0.7490675642394449,High Engagement,High Engagement
24,41.0,21800000.0,16,5,2,1,1,0.8327680246646304,High Engagement,High Engagement
15,1204.0,1300000.0,19,4,12,0,0,0.27759778309460437,Low Engagement,Low Engagement
24,1931.0,123000.0,19,2,9,0,0,0.28441267402674597,Low Engagement,Low Engagement
24,680.0,131000.0,16,3,3,0,0,0.410431221648865,Low Engagement,Low Engagement
10,237.0,62700000.0,4,4,10,1,1,0.7719659261522541,High Engagement,High Engagement
26,863.0,25900000.0,11,3,8,1,1,0.7673728976461077,High Engagement,High Engagement
27,375.0,56100.0,14,4,6,0,0,0.33219427329136436,Low Engagement,Low Engagement
10,206.0,307000000.0,15,1,11,0,0,0.3736797845371869,Low Engagement,Low Engagement
20,2122.0,314000.0,14,0,2,1,0,0.30963827408114303,High Engagement,Low Engagement
24,591.0,12600000.0,16,4,11,1,1,0.5720549564379038,High Engagement,High Engagement
17,840.0,221000.0,17,3,5,0,0,0.34240059419548724,Low Engagement,Low Engagement
20,608.0,4840000.0,21,5,12,1,1,0.6043803867086243,High Engagement,High Engagement
15,242.0,727000.0,19,2,11,0,0,0.2662559427741652,Low Engagement,Low Engagement
24,657.0,5820000.0,16,4,7,1,1,0.8128668715211638,High Engagement,High Engagement
24,1186.0,5530000.0,19,0,6,1,1,0.752836114967618,High Engagement,High Engagement
15,3123.0,5130.0,18,1,2,0,0,0.20461512673252294,Low Engagement,Low Engagement
22,1614.0,675000.0,18,6,11,0,0,0.16286572205537003,Low Engagement,Low Engagement
22,529.0,1410.0,0,4,4,0,0,0.3420854825746171,Low Engagement,Low Engagement
28,808.0,22000000.0,11,6,12,1,1,0.7523405012754844,High Engagement,High Engagement
24,760.0,35100000.0,18,6,5,1,1,0.8320581504414567,High Engagement,High Engagement
28,560.0,2390000.0,12,1,5,0,0,0.4112616238220025,Low Engagement,Low Engagement
20,1019.0,13900000.0,19,1,11,1,1,0.5147670497704958,High Engagement,High Engagement
15,554.0,301000.0,13,3,5,0,0,0.31328965353233096,Low Engagement,Low Engagement
28,882.0,16600000.0,2,2,6,1,1,0.7300396051510365,High Engagement,High Engagement
24,15.0,66200000.0,0,3,11,0,0,0.3523076651499283,Low Engagement,Low Engagement
24,1158.0,21800000.0,23,4,2,0,1,0.8118784000769879,Low Engagement,High Engagement
25,1551.0,16900000.0,7,2,1,0,0,0.3858022261536726,Low Engagement,Low Engagement
27,2260.0,555000.0,6,4,4,0,0,0.3433646549992067,Low Engagement,Low Engagement
24,2053.0,21800000.0,15,1,7,1,1,0.772647516727623,High Engagement,High Engagement
26,412.0,2720000.0,17,2,3,1,0,0.45652494808688476,High Engagement,Low Engagement
24,745.0,21800000.0,15,5,3,1,1,0.8401964037836863,High Engagement,High Engagement
25,439.0,3240000.0,12,5,6,0,0,0.3442231992231575,Low Engagement,Low Engagement
25,2689.0,1810000.0,15,4,4,0,0,0.34121076117694166,Low Engagement,Low Engagement
2,1373.0,520000.0,14,2,8,1,0,0.31710694895374797,High Engagement,Low Engagement
23,5473.0,1090000.0,18,1,12,1,1,0.5162404003439518,High Engagement,High Engagement
20,657.0,3810000.0,19,6,6,1,0,0.4539478490825532,High Engagement,Low Engagement
29,7434.0,1670000.0,20,5,6,0,0,0.24510915051668586,Low Engagement,Low Engagement
25,838.0,4560000.0,8,0,9,0,0,0.2954379888606218,Low Engagement,Low Engagement
1,514.0,761000.0,18,0,3,0,1,0.6847197755083821,Low Engagement,High Engagement
15,1588.0,295000.0,14,4,3,0,0,0.20568070512361916,Low Engagement,Low Engagement
24,345.0,10600000.0,16,1,6,1,1,0.7763367897305588,High Engagement,High Engagement
15,1106.0,2560000.0,17,5,5,0,0,0.36001977673156005,Low Engagement,Low Engagement
23,1837.0,1980000.0,17,4,10,1,1,0.6774474662949088,High Engagement,High Engagement
28,679.0,7090000.0,15,0,11,0,0,0.46596072234804914,Low Engagement,Low Engagement
1,443.0,10500000.0,18,1,3,1,1,0.8553855742182069,High Engagement,High Engagement
27,1339.0,4470000.0,16,6,8,1,1,0.5379766433631318,High Engagement,High Engagement
24,346.0,8420000.0,14,5,3,1,1,0.7616845119618033,High Engagement,High Engagement
27,1167.0,2930000.0,19,1,5,0,0,0.4351409222065849,Low Engagement,Low Engagement
17,1299.0,1740000.0,17,5,10,1,0,0.3695675830240979,High Engagement,Low Engagement
22,1986.0,2000000.0,14,3,7,1,0,0.4790266178182209,High Engagement,Low Engagement
27,438.0,9420000.0,11,6,6,1,1,0.720381594879009,High Engagement,High Engagement
24,681.0,2430000.0,18,0,12,0,0,0.4558063862051382,Low Engagement,Low Engagement
20,2516.0,33200000.0,8,3,3,1,1,0.6958068547025617,High Engagement,High Engagement
23,269.0,3400000.0,23,4,2,0,1,0.6102927871783521,Low Engagement,High Engagement
27,785.0,513.0,19,6,6,0,0,0.32128290352798133,Low Engagement,Low Engagement
28,3374.0,1360000.0,14,6,11,0,0,0.23187243336456953,Low Engagement,Low Engagement
22,1039.0,2860000.0,20,0,2,1,0,0.47566369884919774,High Engagement,Low Engagement
26,413.0,19600.0,21,3,8,0,0,0.33636470262995866,Low Engagement,Low Engagement
26,444.0,1870000.0,10,5,1,1,0,0.44406193690687523,High Engagement,Low Engagement
25,831.0,4090000.0,17,2,12,1,0,0.2914919379162733,High Engagement,Low Engagement
28,1125.0,15400000.0,15,5,7,1,1,0.7751740191748143,High Engagement,High Engagement
28,1049.0,7090000.0,15,3,11,0,0,0.46335002375691997,Low Engagement,Low Engagement
22,1168.0,894000.0,16,6,11,0,0,0.23692320636266884,Low Engagement,Low Engagement
29,558.0,2620.0,18,4,7,0,0,0.18067331571669049,Low Engagement,Low Engagement
27,929.0,5130000.0,19,6,11,0,0,0.48325669175304414,Low Engagement,Low Engagement
20,1269.0,242000.0,19,1,5,1,0,0.2905272704844278,High Engagement,Low Engagement
27,982.0,1290000.0,17,3,12,0,0,0.3834814545242888,Low Engagement,Low Engagement
24,59.0,21800000.0,18,1,2,1,1,0.7927438410813792,High Engagement,High Engagement
25,631.0,4080000.0,16,1,5,0,0,0.37702136732187325,Low Engagement,Low Engagement
26,1205.0,7160000.0,17,0,1,0,1,0.6332490545010453,Low Engagement,High Engagement
15,459.0,26400.0,1,4,2,0,0,0.24080565176856017,Low Engagement,Low Engagement
24,1207.0,7710000.0,16,4,2,1,1,0.7300403564928347,High Engagement,High Engagement
17,263.0,154000.0,9,2,5,1,0,0.3600867660859126,High Engagement,Low Engagement
22,4361.0,741.0,21,2,11,0,0,0.16487362019274288,Low Engagement,Low Engagement
19,842.0,971000.0,15,5,8,0,0,0.2968162093240076,Low Engagement,Low Engagement
15,2413.0,63300.0,21,1,2,0,0,0.1983920005483764,Low Engagement,Low Engagement
23,346.0,33200000.0,10,5,7,0,1,0.6567058185927057,Low Engagement,High Engagement
24,3457.0,72900.0,13,6,11,0,0,0.16229254263002627,Low Engagement,Low Engagement
22,1375.0,265000.0,11,1,12,0,0,0.27306456449376704,Low Engagement,Low Engagement
24,759.0,4860000.0,14,4,4,1,1,0.6917354995515437,High Engagement,High Engagement
24,602.0,4020000.0,11,2,6,0,0,0.4370661575246791,Low Engagement,Low Engagement
20,1478.0,19600000.0,20,5,2,1,1,0.7156097271020274,High Engagement,High Engagement
25,390.0,1370000.0,20,0,12,0,0,0.25474508069142443,Low Engagement,Low Engagement
28,803.0,15400000.0,20,3,3,1,1,0.7721076710978374,High Engagement,High Engagement
22,255.0,132000.0,20,6,7,1,0,0.37192577530110477,High Engagement,Low Engagement
20,1588.0,11900000.0,21,5,7,1,1,0.6734728370752667,High Engagement,High Engagement
20,1364.0,8800000.0,19,3,7,1,1,0.6125382877991188,High Engagement,High Engagement
27,960.0,4860000.0,16,1,8,1,1,0.6047147380061002,High Engagement,High Engagement
20,2161.0,2940000.0,23,3,10,0,0,0.43349707871738485,Low Engagement,Low Engagement
23,1495.0,3010000.0,23,3,5,1,1,0.7110843442436492,High Engagement,High Engagement
20,971.0,15000000.0,17,5,6,1,1,0.7666570587540964,High Engagement,High Engagement
1,1176.0,13400000.0,17,5,10,1,1,0.8543248614341802,High Engagement,High Engagement
27,1303.0,6250000.0,17,0,11,0,0,0.4788134232937182,Low Engagement,Low Engagement
27,7905.0,2400000.0,16,3,7,0,0,0.49761133254875795,Low Engagement,Low Engagement
23,456.0,33200000.0,5,4,12,0,1,0.6272089652951713,Low Engagement,High Engagement
20,1133.0,489000.0,15,6,3,0,0,0.3871537782384731,Low Engagement,Low Engagement
1,1171.0,13400000.0,18,1,3,1,1,0.8611568732801784,High Engagement,High Engagement
28,329.0,59200.0,10,2,5,0,0,0.31252342555244556,Low Engagement,Low Engagement
27,2899.0,994000.0,17,4,1,1,0,0.38796908490054044,High Engagement,Low Engagement
23,905.0,7150000.0,21,6,1,1,1,0.7611399564015889,High Engagement,High Engagement
28,360.0,1210000.0,16,0,8,0,0,0.378924543551187,Low Engagement,Low Engagement
20,905.0,3520000.0,7,6,10,1,0,0.4322891286327073,High Engagement,Low Engagement
27,1247.0,1610000.0,13,0,12,0,0,0.3267194085292368,Low Engagement,Low Engagement
29,588.0,2410000.0,1,4,7,0,0,0.26877420279957587,Low Engagement,Low Engagement
15,594.0,2170.0,3,4,4,0,0,0.2358134404946785,Low Engagement,Low Engagement
10,8047.0,40600000.0,8,3,4,1,1,0.672544883511696,High Engagement,High Engagement
1,936.0,2730000.0,20,4,12,1,1,0.7307466427206288,High Engagement,High Engagement
23,475.0,20600000.0,16,6,7,1,1,0.7587214866179816,High Engagement,High Engagement
27,485.0,3480000.0,18,4,10,0,0,0.41704481985703906,Low Engagement,Low Engagement
25,503.0,3240000.0,14,1,2,0,0,0.3117561702613712,Low Engagement,Low Engagement
28,482.0,5120000.0,14,0,6,0,0,0.4999487492944709,Low Engagement,Low Engagement
22,380.0,949000.0,17,4,10,0,0,0.3984258555621534,Low Engagement,Low Engagement
26,2078.0,523000.0,20,6,11,0,0,0.18113026415580563,Low Engagement,Low Engagement
23,443.0,13300000.0,1,2,9,1,1,0.6520652275012492,High Engagement,High Engagement
26,509.0,10400000.0,16,2,2,1,1,0.7617447687661361,High Engagement,High Engagement
10,603.0,3060000.0,17,5,12,1,0,0.46870203179384445,High Engagement,Low Engagement
22,405.0,14500000.0,15,6,12,1,1,0.7283356433331576,High Engagement,High Engagement
19,1569.0,1990000.0,20,2,5,1,0,0.44796264741566244,High Engagement,Low Engagement
26,316.0,420000.0,1,2,9,1,0,0.3727201920542373,High Engagement,Low Engagement
22,6538.0,6180000.0,17,5,8,0,1,0.5770933881972101,Low Engagement,High Engagement
19,1231.0,11800000.0,12,6,12,1,1,0.5964338019831661,High Engagement,High Engagement
22,634.0,381000.0,19,0,9,0,0,0.34428562233136517,Low Engagement,Low Engagement
24,505.0,36300000.0,21,0,1,1,1,0.8024421297186218,High Engagement,High Engagement
24,2329.0,11900000.0,0,2,11,0,0,0.4074449270474628,Low Engagement,Low Engagement
22,687.0,776000.0,16,4,11,0,0,0.2559374517380599,Low Engagement,Low Engagement
20,608.0,23700000.0,4,4,4,1,1,0.7265857374457712,High Engagement,High Engagement
28,434.0,1210000.0,23,5,9,0,0,0.38297660293562125,Low Engagement,Low Engagement
24,546.0,66200000.0,10,3,11,0,0,0.4435993536980026,Low Engagement,Low Engagement
10,268.0,1120000.0,5,5,7,1,1,0.5433162949449442,High Engagement,High Engagement
15,4754.0,40800.0,19,6,4,0,0,0.18944570872945882,Low Engagement,Low Engagement
20,623.0,4840000.0,22,0,8,1,1,0.5644076719930675,High Engagement,High Engagement
24,1965.0,17500000.0,16,0,7,1,1,0.7459353404654295,High Engagement,High Engagement
20,1473.0,6440000.0,17,3,1,1,1,0.5978520505810656,High Engagement,High Engagement
20,818.0,18400.0,21,5,8,1,0,0.325134181327474,High Engagement,Low Engagement
28,600.0,819000.0,16,4,5,0,0,0.3780912194076192,Low Engagement,Low Engagement
20,760.0,23600000.0,21,5,2,1,1,0.7739510517521775,High Engagement,High Engagement
29,2226.0,260000.0,18,2,1,0,0,0.15561104242728235,Low Engagement,Low Engagement
15,388.0,39700.0,16,1,2,0,0,0.27092266834986484,Low Engagement,Low Engagement
23,588.0,7690000.0,20,0,3,1,1,0.7249035692204964,High Engagement,High Engagement
20,1116.0,19600000.0,18,5,8,1,1,0.7879259666204651,High Engagement,High Engagement
24,861.0,12600000.0,17,2,1,1,1,0.7787108771217263,High Engagement,High Engagement
15,552.0,2560000.0,17,5,6,0,0,0.35328879260156,Low Engagement,Low Engagement
17,729.0,201000.0,20,6,7,0,0,0.3638557982611602,Low Engagement,Low Engagement
27,1064.0,5130000.0,23,2,3,0,1,0.5878145709579599,Low Engagement,High Engagement
10,421.0,1010000.0,19,5,11,0,0,0.4103658542975091,Low Engagement,Low Engagement
27,9225.0,9230000.0,3,1,2,1,1,0.6237316869350893,High Engagement,High Engagement
28,421.0,3020000.0,16,2,7,0,0,0.4402902856617628,Low Engagement,Low Engagement
27,363.0,4580000.0,14,6,11,0,0,0.4644454001846099,Low Engagement,Low Engagement
28,712.0,15400000.0,5,0,3,1,1,0.7186913894959922,High Engagement,High Engagement
15,2091.0,271000.0,17,5,7,0,0,0.20956380978574685,Low Engagement,Low Engagement
20,1022.0,202000.0,18,0,7,1,0,0.32364872512483334,High Engagement,Low Engagement
25,812.0,4100000.0,16,2,8,0,0,0.32905645362226393,Low Engagement,Low Engagement
24,322.0,8420000.0,21,2,7,1,1,0.7488858359580526,High Engagement,High Engagement
28,698.0,275000.0,19,3,2,1,0,0.34287672047101714,High Engagement,Low Engagement
26,426.0,10400000.0,15,2,3,1,1,0.7540653418280155,High Engagement,High Engagement
25,559.0,10300000.0,15,5,4,1,1,0.5901364437231104,High Engagement,High Engagement
26,606.0,876000.0,15,2,6,0,0,0.41468311997095997,Low Engagement,Low Engagement
15,2777.0,879000.0,13,5,2,0,0,0.2636326338033029,Low Engagement,Low Engagement
29,605.0,973000.0,18,3,12,1,0,0.21467249545934672,High Engagement,Low Engagement
28,750.0,3020000.0,13,1,4,0,0,0.4515892773988181,Low Engagement,Low Engagement
22,421.0,591000.0,15,0,8,0,0,0.40584926681518835,Low Engagement,Low Engagement
20,318.0,2400000.0,21,1,5,0,0,0.44439380239937226,Low Engagement,Low Engagement
20,18790.0,7400000.0,20,3,9,1,1,0.5962379338405629,High Engagement,High Engagement
28,1639.0,288000.0,15,4,6,1,0,0.33677572570800307,High Engagement,Low Engagement
20,934.0,3920000.0,11,3,11,0,0,0.3353897994966607,Low Engagement,Low Engagement
23,803.0,4950000.0,19,1,1,0,1,0.7054384611470679,Low Engagement,High Engagement
20,942.0,19600000.0,22,3,8,1,1,0.7328997412350774,High Engagement,High Engagement
20,1141.0,6960000.0,1,2,2,0,1,0.6487201864689336,Low Engagement,High Engagement
27,1652.0,354000.0,19,2,11,0,0,0.20169170968969108,Low Engagement,Low Engagement
19,697.0,244000.0,17,3,12,0,0,0.16336776546872525,Low Engagement,Low Engagement
24,594.0,17500000.0,0,5,6,1,1,0.7978068776121662,High Engagement,High Engagement
28,2214.0,7090000.0,14,0,6,0,0,0.49008200642829014,Low Engagement,Low Engagement
28,567.0,348000.0,19,1,1,1,0,0.3488975544623341,High Engagement,Low Engagement
28,584.0,5020000.0,10,3,4,0,1,0.5543352055224957,Low Engagement,High Engagement
29,1655.0,3750000.0,12,6,4,0,0,0.29789407215811314,Low Engagement,Low Engagement
2,1051.0,9220000.0,17,4,2,1,1,0.6946742608932158,High Engagement,High Engagement
23,722.0,1230000.0,18,1,1,1,0,0.45239146848331613,High Engagement,Low Engagement
23,471.0,21800000.0,22,0,10,0,1,0.6887779130919541,Low Engagement,High Engagement
20,891.0,635000.0,5,6,10,0,0,0.3733434344989028,Low Engagement,Low Engagement
17,252.0,14200000.0,3,3,1,1,1,0.5804677919919901,High Engagement,High Engagement
24,1838.0,21800000.0,17,4,4,0,1,0.7307606367739561,Low Engagement,High Engagement
10,1144.0,1570000.0,22,3,4,1,0,0.48889060619990204,High Engagement,Low Engagement
27,271.0,177000.0,13,0,5,0,0,0.3391784017129555,Low Engagement,Low Engagement
10,308.0,4790000.0,13,5,4,1,1,0.650442553775866,High Engagement,High Engagement
28,2708.0,7090000.0,15,1,1,0,1,0.5483948646813411,Low Engagement,High Engagement
22,11422.0,5370000.0,21,4,3,1,1,0.6215559852570904,High Engagement,High Engagement
26,425.0,670000.0,13,5,11,0,0,0.2435983530428426,Low Engagement,Low Engagement
24,1028.0,2050000.0,15,0,11,0,0,0.32562268311421866,Low Engagement,Low Engagement
15,764.0,8260000.0,10,5,11,0,0,0.4385323429743311,Low Engagement,Low Engagement
28,687.0,3020000.0,13,3,5,1,0,0.46300808417022515,High Engagement,Low Engagement
22,2793.0,8560000.0,15,6,8,1,1,0.6382238091508877,High Engagement,High Engagement
24,259.0,3940000.0,12,0,9,1,1,0.5041197618581401,High Engagement,High Engagement
27,387.0,4860000.0,13,1,7,1,1,0.5876313815042065,High Engagement,High Engagement
28,3359.0,1680000.0,16,3,8,0,0,0.3868067224037205,Low Engagement,Low Engagement
28,282.0,7090000.0,14,1,7,0,1,0.527044704250877,Low Engagement,High Engagement
24,1165.0,38900.0,8,6,10,0,0,0.3247790439840275,Low Engagement,Low Engagement
20,954.0,645000.0,9,1,9,1,0,0.3739797893906669,High Engagement,Low Engagement
17,818.0,92400.0,17,6,10,1,0,0.34350907181948903,High Engagement,Low Engagement
24,663.0,13900000.0,3,1,3,0,1,0.7725014811295562,Low Engagement,High Engagement
20,959.0,13900000.0,22,6,8,1,1,0.7166703538607296,High Engagement,High Engagement
22,408.0,8260000.0,5,0,7,1,1,0.6954903810234412,High Engagement,High Engagement
26,434.0,10400000.0,16,5,2,1,1,0.7676895295224208,High Engagement,High Engagement
22,1021.0,10200.0,5,5,8,0,0,0.3359108466647423,Low Engagement,Low Engagement
15,289.0,17900000.0,20,5,6,1,1,0.6442049674583897,High Engagement,High Engagement
27,1126.0,7300000.0,17,3,9,1,1,0.6833005341063212,High Engagement,High Engagement
26,573.0,1970000.0,7,6,7,1,0,0.45248173714678075,High Engagement,Low Engagement
22,7816.0,140000.0,18,4,11,0,0,0.17439211265311846,Low Engagement,Low Engagement
20,998.0,19600000.0,17,5,10,1,1,0.7529813995009029,High Engagement,High Engagement
22,804.0,12600000.0,16,1,9,1,1,0.7447746879505127,High Engagement,High Engagement
19,1973.0,2000000.0,11,6,3,0,0,0.418133483228959,Low Engagement,Low Engagement
27,537.0,7880000.0,18,5,1,1,1,0.7451908294500104,High Engagement,High Engagement
20,1101.0,647000.0,2,5,5,1,0,0.3865515918971901,High Engagement,Low Engagement
24,635.0,13900000.0,23,1,11,0,1,0.5552722557898175,Low Engagement,High Engagement
24,297.0,42800000.0,16,5,11,1,1,0.6132019761206173,High Engagement,High Engagement
26,603.0,10400000.0,14,6,8,1,1,0.8006542479632571,High Engagement,High Engagement
25,1038.0,11600000.0,14,6,11,0,0,0.27509910467105364,Low Engagement,Low Engagement
24,1050.0,3080000.0,16,6,3,1,1,0.5453227895931373,High Engagement,High Engagement
24,915.0,4960000.0,8,4,12,1,1,0.6209907782331187,High Engagement,High Engagement
27,880.0,3830000.0,16,3,10,1,0,0.41339060999079935,High Engagement,Low Engagement
24,2836.0,7540000.0,4,6,11,0,0,0.3448364069568116,Low Engagement,Low Engagement
22,478.0,2420000.0,9,0,5,1,0,0.45631990521963817,High Engagement,Low Engagement
28,748.0,7090000.0,5,3,7,0,1,0.5983491334516284,Low Engagement,High Engagement
29,12624.0,2260000.0,2,0,11,0,0,0.2533094265617091,Low Engagement,Low Engagement
27,305.0,22200000.0,14,3,8,0,1,0.7454351565439643,Low Engagement,High Engagement
24,489.0,42800000.0,13,2,2,1,1,0.790726290584822,High Engagement,High Engagement
24,587.0,17500000.0,23,1,8,1,1,0.8021841798495787,High Engagement,High Engagement
25,936.0,4090000.0,16,2,10,0,0,0.3322391770564375,Low Engagement,Low Engagement
10,3415.0,2400000.0,5,6,12,1,0,0.475705902557451,High Engagement,Low Engagement
20,1054.0,13900000.0,20,6,10,0,1,0.7099323786757691,Low Engagement,High Engagement
25,2554.0,2230000.0,10,0,10,1,0,0.2865934088521196,High Engagement,Low Engagement
22,519.0,489000.0,11,5,1,0,0,0.3865775913875418,Low Engagement,Low Engagement
20,622.0,4840000.0,21,5,9,1,1,0.5966868771258415,High Engagement,High Engagement
23,709.0,7150000.0,21,6,2,1,1,0.7625417663707321,High Engagement,High Engagement
25,621.0,3460000.0,16,4,1,0,0,0.33030760049182084,Low Engagement,Low Engagement
17,1515.0,5460000.0,14,3,10,1,1,0.5157809423489171,High Engagement,High Engagement
10,257.0,1150000.0,0,1,3,1,1,0.5216315272342636,High Engagement,High Engagement
28,1083.0,79200.0,12,5,10,0,0,0.31023412147462925,Low Engagement,Low Engagement
28,827.0,1210000.0,21,3,12,0,0,0.3621410019617937,Low Engagement,Low Engagement
2,1301.0,1270000.0,2,4,8,1,0,0.37468970991420747,High Engagement,Low Engagement
26,535.0,10400000.0,14,6,9,1,1,0.7955049185912164,High Engagement,High Engagement
1,361.0,770000.0,22,4,3,1,1,0.7129417897388254,High Engagement,High Engagement
28,521.0,6180000.0,23,4,4,0,1,0.6437259990392901,Low Engagement,High Engagement
27,1433.0,1910000.0,21,6,10,1,0,0.41888182178385286,High Engagement,Low Engagement
27,338.0,7880000.0,14,4,7,1,1,0.7238380526004702,High Engagement,High Engagement
2,5500.0,1520000.0,11,4,3,1,0,0.4282052513876651,High Engagement,Low Engagement
26,640.0,3120000.0,18,2,11,1,0,0.3872521294827665,High Engagement,Low Engagement
27,719.0,1230000.0,18,1,1,0,0,0.3924567958458555,Low Engagement,Low Engagement
28,1531.0,7090000.0,14,2,9,0,0,0.4982982053503804,Low Engagement,Low Engagement
15,2536.0,3390.0,3,0,9,0,0,0.16844130112444977,Low Engagement,Low Engagement
26,1287.0,30300.0,1,0,1,0,0,0.28211662370081486,Low Engagement,Low Engagement
20,1031.0,1240000.0,12,6,10,0,0,0.3810932651465126,Low Engagement,Low Engagement
28,899.0,5000000.0,15,5,5,1,1,0.6012573021291087,High Engagement,High Engagement
26,460.0,1170000.0,20,2,5,0,0,0.40836915765412735,Low Engagement,Low Engagement
28,392.0,1730000.0,18,6,11,0,0,0.2782716203657905,Low Engagement,Low Engagement
27,309.0,6610000.0,16,0,10,1,1,0.7042413576822101,High Engagement,High Engagement
24,583.0,5820000.0,17,0,11,1,1,0.598927470239984,High Engagement,High Engagement
24,611.0,601.0,16,3,7,0,0,0.3628424975195078,Low Engagement,Low Engagement
28,774.0,20500000.0,12,3,4,1,1,0.7457693130455226,High Engagement,High Engagement
27,641.0,145000.0,12,5,1,0,0,0.35304919549748165,Low Engagement,Low Engagement
1,785.0,2910000.0,16,4,7,1,1,0.7501820424474132,High Engagement,High Engagement
10,219.0,307000000.0,3,3,11,1,0,0.39622064694493186,High Engagement,Low Engagement
20,11798.0,552000.0,19,6,5,0,0,0.3484480598239278,Low Engagement,Low Engagement
17,673.0,24300000.0,9,5,10,0,1,0.6699496091419642,Low Engagement,High Engagement
22,516.0,6440000.0,19,6,1,1,1,0.6966410477231325,High Engagement,High Engagement
28,1184.0,22000000.0,10,3,9,1,1,0.7228552533386864,High Engagement,High Engagement
23,412.0,3730000.0,20,5,2,1,1,0.613713244201645,High Engagement,High Engagement
24,1670.0,10200000.0,15,4,11,1,0,0.4410589915385209,High Engagement,Low Engagement
10,247.0,71000.0,15,5,8,1,1,0.5253755533511713,High Engagement,High Engagement
23,339.0,21700000.0,6,2,8,0,1,0.6747950706901263,Low Engagement,High Engagement
27,269.0,22200000.0,16,3,11,1,1,0.6211810408825935,High Engagement,High Engagement
20,1169.0,1720000.0,19,1,9,0,0,0.4102526501532697,Low Engagement,Low Engagement
26,252.0,3970000.0,18,4,5,1,0,0.45879047814845214,High Engagement,Low Engagement
22,926.0,1180000.0,12,2,3,0,0,0.42702414859155985,Low Engagement,Low Engagement
17,464.0,3030000.0,16,4,2,0,0,0.442166799790458,Low Engagement,Low Engagement
20,644.0,9700000.0,20,3,12,1,1,0.718452587923063,High Engagement,High Engagement
20,579.0,1420000.0,15,4,5,0,0,0.4300744849597404,Low Engagement,Low Engagement
28,532.0,5000000.0,13,4,6,1,1,0.5634007624581339,High Engagement,High Engagement
22,245.0,620000.0,12,5,10,0,0,0.4001625175155997,Low Engagement,Low Engagement
10,2046.0,237000.0,2,5,2,0,0,0.39524820533875965,Low Engagement,Low Engagement
27,16012.0,11300000.0,18,2,7,1,1,0.689139977498374,High Engagement,High Engagement
1,830.0,25700000.0,20,6,2,1,1,0.8734240150862377,High Engagement,High Engagement
24,821.0,35100000.0,19,4,9,1,1,0.8220415195354578,High Engagement,High Engagement
15,2311.0,525000.0,17,2,11,0,0,0.1837670522476006,Low Engagement,Low Engagement
24,577.0,17500000.0,23,4,1,1,1,0.8086157890443592,High Engagement,High Engagement
28,842.0,1100000.0,12,5,10,0,0,0.3752594482342639,Low Engagement,Low Engagement
23,1186.0,2560000.0,20,3,12,1,1,0.5263766558020947,High Engagement,High Engagement
24,1013.0,6980000.0,16,2,7,1,1,0.7867169556293618,High Engagement,High Engagement
10,295.0,25000.0,8,2,12,1,1,0.5102825986487212,High Engagement,High Engagement
25,486.0,10300000.0,15,5,7,1,1,0.5746703865870175,High Engagement,High Engagement
22,1006.0,5370000.0,22,4,8,1,1,0.67506515353348,High Engagement,High Engagement
17,950.0,766000.0,10,0,8,1,0,0.3821284593130363,High Engagement,Low Engagement
20,422.0,152000.0,23,4,11,0,0,0.24411862301493328,Low Engagement,Low Engagement
25,739.0,10300000.0,15,6,9,1,0,0.47776116339537167,High Engagement,Low Engagement
17,1147.0,23900000.0,22,4,12,1,1,0.7400950170224225,High Engagement,High Engagement
27,840.0,57600.0,18,6,10,0,0,0.3284329778311294,Low Engagement,Low Engagement
1,882.0,106000.0,22,0,11,0,0,0.2385863148305134,Low Engagement,Low Engagement
22,7357.0,6190000.0,17,5,8,0,1,0.5770933881972101,Low Engagement,High Engagement
24,1293.0,19300000.0,20,1,10,0,1,0.7491965240539039,Low Engagement,High Engagement
28,1029.0,3020000.0,19,0,11,1,0,0.3452380279893559,High Engagement,Low Engagement
20,514.0,88700.0,7,0,11,0,0,0.21040388850071964,Low Engagement,Low Engagement
20,1079.0,502000.0,18,2,11,1,0,0.2044126355541032,High Engagement,Low Engagement
20,818.0,37900000.0,23,5,5,1,1,0.7647173738620353,High Engagement,High Engagement
20,896.0,110000000.0,18,3,6,1,1,0.7562658510081949,High Engagement,High Engagement
24,335.0,4320000.0,1,1,6,1,1,0.6010587734934079,High Engagement,High Engagement
24,691.0,6980000.0,17,5,7,1,1,0.793494959677818,High Engagement,High Engagement
15,559.0,288000.0,17,2,1,0,0,0.25659780033661533,Low Engagement,Low Engagement
25,405.0,6080000.0,8,3,8,0,0,0.3329974883644326,Low Engagement,Low Engagement
15,1907.0,67300.0,19,3,7,0,0,0.18850556619379685,Low Engagement,Low Engagement
27,647.0,4860000.0,17,1,4,0,1,0.6293915726426951,Low Engagement,High Engagement
24,519.0,6980000.0,18,3,7,1,1,0.7738475337706656,High Engagement,High Engagement
17,4135.0,584000.0,4,0,12,0,0,0.25950713563450745,Low Engagement,Low Engagement
20,875.0,16800000.0,16,5,8,1,1,0.7740084134278115,High Engagement,High Engagement
27,3143.0,12800000.0,5,1,9,1,1,0.6358299504834862,High Engagement,High Engagement
2,1347.0,254000.0,18,5,3,0,0,0.3140309776556819,Low Engagement,Low Engagement
22,621.0,6340.0,16,5,3,0,0,0.3500082648887375,Low Engagement,Low Engagement
24,285.0,81300000.0,22,1,1,0,1,0.7719188961130691,Low Engagement,High Engagement
24,492.0,60900000.0,13,1,11,0,1,0.5267721816399064,Low Engagement,High Engagement
26,388.0,1240000.0,10,4,3,1,0,0.4553226145697922,High Engagement,Low Engagement
19,964.0,6020.0,13,3,12,0,0,0.14777773150457038,Low Engagement,Low Engagement
20,265.0,269000.0,7,6,8,0,0,0.3710186309283693,Low Engagement,Low Engagement
24,1116.0,10600000.0,20,2,2,1,1,0.7898150857823524,High Engagement,High Engagement
28,539.0,280000.0,13,2,4,1,0,0.32982595970544265,High Engagement,Low Engagement
20,1485.0,15300000.0,11,5,3,1,1,0.7211365974348456,High Engagement,High Engagement
24,373.0,10500000.0,13,1,4,1,1,0.7812656121572182,High Engagement,High Engagement
19,2681.0,329000.0,20,3,12,0,0,0.14955000245568548,Low Engagement,Low Engagement
28,508.0,4060000.0,17,1,3,0,0,0.4452529566760209,Low Engagement,Low Engagement
19,596.0,318000.0,20,1,8,1,0,0.25040774745141375,High Engagement,Low Engagement
28,764.0,1030000.0,16,0,4,0,0,0.3785961940289206,Low Engagement,Low Engagement
26,596.0,14200000.0,19,3,7,1,1,0.7491441715355495,High Engagement,High Engagement
17,392.0,13800000.0,17,6,5,1,1,0.6334019885339919,High Engagement,High Engagement
24,412.0,2520000.0,19,3,5,1,1,0.5246884993673788,High Engagement,High Engagement
27,451.0,1370.0,18,2,8,0,0,0.32134293490592053,Low Engagement,Low Engagement
20,942.0,3920000.0,10,1,9,0,0,0.4412219373243093,Low Engagement,Low Engagement
28,1163.0,16600000.0,14,2,3,1,1,0.681164299646574,High Engagement,High Engagement
25,347.0,3240000.0,15,5,8,0,0,0.3563023366204197,Low Engagement,Low Engagement
27,699.0,7880000.0,14,1,10,1,1,0.7114005448245687,High Engagement,High Engagement
15,350.0,93200.0,15,4,1,0,0,0.2860859351357595,Low Engagement,Low Engagement
22,734.0,1370000.0,14,5,3,1,0,0.4683037754909762,High Engagement,Low Engagement
27,495.0,4640000.0,11,1,5,1,1,0.6159613207625186,High Engagement,High Engagement
20,935.0,31100000.0,18,4,1,1,1,0.7568460100809412,High Engagement,High Engagement
27,310.0,22200000.0,15,3,5,1,1,0.7523079786923804,High Engagement,High Engagement
23,1498.0,15200000.0,17,5,4,1,1,0.7930036191596858,High Engagement,High Engagement
28,1471.0,7090000.0,13,0,5,1,1,0.556226926543638,High Engagement,High Engagement
23,690.0,33200000.0,4,0,12,0,1,0.61671522724034,Low Engagement,High Engagement
24,705.0,10400000.0,4,2,12,1,1,0.7148232579584151,High Engagement,High Engagement
2,1606.0,121000.0,17,4,3,1,0,0.3035979733047822,High Engagement,Low Engagement
26,432.0,2320000.0,15,4,10,0,0,0.44004353043535277,Low Engagement,Low Engagement
27,786.0,83800.0,17,4,11,0,0,0.2019383952352741,Low Engagement,Low Engagement
24,1121.0,17500000.0,18,6,10,1,1,0.8092629680548775,High Engagement,High Engagement
17,244.0,1700000.0,15,2,4,1,0,0.42610340515128575,High Engagement,Low Engagement
22,260.0,276000.0,20,2,6,1,0,0.3790007604722081,High Engagement,Low Engagement
25,360.0,3240000.0,16,3,9,0,0,0.3264817886868882,Low Engagement,Low Engagement
15,2991.0,1880000.0,18,5,1,1,0,0.27677067052067933,High Engagement,Low Engagement
20,669.0,4800.0,12,1,9,1,0,0.32306213835186337,High Engagement,Low Engagement
28,1303.0,213000.0,1,0,12,0,0,0.2521899984511673,Low Engagement,Low Engagement
15,954.0,2740000.0,18,5,7,0,0,0.4436984343680074,Low Engagement,Low Engagement
17,532.0,23900000.0,22,4,10,1,1,0.7151151768513667,High Engagement,High Engagement
23,2167.0,121000.0,19,4,10,0,1,0.5037174632426522,Low Engagement,High Engagement
28,1669.0,1100000.0,17,4,4,1,0,0.37076426805582874,High Engagement,Low Engagement
27,292.0,22200000.0,16,0,1,1,1,0.7671737864948497,High Engagement,High Engagement
27,367.0,19700000.0,16,0,5,1,1,0.7567214621892983,High Engagement,High Engagement
26,332.0,5740000.0,19,3,4,0,1,0.6571593744067027,Low Engagement,High Engagement
22,246.0,3740.0,15,5,6,0,0,0.3640504633482547,Low Engagement,Low Engagement
23,784.0,25000000.0,7,5,4,1,1,0.7628849589322564,High Engagement,High Engagement
23,355.0,33100000.0,4,2,7,1,1,0.6181458348313583,High Engagement,High Engagement
27,798.0,4640000.0,13,1,8,1,1,0.5936271603326847,High Engagement,High Engagement
15,603.0,673000.0,15,5,1,0,0,0.311163041760295,Low Engagement,Low Engagement
27,1974.0,381000.0,13,1,8,0,0,0.31390209191268376,Low Engagement,Low Engagement
28,1104.0,16700000.0,23,1,5,1,1,0.7258438803073765,High Engagement,High Engagement
28,310.0,15400000.0,17,0,3,1,1,0.7083442539806073,High Engagement,High Engagement
19,367.0,5160000.0,16,5,4,0,1,0.5212673778715102,Low Engagement,High Engagement
22,580.0,12600000.0,17,2,9,1,1,0.7364043119515665,High Engagement,High Engagement
2,370.0,201000.0,17,5,2,0,0,0.3692430412796774,Low Engagement,Low Engagement
25,3667.0,2390000.0,23,1,3,0,0,0.43439248957707244,Low Engagement,Low Engagement
10,273.0,62700000.0,17,0,11,1,1,0.5470285009980251,High Engagement,High Engagement
23,4266.0,18500000.0,8,3,11,1,1,0.6692139934566949,High Engagement,High Engagement
23,317.0,1830000.0,18,5,3,0,1,0.5855822207940399,Low Engagement,High Engagement
26,1230.0,24100.0,20,3,11,0,0,0.20451702516192047,Low Engagement,Low Engagement
27,844.0,1510000.0,11,4,2,0,0,0.4050767207807727,Low Engagement,Low Engagement
22,1065.0,1230000.0,16,0,6,0,0,0.4355480536931973,Low Engagement,Low Engagement
19,899.0,253000.0,19,4,12,1,0,0.15147345688951566,High Engagement,Low Engagement
1,794.0,8430000.0,21,6,12,0,1,0.8236539668930398,Low Engagement,High Engagement
24,1591.0,17500000.0,19,0,5,1,1,0.7565672636190981,High Engagement,High Engagement
26,2264.0,850000.0,17,5,10,0,0,0.33954735130875874,Low Engagement,Low Engagement
22,802.0,4380000.0,17,6,8,0,1,0.5691297100582845,Low Engagement,High Engagement
15,2255.0,558000.0,12,6,6,0,0,0.24322142840483746,Low Engagement,Low Engagement
28,906.0,16600000.0,19,3,5,1,1,0.748521305374526,High Engagement,High Engagement
15,283.0,2530000.0,19,1,10,0,0,0.4086855667122232,Low Engagement,Low Engagement
24,43.0,21800000.0,15,5,10,1,1,0.8020910958751548,High Engagement,High Engagement
20,306.0,55500.0,3,1,1,1,0,0.3660736641348052,High Engagement,Low Engagement
20,878.0,2290000.0,18,3,6,1,0,0.4512887117329448,High Engagement,Low Engagement
28,776.0,374000.0,9,6,7,0,0,0.3322079179217288,Low Engagement,Low Engagement
20,537.0,158000.0,16,5,6,0,0,0.35101333260745954,Low Engagement,Low Engagement
20,374.0,110000000.0,18,4,2,1,1,0.7370163338379664,High Engagement,High Engagement
2,2895.0,1630000.0,22,6,11,0,0,0.27308231302858665,Low Engagement,Low Engagement
20,696.0,1290000.0,14,5,11,0,0,0.2414621958702852,Low Engagement,Low Engagement
1,1156.0,329000.0,21,4,12,0,0,0.4589269588878572,Low Engagement,Low Engagement
27,672.0,9230000.0,11,4,2,0,1,0.6960267320619229,Low Engagement,High Engagement
24,877.0,493000.0,14,4,11,0,0,0.21217603025601733,Low Engagement,Low Engagement
20,955.0,3400000.0,11,0,3,1,0,0.4880569705853754,High Engagement,Low Engagement
1,7300.0,42400000.0,12,3,9,1,1,0.7833002928427909,High Engagement,High Engagement
22,353.0,3970000.0,13,1,2,0,0,0.464293953865278,Low Engagement,Low Engagement
28,504.0,4060000.0,15,0,10,0,0,0.43099043544409854,Low Engagement,Low Engagement
26,1090.0,10500.0,17,4,9,0,0,0.30843546712471526,Low Engagement,Low Engagement
27,370.0,7880000.0,13,5,6,1,1,0.721919778351934,High Engagement,High Engagement
29,2641.0,18600.0,8,4,9,0,0,0.14087470080286218,Low Engagement,Low Engagement
27,4429.0,1650000.0,3,3,3,0,0,0.4253463935095267,Low Engagement,Low Engagement
22,377.0,125000.0,17,0,11,1,0,0.24875269533227395,High Engagement,Low Engagement
26,2850.0,19000.0,17,6,11,0,0,0.14727451729831278,Low Engagement,Low Engagement
19,2016.0,7290000.0,12,3,10,1,1,0.531625241550505,High Engagement,High Engagement
26,316.0,254000.0,5,6,8,1,0,0.38087327900691836,High Engagement,Low Engagement
15,2458.0,8250.0,15,2,4,0,0,0.1791066341537144,Low Engagement,Low Engagement
19,601.0,3820000.0,12,0,1,1,0,0.4105012818938903,High Engagement,Low Engagement
17,288.0,3500000.0,17,0,9,0,0,0.43773551835058383,Low Engagement,Low Engagement
24,527.0,5250000.0,14,4,9,0,1,0.6806688551582275,Low Engagement,High Engagement
27,1247.0,6250000.0,16,4,11,0,0,0.47134000938487364,Low Engagement,Low Engagement
25,884.0,3900000.0,22,6,5,0,0,0.3406873858803806,Low Engagement,Low Engagement
24,1626.0,11900000.0,22,0,10,1,1,0.6409998034744412,High Engagement,High Engagement
26,1499.0,281000.0,16,4,8,0,0,0.2984760144715729,Low Engagement,Low Engagement
23,562.0,13300000.0,12,2,9,0,1,0.6911387889661703,Low Engagement,High Engagement
27,872.0,28500.0,13,3,11,0,0,0.2220151092442452,Low Engagement,Low Engagement
23,569.0,226000.0,16,2,12,0,0,0.36654277049471046,Low Engagement,Low Engagement
26,524.0,14200000.0,0,6,11,1,1,0.6204720987914997,High Engagement,High Engagement
17,2543.0,1490000.0,18,0,4,1,0,0.37975143321890387,High Engagement,Low Engagement
24,743.0,19400000.0,10,2,10,1,1,0.7533833382612616,High Engagement,High Engagement
27,2043.0,121000.0,16,1,9,0,0,0.2874873622041314,Low Engagement,Low Engagement
23,776.0,2560000.0,20,2,5,0,1,0.5721816841941854,Low Engagement,High Engagement
24,453.0,16700000.0,21,4,3,1,1,0.8253741889844418,High Engagement,High Engagement
28,974.0,2720000.0,18,3,7,0,0,0.450402430450745,Low Engagement,Low Engagement
27,1104.0,3830000.0,18,1,12,0,0,0.41808979042015487,Low Engagement,Low Engagement
24,327.0,17500000.0,17,0,10,1,1,0.7901003883284158,High Engagement,High Engagement
27,613.0,334000.0,14,2,8,0,0,0.34462401750222826,Low Engagement,Low Engagement
22,467.0,984000.0,23,4,8,1,0,0.42872891966009113,High Engagement,Low Engagement
25,427.0,4920000.0,17,1,12,0,0,0.2990272612336439,Low Engagement,Low Engagement
26,1444.0,1310000.0,14,1,5,0,0,0.3595730225377111,Low Engagement,Low Engagement
26,762.0,322000.0,4,4,4,0,0,0.36537637452779337,Low Engagement,Low Engagement
2,3012.0,1090000.0,18,0,11,1,0,0.24823727731163023,High Engagement,Low Engagement
24,602.0,4020000.0,11,2,9,0,0,0.4188372184757094,Low Engagement,Low Engagement
20,1314.0,1230000.0,15,1,5,0,0,0.38159644334137416,Low Engagement,Low Engagement
17,8087.0,15400000.0,11,0,8,1,1,0.5599614947220333,High Engagement,High Engagement
26,455.0,469000.0,14,6,2,0,0,0.3827090014134003,Low Engagement,Low Engagement
28,718.0,2390000.0,14,0,9,0,0,0.38976508831012885,Low Engagement,Low Engagement
20,710.0,150000.0,15,0,6,1,0,0.3562712324976124,High Engagement,Low Engagement
24,264.0,10400000.0,7,3,11,0,1,0.5157360069879027,Low Engagement,High Engagement
23,835.0,912000.0,19,3,5,0,1,0.5120901355801891,Low Engagement,High Engagement
10,304.0,195000.0,3,3,11,0,0,0.4697904507241851,Low Engagement,Low Engagement
23,546.0,20600000.0,18,3,12,1,1,0.721258642724594,High Engagement,High Engagement
24,1811.0,7540000.0,4,6,10,0,1,0.6147981949540436,Low Engagement,High Engagement
23,1181.0,5550000.0,19,1,11,1,1,0.6470229389569477,High Engagement,High Engagement
28,352.0,5120000.0,4,3,6,0,1,0.5307838290487608,Low Engagement,High Engagement
20,734.0,9700000.0,20,5,1,0,1,0.7299915283971123,Low Engagement,High Engagement
26,935.0,25900000.0,12,0,1,1,1,0.7907457672097246,High Engagement,High Engagement
25,1083.0,6610000.0,21,1,3,0,0,0.3385326937230358,Low Engagement,Low Engagement
22,690.0,5340000.0,15,3,2,1,1,0.6329640668326515,High Engagement,High Engagement
27,407.0,3480000.0,2,2,8,0,0,0.435823518582908,Low Engagement,Low Engagement
28,1000.0,1210000.0,22,4,2,0,0,0.379947520416503,Low Engagement,Low Engagement
28,875.0,7090000.0,14,0,7,1,1,0.5197191657261954,High Engagement,High Engagement
24,245.0,30800000.0,2,5,10,0,1,0.753023656471278,Low Engagement,High Engagement
28,1267.0,1310000.0,8,4,11,1,0,0.20917882300779453,High Engagement,Low Engagement
1,599.0,26000000.0,17,2,3,1,1,0.8536842449212613,High Engagement,High Engagement
27,405.0,15300000.0,14,2,8,1,1,0.7374153610274135,High Engagement,High Engagement
24,35.0,21800000.0,16,3,10,0,1,0.773004831574955,Low Engagement,High Engagement
24,544.0,5820000.0,16,6,4,1,1,0.8257358680989618,High Engagement,High Engagement
2,1505.0,5030000.0,15,1,9,1,1,0.5283144115859032,High Engagement,High Engagement
20,792.0,36000.0,16,3,1,1,0,0.3485692466124096,High Engagement,Low Engagement
15,468.0,25900000.0,21,3,5,1,1,0.6539606478511287,High Engagement,High Engagement
23,1265.0,13300000.0,13,6,10,1,1,0.7457290347000296,High Engagement,High Engagement
15,674.0,6110000.0,23,3,11,1,0,0.4741302712395094,High Engagement,Low Engagement
17,914.0,23700000.0,6,3,11,0,1,0.5594682950877015,Low Engagement,High Engagement
27,319.0,22200000.0,16,1,12,1,1,0.7526845969308699,High Engagement,High Engagement
28,853.0,4710000.0,15,5,6,1,1,0.5968923769559434,High Engagement,High Engagement
28,529.0,16600000.0,16,2,10,1,1,0.7178169229835626,High Engagement,High Engagement
20,666.0,2020000.0,13,6,11,1,0,0.34412630938192945,High Engagement,Low Engagement
23,784.0,37800.0,12,0,11,0,0,0.2604671039708712,Low Engagement,Low Engagement
22,1771.0,2310000.0,6,6,3,0,0,0.4841735568368762,Low Engagement,Low Engagement
29,241.0,1940000.0,22,2,9,0,0,0.2482717566674906,Low Engagement,Low Engagement
22,1049.0,32400000.0,16,6,11,1,1,0.5621102587294022,High Engagement,High Engagement
24,3647.0,15300000.0,18,6,8,1,1,0.7491787386947212,High Engagement,High Engagement
29,19193.0,751000.0,14,1,2,0,0,0.18545865784028304,Low Engagement,Low Engagement
10,316.0,10300000.0,3,4,11,1,1,0.5032262526217671,High Engagement,High Engagement
27,1831.0,665000.0,15,0,12,0,0,0.29087853811820336,Low Engagement,Low Engagement
1,870.0,13400000.0,19,5,12,1,1,0.8518063108147845,High Engagement,High Engagement
27,662.0,7880000.0,14,1,3,1,1,0.7188906116136021,High Engagement,High Engagement
22,906.0,29300.0,16,4,11,0,0,0.19924930060682358,Low Engagement,Low Engagement
22,2221.0,32900.0,8,3,10,0,0,0.2921194346319074,Low Engagement,Low Engagement
24,1106.0,285000.0,18,4,4,1,0,0.3404946865672605,High Engagement,Low Engagement
24,961.0,3050000.0,15,2,7,1,1,0.5056000208444387,High Engagement,High Engagement
17,1936.0,6940000.0,14,2,1,0,1,0.5304011148427559,Low Engagement,High Engagement
22,521.0,6480000.0,16,6,4,1,1,0.7208007800387893,High Engagement,High Engagement
1,520.0,9980000.0,15,3,11,1,1,0.5722678664385537,High Engagement,High Engagement
20,931.0,3640000.0,20,4,3,0,0,0.47216662668399884,Low Engagement,Low Engagement
24,1529.0,49500.0,16,2,11,0,0,0.1949962892072488,Low Engagement,Low Engagement
22,1593.0,2230000.0,22,1,11,0,0,0.3161044805574742,Low Engagement,Low Engagement
22,355.0,6390.0,21,3,6,0,0,0.3474809119635032,Low Engagement,Low Engagement
15,302.0,270000.0,3,3,11,0,0,0.25431220115754394,Low Engagement,Low Engagement
10,252.0,26800.0,15,2,2,1,0,0.4877234834323259,High Engagement,Low Engagement
25,508.0,14600000.0,22,3,8,0,0,0.2976033170194775,Low Engagement,Low Engagement
24,940.0,16700000.0,22,3,4,1,1,0.8001702499071169,High Engagement,High Engagement
22,480.0,2700000.0,15,1,9,0,0,0.4680292341309319,Low Engagement,Low Engagement
24,555.0,5820000.0,16,3,10,1,1,0.7740112626486485,High Engagement,High Engagement
17,7481.0,1200000.0,21,0,11,0,0,0.25572967704011396,Low Engagement,Low Engagement
1,737.0,2910000.0,14,5,2,1,1,0.738040594535808,High Engagement,High Engagement
28,523.0,1030000.0,15,3,12,0,0,0.3615707634635066,Low Engagement,Low Engagement
20,583.0,4840000.0,16,2,4,0,1,0.5937374894419859,Low Engagement,High Engagement
20,1091.0,1700000.0,17,1,9,1,0,0.40656732009516017,High Engagement,Low Engagement
15,578.0,2460000.0,23,2,9,1,0,0.3817645483941658,High Engagement,Low Engagement
28,308.0,1750000.0,15,3,4,0,0,0.38986560253911423,Low Engagement,Low Engagement
23,366.0,12400000.0,16,0,6,1,1,0.6853275989448568,High Engagement,High Engagement
2,306.0,467000.0,19,4,7,0,0,0.3751385781014896,Low Engagement,Low Engagement
19,393.0,660000.0,15,2,12,0,0,0.20728405542493658,Low Engagement,Low Engagement
22,253.0,59500.0,13,2,12,1,0,0.35008574137183773,High Engagement,Low Engagement
26,402.0,115000.0,13,5,11,0,0,0.22513406012714726,Low Engagement,Low Engagement
17,543.0,13800000.0,17,2,1,1,1,0.6081400717742579,High Engagement,High Engagement
23,524.0,607000.0,16,3,4,0,0,0.48708754224518136,Low Engagement,Low Engagement
28,785.0,16600000.0,17,0,1,1,1,0.7311370252556627,High Engagement,High Engagement
26,587.0,3200000.0,7,4,7,1,0,0.46264149731384663,High Engagement,Low Engagement
27,586.0,6610000.0,16,0,1,1,1,0.7211390273441151,High Engagement,High Engagement
22,943.0,1560000.0,16,0,5,0,0,0.4428315121033586,Low Engagement,Low Engagement
17,1422.0,1650000.0,17,1,2,0,0,0.398109536445008,Low Engagement,Low Engagement
20,569.0,7670000.0,12,1,8,1,1,0.6595468709772673,High Engagement,High Engagement
26,931.0,2950000.0,6,6,4,1,0,0.470781464048021,High Engagement,Low Engagement
27,329.0,19700000.0,18,2,4,1,1,0.7520661580462639,High Engagement,High Engagement
22,1115.0,8320000.0,11,4,5,0,1,0.7066122244505121,Low Engagement,High Engagement
24,194.0,452000000.0,16,5,10,1,1,0.8017501221543265,High Engagement,High Engagement
28,557.0,1780000.0,17,6,12,1,0,0.38075731835475707,High Engagement,Low Engagement
26,1793.0,181000.0,14,2,7,0,0,0.2845675166027527,Low Engagement,Low Engagement
2,1466.0,3900000.0,5,0,1,1,0,0.44633796282054694,High Engagement,Low Engagement
24,2892.0,26600000.0,10,0,11,0,0,0.46673865602132913,Low Engagement,Low Engagement
28,49.0,71700000.0,17,3,2,1,1,0.7567984486652105,High Engagement,High Engagement
20,507.0,3200000.0,19,0,3,0,0,0.4916831229933947,Low Engagement,Low Engagement
17,475.0,61800000.0,22,0,11,1,1,0.5952487872323708,High Engagement,High Engagement
28,648.0,2010000.0,2,1,7,0,0,0.42443337833471867,Low Engagement,Low Engagement
15,2116.0,600000.0,7,3,11,0,0,0.16380647517956887,Low Engagement,Low Engagement
24,887.0,8170000.0,19,4,7,1,1,0.8036516412501534,High Engagement,High Engagement
25,1305.0,294000.0,0,6,4,0,0,0.2861346990805713,Low Engagement,Low Engagement
26,1317.0,20100.0,14,2,9,0,0,0.26203701632881954,Low Engagement,Low Engagement
20,634.0,284000.0,15,5,2,1,0,0.36731023638088467,High Engagement,Low Engagement
10,358.0,863000.0,10,3,5,1,1,0.5293977529083537,High Engagement,High Engagement
28,538.0,6700.0,6,6,4,0,0,0.31771525798243877,Low Engagement,Low Engagement
2,2207.0,993000.0,10,1,8,0,0,0.369106133485732,Low Engagement,Low Engagement
2,1369.0,474000.0,23,6,1,0,0,0.33976314294042415,Low Engagement,Low Engagement
24,726.0,2520000.0,7,6,1,0,1,0.5264514873390397,Low Engagement,High Engagement
15,247.0,14200000.0,18,2,9,1,1,0.5860188942222623,High Engagement,High Engagement
26,939.0,8740000.0,6,4,6,1,1,0.7312809593691957,High Engagement,High Engagement
27,2333.0,176000.0,17,5,11,1,0,0.16887373999017824,High Engagement,Low Engagement
19,3302.0,1990000.0,18,0,1,1,0,0.380839990109841,High Engagement,Low Engagement
26,285.0,4710000.0,20,1,3,0,1,0.5654120600051041,Low Engagement,High Engagement
24,484.0,2520000.0,18,4,6,1,1,0.5045567891317001,High Engagement,High Engagement
27,529.0,7880000.0,15,3,2,1,1,0.7224383941155361,High Engagement,High Engagement
22,1545.0,203000.0,19,6,11,0,0,0.1628754655854223,Low Engagement,Low Engagement
24,290.0,4880000.0,16,0,9,1,1,0.6645798702247584,High Engagement,High Engagement
28,685.0,3480000.0,17,4,8,1,0,0.42769713943999677,High Engagement,Low Engagement
27,89497.0,11300000.0,13,2,10,1,1,0.6893778344231477,High Engagement,High Engagement
26,2403.0,43900.0,22,3,5,0,0,0.2739344667444456,Low Engagement,Low Engagement
2,556.0,4150000.0,15,6,2,1,1,0.5332121565263991,High Engagement,High Engagement
22,2719.0,2050000.0,14,1,11,1,0,0.3137993402949144,High Engagement,Low Engagement
27,3714.0,367000.0,18,4,11,0,0,0.17716697226577513,Low Engagement,Low Engagement
15,523.0,614000.0,15,3,1,0,0,0.3079804512626049,Low Engagement,Low Engagement
15,412.0,634000.0,22,5,11,1,0,0.22292398759092616,High Engagement,Low Engagement
22,1009.0,42400.0,23,1,9,0,0,0.3238088305165555,Low Engagement,Low Engagement
15,968.0,293000.0,11,4,10,0,0,0.2905573317816291,Low Engagement,Low Engagement
27,774.0,3830000.0,19,3,3,0,0,0.4450592146755007,Low Engagement,Low Engagement
28,1465.0,837000.0,17,3,4,0,0,0.3591883014471578,Low Engagement,Low Engagement
1,431.0,14900000.0,18,6,4,1,1,0.8833708030230264,High Engagement,High Engagement
28,2962.0,5230000.0,18,3,5,0,1,0.5666269028530377,Low Engagement,High Engagement
24,558.0,54200000.0,14,4,11,0,0,0.47242094242178817,Low Engagement,Low Engagement
27,376.0,7880000.0,15,5,10,1,1,0.7419070766854434,High Engagement,High Engagement
1,406.0,665000.0,7,5,5,0,1,0.6072573564691918,Low Engagement,High Engagement
28,325.0,24700000.0,15,6,7,1,1,0.7494199408437644,High Engagement,High Engagement
24,543.0,445000.0,16,1,12,1,0,0.37735141489529744,High Engagement,Low Engagement
17,5680.0,23700000.0,3,5,4,1,1,0.581898547365271,High Engagement,High Engagement
29,8403.0,2260000.0,20,1,2,0,0,0.2160141480935643,Low Engagement,Low Engagement
27,691.0,949000.0,10,3,3,0,0,0.4031545160101212,Low Engagement,Low Engagement
10,1347.0,3600000.0,13,5,6,1,1,0.5376881573370217,High Engagement,High Engagement
22,784.0,53300.0,16,4,5,0,0,0.34806666914969936,Low Engagement,Low Engagement
20,606.0,9250.0,11,2,1,0,0,0.34863611669368344,Low Engagement,Low Engagement
23,480.0,33200000.0,5,4,12,1,1,0.6331352426545216,High Engagement,High Engagement
22,571.0,26100.0,10,3,6,0,0,0.3367275488374167,Low Engagement,Low Engagement
25,356.0,14600000.0,1,2,10,0,0,0.3322742052210597,Low Engagement,Low Engagement
22,321.0,964000.0,17,1,1,1,0,0.4265011680288069,High Engagement,Low Engagement
27,666.0,190000.0,7,1,7,1,0,0.3386199147132553,High Engagement,Low Engagement
23,403.0,749000.0,21,3,2,1,0,0.4834055396993724,High Engagement,Low Engagement
22,5907.0,1450000.0,22,6,11,0,0,0.23646408303042007,Low Engagement,Low Engagement
20,603.0,6630000.0,17,1,12,1,1,0.6425685511672375,High Engagement,High Engagement
29,419.0,233000.0,9,3,4,0,0,0.22797382310397268,Low Engagement,Low Engagement
24,2267.0,11900000.0,20,2,6,1,1,0.7081775087363974,High Engagement,High Engagement
22,631.0,7340000.0,12,0,8,0,1,0.6993930626818818,Low Engagement,High Engagement
28,1139.0,5120000.0,15,0,4,1,1,0.5809514930434947,High Engagement,High Engagement
23,955.0,19400000.0,3,3,4,1,1,0.7429027431817151,High Engagement,High Engagement
28,360.0,1220000.0,13,3,10,0,0,0.3602592667383978,Low Engagement,Low Engagement
28,1677.0,16700000.0,17,3,3,1,1,0.7001896231248537,High Engagement,High Engagement
23,915.0,110000000.0,19,1,2,1,1,0.7260620487421786,High Engagement,High Engagement
19,476.0,93800.0,11,5,6,0,0,0.2244149312335979,Low Engagement,Low Engagement
26,309.0,3110000.0,17,3,7,0,0,0.4512529566789051,Low Engagement,Low Engagement
20,805.0,4220000.0,14,3,8,0,1,0.5102352584238041,Low Engagement,High Engagement
17,736.0,10600000.0,17,2,3,1,1,0.625582299017999,High Engagement,High Engagement
28,1616.0,1200000.0,20,1,1,0,0,0.3689727482313194,Low Engagement,Low Engagement
19,1518.0,1990000.0,22,3,4,1,0,0.3878277985786752,High Engagement,Low Engagement
10,368.0,7220000.0,18,5,11,0,1,0.5176364002719359,Low Engagement,High Engagement
23,805.0,2560000.0,17,2,5,0,1,0.5578235346212879,Low Engagement,High Engagement
27,766.0,231000.0,17,6,5,1,0,0.3346260853834362,High Engagement,Low Engagement
27,1093.0,4860000.0,16,2,6,0,1,0.5949523809704313,Low Engagement,High Engagement
23,386.0,20600000.0,19,5,7,1,1,0.740008353978623,High Engagement,High Engagement
20,1093.0,2010000.0,0,0,4,1,0,0.4872175255918207,High Engagement,Low Engagement
17,632.0,1570000.0,20,1,12,0,0,0.39105898968435193,Low Engagement,Low Engagement
24,17.0,452000000.0,18,0,9,1,1,0.756883272571905,High Engagement,High Engagement
23,544.0,5190000.0,2,3,11,1,1,0.5751656697161822,High Engagement,High Engagement
24,349.0,21800000.0,16,0,8,1,1,0.8142697435658698,High Engagement,High Engagement
28,974.0,15400000.0,20,4,9,1,1,0.7600407419799764,High Engagement,High Engagement
27,4632.0,7300000.0,16,3,12,1,1,0.6556898373244463,High Engagement,High Engagement
20,616.0,5650000.0,14,6,10,0,1,0.5968640147822953,Low Engagement,High Engagement
29,1040.0,26900000.0,15,0,5,0,0,0.2969830291974849,Low Engagement,Low Engagement
15,1919.0,365000.0,8,1,10,0,0,0.21051854174425114,Low Engagement,Low Engagement
20,834.0,15000000.0,15,1,7,1,1,0.746821940653001,High Engagement,High Engagement
28,1182.0,16600000.0,18,2,11,1,1,0.5836011648270866,High Engagement,High Engagement
24,702.0,967000.0,19,1,10,0,0,0.38311152314941993,Low Engagement,Low Engagement
28,1936.0,868000.0,13,5,8,0,0,0.36026215301585157,Low Engagement,Low Engagement
24,34.0,452000000.0,17,4,11,1,0,0.4435616785959696,High Engagement,Low Engagement
28,878.0,119000.0,6,5,1,1,0,0.3421197630681606,High Engagement,Low Engagement
25,892.0,6610000.0,21,2,5,0,0,0.34427449323663173,Low Engagement,Low Engagement
27,311.0,336000.0,16,4,11,0,0,0.2663313052760411,Low Engagement,Low Engagement
23,441.0,949000.0,18,2,12,0,0,0.36876408214457324,Low Engagement,Low Engagement
20,779.0,59100.0,9,2,9,0,0,0.3187516967728636,Low Engagement,Low Engagement
20,3074.0,1190000.0,17,1,11,0,0,0.21982392367460876,Low Engagement,Low Engagement
2,1687.0,7020000.0,14,3,1,0,1,0.5693445680311149,Low Engagement,High Engagement
22,1599.0,489000.0,0,1,9,0,0,0.2994198906390421,Low Engagement,Low Engagement
28,247.0,4060000.0,20,2,11,0,0,0.4027379227005595,Low Engagement,Low Engagement
20,1164.0,2870000.0,13,2,7,1,0,0.45707053223523864,High Engagement,Low Engagement
10,22158.0,7060000.0,16,0,1,1,1,0.6254429178832837,High Engagement,High Engagement
26,692.0,3700000.0,20,0,3,1,0,0.48974593704981356,High Engagement,Low Engagement
23,1799.0,80100.0,10,3,6,1,1,0.5325182472470296,High Engagement,High Engagement
28,1006.0,16600000.0,18,6,1,1,1,0.7708734021163623,High Engagement,High Engagement
26,2390.0,2430000.0,14,5,4,1,0,0.46559805782658875,High Engagement,Low Engagement
23,362.0,33100000.0,10,3,1,0,1,0.6537584835234547,Low Engagement,High Engagement
17,679.0,15700000.0,17,4,11,0,1,0.5648823151126923,Low Engagement,High Engagement
24,345.0,1400000.0,20,3,3,0,1,0.5024985355553891,Low Engagement,High Engagement
15,252.0,14200000.0,16,3,9,1,1,0.6265629179579332,High Engagement,High Engagement
19,3049.0,1510000.0,10,3,1,1,0,0.33322096643508814,High Engagement,Low Engagement
28,327.0,7090000.0,14,0,8,0,1,0.5094592633458441,Low Engagement,High Engagement
22,2448.0,8060000.0,12,5,11,0,0,0.43502725852333307,Low Engagement,Low Engagement
27,1303.0,627000.0,19,0,12,0,0,0.28553329217898,Low Engagement,Low Engagement
25,501.0,14600000.0,9,3,5,1,0,0.45108905586155507,High Engagement,Low Engagement
20,2420.0,2940000.0,22,1,9,0,0,0.43042816371012427,Low Engagement,Low Engagement
20,1195.0,24300000.0,20,6,1,1,1,0.7430257940665158,High Engagement,High Engagement
10,2750.0,5330000.0,19,4,5,0,1,0.5900484141912389,Low Engagement,High Engagement
24,999.0,338000.0,14,5,11,0,0,0.20748963379652294,Low Engagement,Low Engagement
19,2726.0,738000.0,17,5,2,0,0,0.2656413200815899,Low Engagement,Low Engagement
26,359.0,1730000.0,20,2,11,0,0,0.31999344238366584,Low Engagement,Low Engagement
22,699.0,734000.0,19,4,11,0,0,0.2420507828411151,Low Engagement,Low Engagement
25,2768.0,2400000.0,14,5,5,0,0,0.41375772438318476,Low Engagement,Low Engagement
29,1258.0,2410000.0,11,4,3,0,0,0.25563441289929834,Low Engagement,Low Engagement
28,277.0,15800.0,6,2,3,0,0,0.3210123944884949,Low Engagement,Low Engagement
27,892.0,14600000.0,14,3,8,0,1,0.7240310980564163,Low Engagement,High Engagement
26,347.0,261000.0,17,0,4,0,0,0.3491315239152247,Low Engagement,Low Engagement
22,571.0,5550000.0,22,6,3,1,1,0.6990117067416993,High Engagement,High Engagement
20,579.0,1070000.0,15,5,10,0,0,0.4254387622033077,Low Engagement,Low Engagement
10,1126.0,565000.0,16,4,10,0,0,0.45887329785520736,Low Engagement,Low Engagement
1,718.0,42400000.0,6,1,4,1,1,0.8492426437190903,High Engagement,High Engagement
25,1580.0,468000.0,10,0,11,0,0,0.1595562925004649,Low Engagement,Low Engagement
25,481.0,10300000.0,23,2,6,1,0,0.43393845339709475,High Engagement,Low Engagement
22,1109.0,29700000.0,17,5,11,1,1,0.5939529683998689,High Engagement,High Engagement
22,419.0,10100000.0,23,2,6,1,1,0.6993645424570984,High Engagement,High Engagement
22,880.0,5520000.0,18,4,11,1,1,0.5245173405029966,High Engagement,High Engagement
15,347.0,12900000.0,11,0,1,1,1,0.616931030970092,High Engagement,High Engagement
15,316.0,4660.0,23,2,6,0,0,0.24746264808803362,Low Engagement,Low Engagement
20,709.0,353000.0,17,2,2,0,0,0.34753204262525095,Low Engagement,Low Engagement
28,888.0,26900000.0,14,1,11,0,1,0.5592390484899018,Low Engagement,High Engagement
29,811.0,430000.0,12,3,1,1,0,0.2631859785944085,High Engagement,Low Engagement
2,403.0,110000000.0,16,6,5,1,1,0.7311872825765281,High Engagement,High Engagement
22,382.0,9680.0,10,3,10,0,0,0.32847785109843247,Low Engagement,Low Engagement
22,811.0,875000.0,16,1,1,0,0,0.43112318484334233,Low Engagement,Low Engagement
26,923.0,14200000.0,21,5,5,1,1,0.7545131996900387,High Engagement,High Engagement
22,772.0,19600000.0,18,2,7,1,1,0.7717739132244756,High Engagement,High Engagement
1,6031.0,29800000.0,8,4,1,1,1,0.7816722980060391,High Engagement,High Engagement
27,257.0,176000.0,14,3,4,0,0,0.3570989843930619,Low Engagement,Low Engagement
27,1230.0,468000.0,3,3,4,1,0,0.34224442935390903,High Engagement,Low Engagement
27,1789.0,4050000.0,2,4,3,1,0,0.49736544114236203,High Engagement,Low Engagement
24,809.0,5820000.0,16,0,9,1,1,0.8073104238661651,High Engagement,High Engagement
17,886.0,136000.0,17,4,12,0,0,0.32004795202040537,Low Engagement,Low Engagement
17,616.0,23600000.0,17,3,1,0,1,0.6265075958947985,Low Engagement,High Engagement
28,85.0,71700000.0,23,0,12,1,1,0.7267834094791045,High Engagement,High Engagement
10,3552.0,1240000.0,22,0,5,1,0,0.4612996572448828,High Engagement,Low Engagement
27,1287.0,2440000.0,12,6,10,0,0,0.43096134784473333,Low Engagement,Low Engagement
22,721.0,76900.0,4,6,5,0,0,0.35417962092572935,Low Engagement,Low Engagement
1,668.0,7100000.0,7,0,9,1,1,0.7354529477580461,High Engagement,High Engagement
22,377.0,46800.0,16,2,7,1,0,0.3675889881680607,High Engagement,Low Engagement
24,439.0,6250000.0,19,6,11,1,1,0.5605031882629681,High Engagement,High Engagement
28,778.0,15400000.0,17,3,2,1,1,0.74414515597697,High Engagement,High Engagement
20,758.0,7350000.0,8,3,10,0,1,0.6299048072854945,Low Engagement,High Engagement
10,314.0,4370000.0,21,4,8,1,1,0.5736902682633889,High Engagement,High Engagement
24,506.0,36300000.0,20,3,10,1,1,0.8246149613477041,High Engagement,High Engagement
28,523.0,2390000.0,11,4,1,0,0,0.414025215798244,Low Engagement,Low Engagement
27,273.0,6610000.0,15,0,6,1,1,0.7366586629370504,High Engagement,High Engagement
28,1729.0,16700000.0,18,0,1,1,1,0.6693232388948757,High Engagement,High Engagement
24,1181.0,1980000.0,22,5,12,1,0,0.4671336673998051,High Engagement,Low Engagement
28,836.0,3020000.0,14,1,12,1,0,0.43051290200782755,High Engagement,Low Engagement
22,3522.0,34600.0,1,2,10,0,0,0.27513319315493256,Low Engagement,Low Engagement
22,1158.0,6590000.0,11,1,2,1,1,0.6749933136583683,High Engagement,High Engagement
24,569.0,21800000.0,18,4,2,1,1,0.8292353399846363,High Engagement,High Engagement
28,4241.0,1370000.0,19,3,4,0,0,0.37463636293266095,Low Engagement,Low Engagement
22,1121.0,5520000.0,17,6,11,1,1,0.5270204368023357,High Engagement,High Engagement
28,922.0,1210000.0,18,2,12,0,0,0.35743278701302633,Low Engagement,Low Engagement
26,1279.0,680000.0,19,4,2,0,0,0.3561337771508316,Low Engagement,Low Engagement
26,1578.0,473000.0,12,0,12,0,0,0.2644022998161805,Low Engagement,Low Engagement
20,558.0,839000.0,14,4,4,0,0,0.4133918586654998,Low Engagement,Low Engagement
22,630.0,694000.0,20,3,12,1,0,0.40010016012322336,High Engagement,Low Engagement
24,987.0,10600000.0,16,4,9,1,1,0.8198952515083352,High Engagement,High Engagement
17,566.0,973000.0,22,3,2,0,0,0.4188939812586394,Low Engagement,Low Engagement
23,300.0,1830000.0,18,6,2,1,1,0.5593067098195273,High Engagement,High Engagement
23,259.0,9100000.0,23,3,2,1,1,0.6779835176644982,High Engagement,High Engagement
24,832.0,113000.0,14,5,5,0,0,0.3245473039499654,Low Engagement,Low Engagement
23,461.0,33200000.0,4,1,6,0,1,0.5952527480360137,Low Engagement,High Engagement
17,2987.0,3230000.0,16,0,11,1,0,0.361888510979809,High Engagement,Low Engagement
20,245.0,554000.0,5,5,8,1,0,0.4144583261730925,High Engagement,Low Engagement
24,691.0,35100000.0,19,1,9,1,1,0.8160195167284724,High Engagement,High Engagement
2,2135.0,5020000.0,15,3,4,1,1,0.5487592533154978,High Engagement,High Engagement
25,361.0,11600000.0,22,2,8,0,0,0.3416873687668549,Low Engagement,Low Engagement
24,939.0,6980000.0,16,6,5,1,1,0.8246381242869641,High Engagement,High Engagement
28,460.0,2540000.0,18,4,9,0,0,0.41920713055891373,Low Engagement,Low Engagement
22,1838.0,655000.0,19,4,8,1,0,0.333586729092901,High Engagement,Low Engagement
27,375.0,22200000.0,15,1,5,1,1,0.7493380936913495,High Engagement,High Engagement
19,345.0,5160000.0,17,3,1,0,0,0.4832144018180046,Low Engagement,Low Engagement
1,613.0,48700000.0,18,3,7,1,1,0.8503935693597839,High Engagement,High Engagement
22,674.0,7400000.0,13,6,10,1,1,0.7036199562576709,High Engagement,High Engagement
19,1198.0,2800.0,15,4,12,0,0,0.12168860523922208,Low Engagement,Low Engagement
17,647.0,290000.0,13,1,4,0,0,0.36192902017248624,Low Engagement,Low Engagement
10,605.0,3040000.0,15,2,6,1,0,0.46316305373984773,High Engagement,Low Engagement
20,2909.0,2020000.0,12,3,1,1,0,0.45817131099037833,High Engagement,Low Engagement
20,741.0,2010000.0,1,0,1,1,0,0.4705802837753902,High Engagement,Low Engagement
17,15364.0,6940000.0,0,3,6,0,1,0.5318202333919383,Low Engagement,High Engagement
23,699.0,5530000.0,14,3,2,1,1,0.693962226823351,High Engagement,High Engagement
22,607.0,4650.0,21,3,6,0,0,0.3391995747770087,Low Engagement,Low Engagement
20,545.0,1320000.0,21,4,3,0,0,0.45939473063661684,Low Engagement,Low Engagement
26,314.0,272000.0,15,4,11,1,0,0.2595154020926913,High Engagement,Low Engagement
20,422.0,879000.0,15,3,12,1,0,0.4061180264431574,High Engagement,Low Engagement
20,878.0,1240000.0,12,6,10,0,0,0.3828764024427681,Low Engagement,Low Engagement
27,1636.0,416000.0,20,3,4,1,0,0.35433026518079797,High Engagement,Low Engagement
28,1036.0,5120000.0,14,0,10,0,0,0.4842415022763861,Low Engagement,Low Engagement
20,665.0,6630000.0,19,6,4,0,1,0.6753751148400865,Low Engagement,High Engagement
24,240.0,949000.0,17,1,4,0,0,0.40012980854005015,Low Engagement,Low Engagement
22,1148.0,6630000.0,18,4,3,0,1,0.7195151274472157,Low Engagement,High Engagement
24,3325.0,63200000.0,14,5,6,1,1,0.7154447380090077,High Engagement,High Engagement
27,314.0,22200000.0,16,1,1,1,1,0.7507364875021073,High Engagement,High Engagement
24,1544.0,7540000.0,3,6,11,0,0,0.41630204931491077,Low Engagement,Low Engagement
1,465.0,69300.0,2,6,11,1,0,0.27690984126769935,High Engagement,Low Engagement
19,802.0,12600000.0,16,5,5,1,1,0.5787345107876336,High Engagement,High Engagement
27,723.0,6750000.0,19,3,9,0,1,0.6788326544458178,Low Engagement,High Engagement
27,396.0,7880000.0,14,4,11,1,1,0.5347279186598484,High Engagement,High Engagement
23,290.0,1830000.0,23,6,2,1,1,0.5721348440397258,High Engagement,High Engagement
24,256.0,42800000.0,13,5,2,1,1,0.8186879381532202,High Engagement,High Engagement
27,824.0,3770000.0,19,3,9,1,0,0.4303440342468299,High Engagement,Low Engagement
24,4929.0,14600.0,13,3,11,0,0,0.17368686292503735,Low Engagement,Low Engagement
19,1188.0,12600000.0,14,0,3,1,1,0.6274213314118275,High Engagement,High Engagement
22,3543.0,8260000.0,15,4,10,1,1,0.592154307417884,High Engagement,High Engagement
23,352.0,7220000.0,17,0,8,1,1,0.693155706124789,High Engagement,High Engagement
28,908.0,2240000.0,16,6,10,0,0,0.40105049071986076,Low Engagement,Low Engagement
1,939.0,2950000.0,13,5,2,1,1,0.7263393572145292,High Engagement,High Engagement
29,330.0,10600000.0,23,3,2,1,0,0.34092454372277203,High Engagement,Low Engagement
24,793.0,12100000.0,22,6,8,1,1,0.7931615180930962,High Engagement,High Engagement
27,1676.0,2480000.0,16,4,4,1,0,0.4797400885772174,High Engagement,Low Engagement
24,1099.0,21800000.0,14,4,6,1,1,0.782552414041237,High Engagement,High Engagement
15,256.0,17900000.0,16,2,10,1,1,0.6352065845682288,High Engagement,High Engagement
26,3025.0,166000.0,21,3,5,0,0,0.2805699298841305,Low Engagement,Low Engagement
24,521.0,17500000.0,1,5,11,0,1,0.5888040872393133,Low Engagement,High Engagement
23,376.0,5530000.0,16,1,2,1,1,0.6739871400039689,High Engagement,High Engagement
22,999.0,1340000.0,15,1,8,0,0,0.4284279310072041,Low Engagement,Low Engagement
2,789.0,2820000.0,17,2,11,1,0,0.4167422909652606,High Engagement,Low Engagement
20,1111.0,7040000.0,20,2,11,0,0,0.46341273061027494,Low Engagement,Low Engagement
17,289.0,14200000.0,22,1,9,0,1,0.5856626318556067,Low Engagement,High Engagement
15,2502.0,17100.0,6,3,4,0,0,0.17284891158235113,Low Engagement,Low Engagement
22,1129.0,324000.0,0,5,10,0,0,0.33561336718111556,Low Engagement,Low Engagement
28,2881.0,1210000.0,22,2,2,1,0,0.3741046071902855,High Engagement,Low Engagement
29,641.0,43900000.0,15,1,5,0,0,0.305593101107309,Low Engagement,Low Engagement
22,1508.0,12400.0,3,1,12,0,0,0.27059350301385554,Low Engagement,Low Engagement
1,655.0,14900000.0,19,1,11,1,1,0.587116074894015,High Engagement,High Engagement
15,827.0,222000.0,12,5,7,0,0,0.25077283293444913,Low Engagement,Low Engagement
15,602.0,894000.0,3,2,3,0,0,0.3215604596188944,Low Engagement,Low Engagement
1,1326.0,329000.0,21,2,5,0,0,0.47355806029251163,Low Engagement,Low Engagement
27,453.0,3830000.0,16,4,4,0,0,0.43807181584928967,Low Engagement,Low Engagement
26,1009.0,6130000.0,16,2,5,0,1,0.6700704192913375,Low Engagement,High Engagement
20,872.0,13900000.0,0,2,12,1,1,0.6847007988139808,High Engagement,High Engagement
20,1655.0,10000000.0,13,3,7,1,1,0.640981865383577,High Engagement,High Engagement
24,3711.0,15300000.0,18,6,3,1,1,0.7790577820118054,High Engagement,High Engagement
20,1011.0,3520000.0,11,2,10,1,0,0.4185307219647538,High Engagement,Low Engagement
20,768.0,3920000.0,10,5,7,0,0,0.4840759586504614,Low Engagement,Low Engagement
19,678.0,12600000.0,12,1,5,1,1,0.5990974925037151,High Engagement,High Engagement
23,555.0,13300000.0,14,0,1,0,1,0.6395942702366382,Low Engagement,High Engagement
22,326.0,55300.0,11,3,11,0,0,0.2714029191803713,Low Engagement,Low Engagement
23,600.0,7690000.0,15,1,12,1,1,0.6946411721714744,High Engagement,High Engagement
17,4999.0,142000.0,16,2,9,0,0,0.3038147895160509,Low Engagement,Low Engagement
26,566.0,9770000.0,14,0,11,1,1,0.5892975865769474,High Engagement,High Engagement
20,1141.0,24300000.0,19,6,7,1,1,0.7673432614353412,High Engagement,High Engagement
24,792.0,360000.0,13,6,12,0,0,0.34872254183285684,Low Engagement,Low Engagement
27,517.0,235000.0,8,6,11,1,0,0.22962538249180156,High Engagement,Low Engagement
20,276.0,1230000.0,18,5,8,1,0,0.4533532924516253,High Engagement,Low Engagement
23,328.0,1830000.0,23,5,10,0,1,0.591855265773507,Low Engagement,High Engagement
24,963.0,21800000.0,19,3,5,1,1,0.8165997683832465,High Engagement,High Engagement
24,681.0,6610000.0,20,1,10,0,1,0.7768831877519823,Low Engagement,High Engagement
20,1004.0,70200.0,19,5,11,0,0,0.1745282582669244,Low Engagement,Low Engagement
20,898.0,607000.0,20,6,2,0,0,0.40411157114633584,Low Engagement,Low Engagement
27,367.0,2800000.0,15,6,12,1,0,0.4428965669572141,High Engagement,Low Engagement
23,364.0,13500.0,6,2,1,0,0,0.42821260564097674,Low Engagement,Low Engagement
26,11338.0,33800.0,19,3,11,0,0,0.1662692938152033,Low Engagement,Low Engagement
28,531.0,1750000.0,9,0,4,0,0,0.3810609427789135,Low Engagement,Low Engagement
24,691.0,35100000.0,19,5,9,1,1,0.8314971266362088,High Engagement,High Engagement
27,610.0,3390000.0,1,4,3,0,0,0.46528498583761424,Low Engagement,Low Engagement
28,764.0,15400000.0,18,5,11,1,1,0.5987276440387329,High Engagement,High Engagement
26,2506.0,337000.0,15,6,10,0,0,0.32083640615796905,Low Engagement,Low Engagement
25,522.0,10300000.0,15,5,7,1,1,0.5765065196465716,High Engagement,High Engagement
20,959.0,6750000.0,0,4,10,0,1,0.6150478184393379,Low Engagement,High Engagement
24,1046.0,13200000.0,19,2,12,1,1,0.7690496980206145,High Engagement,High Engagement
20,694.0,3640000.0,20,6,1,1,0,0.4834563371269954,High Engagement,Low Engagement
25,697.0,9370000.0,5,1,11,0,0,0.2403966389184366,Low Engagement,Low Engagement
10,244.0,533000.0,22,1,5,0,1,0.5282149273265877,Low Engagement,High Engagement
25,765.0,9400000.0,4,2,8,1,0,0.3381366378794697,High Engagement,Low Engagement
1,960.0,2950000.0,15,2,8,1,1,0.7508617709573826,High Engagement,High Engagement
28,2468.0,1950000.0,17,4,10,1,0,0.4184002366933487,High Engagement,Low Engagement
1,315.0,1810000.0,11,1,2,1,1,0.7317146606767352,High Engagement,High Engagement
24,265.0,23600000.0,19,2,6,1,1,0.8065066213640296,High Engagement,High Engagement
19,3024.0,738000.0,20,1,9,0,0,0.2655619936496098,Low Engagement,Low Engagement
22,308.0,474000.0,14,1,10,0,0,0.35753165275838833,Low Engagement,Low Engagement
1,1012.0,3200000.0,15,5,11,1,1,0.5559751343728201,High Engagement,High Engagement
19,1034.0,3820000.0,10,5,1,0,0,0.4045260701326837,Low Engagement,Low Engagement
23,1093.0,4710000.0,15,2,1,1,1,0.6972637371339178,High Engagement,High Engagement
27,329.0,9540000.0,13,1,8,1,1,0.7097782582880399,High Engagement,High Engagement
24,670.0,21800000.0,15,2,7,1,1,0.7991562899134811,High Engagement,High Engagement
27,876.0,4640000.0,12,1,6,1,1,0.6087069567772201,High Engagement,High Engagement
23,306.0,2390000.0,12,4,1,0,1,0.5779450899063105,Low Engagement,High Engagement
23,789.0,4710000.0,18,2,9,1,1,0.7161293235038297,High Engagement,High Engagement
24,565.0,42800000.0,12,1,11,1,1,0.5379996391768138,High Engagement,High Engagement
25,3495.0,187000.0,2,1,11,0,0,0.1987878064255972,Low Engagement,Low Engagement
20,778.0,499000.0,16,1,12,0,0,0.350725004672473,Low Engagement,Low Engagement
1,284.0,4090000.0,6,5,11,1,1,0.5712866096411623,High Engagement,High Engagement
22,1462.0,10600.0,18,5,11,0,0,0.13955776085536406,Low Engagement,Low Engagement
22,322.0,4170000.0,17,5,6,1,1,0.5570861370815063,High Engagement,High Engagement
28,548.0,7090000.0,14,1,10,0,0,0.4712993422305427,Low Engagement,Low Engagement
22,3389.0,3590.0,16,1,12,0,0,0.26063038303974506,Low Engagement,Low Engagement
26,750.0,15100000.0,15,3,4,0,1,0.7812887812376061,Low Engagement,High Engagement
28,1696.0,4020000.0,16,2,11,0,0,0.3393098069519407,Low Engagement,Low Engagement
10,302.0,913000.0,16,4,1,1,1,0.553217416119183,High Engagement,High Engagement
26,702.0,3900000.0,13,5,6,0,0,0.49576459313028665,Low Engagement,Low Engagement
22,1594.0,7820000.0,10,4,11,0,0,0.4269764849009447,Low Engagement,Low Engagement
1,1014.0,3200000.0,13,1,7,1,1,0.7366073511184394,High Engagement,High Engagement
23,1795.0,80100.0,10,3,6,1,1,0.5321531678819502,High Engagement,High Engagement
27,1188.0,1470000.0,11,4,10,0,0,0.373313297421776,Low Engagement,Low Engagement
15,3390.0,4930.0,6,2,3,0,0,0.18073638787890295,Low Engagement,Low Engagement
24,1426.0,17500000.0,21,0,9,1,1,0.7217469388304002,High Engagement,High Engagement
24,1513.0,4790000.0,17,3,11,0,0,0.4165848444109814,Low Engagement,Low Engagement
20,1099.0,1880000.0,21,2,7,1,0,0.4304524739449651,High Engagement,Low Engagement
24,739.0,22800000.0,20,5,6,1,1,0.8431173167231136,High Engagement,High Engagement
20,1117.0,19600000.0,19,5,2,1,1,0.7823305301024533,High Engagement,High Engagement
10,1603.0,452000.0,13,0,3,1,0,0.43928420556084175,High Engagement,Low Engagement
1,385.0,665000.0,14,1,3,0,1,0.659596350259499,Low Engagement,High Engagement
25,807.0,14600000.0,22,1,9,0,0,0.2861196659460808,Low Engagement,Low Engagement
1,261.0,4110000.0,14,5,6,1,1,0.7769224079032544,High Engagement,High Engagement
24,19.0,147000000.0,13,5,11,0,0,0.4554395061338989,Low Engagement,Low Engagement
17,46.0,61700000.0,22,4,1,1,1,0.7650879287526093,High Engagement,High Engagement
25,953.0,10200000.0,13,4,11,0,0,0.259097861270221,Low Engagement,Low Engagement
24,46.0,81300000.0,23,1,11,1,0,0.4076857359014377,High Engagement,Low Engagement
20,796.0,4100000.0,22,0,11,0,0,0.3509485027412522,Low Engagement,Low Engagement
26,351.0,1000000.0,0,0,2,0,0,0.42377375726030064,Low Engagement,Low Engagement
26,1629.0,5140000.0,12,3,7,0,1,0.5701283487268047,Low Engagement,High Engagement
23,427.0,13300000.0,19,4,3,0,1,0.6960313023966797,Low Engagement,High Engagement
1,298.0,8270000.0,14,1,4,1,1,0.8232440952371693,High Engagement,High Engagement
25,392.0,14600000.0,7,4,11,0,0,0.25926202371568263,Low Engagement,Low Engagement
27,954.0,3830000.0,14,5,3,0,0,0.4648978765677406,Low Engagement,Low Engagement
10,1463.0,621000.0,22,4,9,0,0,0.43254869484943004,Low Engagement,Low Engagement
28,439.0,3020000.0,14,1,12,1,0,0.4180188197992723,High Engagement,Low Engagement
2,1587.0,441000.0,18,2,11,0,0,0.21902853641067968,Low Engagement,Low Engagement
22,583.0,3600000.0,7,1,12,1,0,0.45202184524469385,High Engagement,Low Engagement
24,382.0,110000000.0,15,5,8,1,1,0.8129890618160792,High Engagement,High Engagement
25,3130.0,1550000.0,20,1,11,0,0,0.2389137614202826,Low Engagement,Low Engagement
15,515.0,1250000.0,15,2,3,0,0,0.32888479610685917,Low Engagement,Low Engagement
22,1533.0,1320000.0,0,5,8,1,0,0.37925449160911123,High Engagement,Low Engagement
20,1437.0,1700000.0,19,3,7,1,0,0.3992537426203718,High Engagement,Low Engagement
25,586.0,14600000.0,22,3,10,0,0,0.2818692088342697,Low Engagement,Low Engagement
20,1128.0,871000.0,15,5,2,1,0,0.42701967517720635,High Engagement,Low Engagement
15,3041.0,102000.0,15,3,10,1,0,0.21172608156046346,High Engagement,Low Engagement
24,646.0,12100000.0,18,6,8,1,1,0.8165447222206148,High Engagement,High Engagement
20,492.0,88700.0,19,5,9,0,0,0.33413966626972536,Low Engagement,Low Engagement
17,6930.0,23600000.0,2,4,4,1,1,0.5925815202441462,High Engagement,High Engagement
29,3908.0,2950000.0,22,3,9,0,0,0.2347678405167575,Low Engagement,Low Engagement
23,606.0,13300000.0,14,4,11,0,1,0.5114301813220767,Low Engagement,High Engagement
23,1120.0,7150000.0,20,4,5,1,1,0.7501298286780511,High Engagement,High Engagement
24,438.0,2450000.0,16,6,10,1,1,0.5168159913838214,High Engagement,High Engagement
27,1123.0,3830000.0,17,4,12,0,0,0.4203203647607535,Low Engagement,Low Engagement
23,315.0,12400000.0,15,4,6,0,1,0.6974935698040735,Low Engagement,High Engagement
20,725.0,650000.0,10,3,10,1,0,0.36490381761211055,High Engagement,Low Engagement
25,329.0,3220000.0,21,4,2,1,0,0.297419478123718,High Engagement,Low Engagement
19,2091.0,11500000.0,13,5,7,1,1,0.6059858283559619,High Engagement,High Engagement
27,252.0,22200000.0,15,1,1,1,1,0.7539704748205743,High Engagement,High Engagement
22,901.0,134000.0,16,5,11,1,0,0.20672999257408062,High Engagement,Low Engagement
20,2915.0,2030000.0,15,0,9,0,0,0.4383946388846879,Low Engagement,Low Engagement
24,970.0,12100000.0,17,6,10,1,1,0.7982449035560955,High Engagement,High Engagement
23,1049.0,5550000.0,19,6,8,1,1,0.7579853518824721,High Engagement,High Engagement
17,798.0,23900000.0,22,4,1,1,1,0.7504826697721791,High Engagement,High Engagement
24,528.0,40100000.0,12,1,7,1,1,0.7978751629485511,High Engagement,High Engagement
23,466.0,4090.0,23,1,12,0,0,0.331487903023926,Low Engagement,Low Engagement
20,1041.0,72100.0,18,1,1,1,0,0.34455931687435354,High Engagement,Low Engagement
20,483.0,2010000.0,0,0,7,0,0,0.492195527258091,Low Engagement,Low Engagement
23,341.0,1870000.0,8,4,8,1,1,0.5859288031135372,High Engagement,High Engagement
24,1031.0,24200000.0,0,3,1,1,1,0.7845536402688945,High Engagement,High Engagement
22,265.0,5550000.0,22,5,8,0,1,0.6717276367706363,Low Engagement,High Engagement
20,1183.0,13900000.0,20,4,10,0,1,0.6777104496444918,Low Engagement,High Engagement
28,761.0,24700000.0,19,5,8,1,1,0.7645881732816042,High Engagement,High Engagement
23,336.0,5190000.0,10,4,4,0,1,0.6303067838169281,Low Engagement,High Engagement
28,247.0,4060000.0,18,2,5,0,0,0.40952197812847196,Low Engagement,Low Engagement
19,919.0,1700000.0,20,1,5,0,0,0.35050175489102425,Low Engagement,Low Engagement
24,463.0,7960000.0,15,1,11,1,1,0.5385160176135512,High Engagement,High Engagement
15,252.0,1980.0,14,3,9,0,0,0.25040420231064936,Low Engagement,Low Engagement
20,860.0,15400000.0,15,0,2,1,1,0.7468483998550056,High Engagement,High Engagement
10,185.0,62700000.0,20,3,12,0,1,0.7483285027922224,Low Engagement,High Engagement
28,265.0,4060000.0,20,2,11,1,0,0.4031701309940582,High Engagement,Low Engagement
22,1463.0,323000.0,18,4,11,0,0,0.17178815711787035,Low Engagement,Low Engagement
22,1131.0,246000.0,17,4,12,1,0,0.33383616896024143,High Engagement,Low Engagement
23,451.0,1440000.0,12,3,5,1,1,0.5526609213605579,High Engagement,High Engagement
29,2213.0,1040000.0,13,6,3,0,0,0.19227363955186405,Low Engagement,Low Engagement
23,1190.0,4710000.0,18,1,11,1,1,0.6335773282112465,High Engagement,High Engagement
28,3455.0,337000.0,0,2,11,1,0,0.1881789918329919,High Engagement,Low Engagement
26,2465.0,213000.0,11,4,6,0,0,0.2986861744982175,Low Engagement,Low Engagement
24,958.0,135000.0,18,1,2,0,0,0.33156333253425824,Low Engagement,Low Engagement
27,208.0,97900000.0,12,1,5,1,1,0.7379637187128267,High Engagement,High Engagement
2,818.0,9220000.0,12,0,5,0,1,0.6835916692785742,Low Engagement,High Engagement
27,2635.0,1300000.0,21,1,9,0,0,0.3819162338539297,Low Engagement,Low Engagement
25,1387.0,18900000.0,22,2,10,0,0,0.33261645861242944,Low Engagement,Low Engagement
28,689.0,2410000.0,16,5,11,0,0,0.3672949344384342,Low Engagement,Low Engagement
17,384.0,5340000.0,15,1,7,0,1,0.5027818392265635,Low Engagement,High Engagement
28,973.0,740000.0,17,6,11,0,0,0.22848884203183184,Low Engagement,Low Engagement
1,656.0,25600000.0,21,3,9,1,1,0.8398258171431489,High Engagement,High Engagement
23,710.0,33200000.0,14,3,2,0,1,0.6847368250110312,Low Engagement,High Engagement
10,408.0,2030000.0,1,1,5,0,0,0.4768439214559517,Low Engagement,Low Engagement
23,319.0,1830000.0,18,0,3,0,1,0.5881018514878995,Low Engagement,High Engagement
20,1035.0,1350000.0,13,5,11,0,0,0.21276604293691118,Low Engagement,Low Engagement
27,6199.0,5770000.0,15,5,7,1,1,0.6526624961430423,High Engagement,High Engagement
20,1044.0,8480000.0,16,2,10,0,1,0.6510695212785178,Low Engagement,High Engagement
17,1055.0,3250000.0,17,6,10,1,0,0.4419389436271653,High Engagement,Low Engagement
19,1324.0,11800000.0,12,2,5,1,1,0.6173259730404275,High Engagement,High Engagement
24,864.0,17500000.0,23,2,6,1,1,0.793358258626845,High Engagement,High Engagement
20,459.0,16700000.0,14,3,12,0,1,0.6959067254453127,Low Engagement,High Engagement
2,1210.0,10700000.0,12,4,3,1,1,0.6623237344705543,High Engagement,High Engagement
10,2317.0,971000.0,22,1,6,1,0,0.4662557535874969,High Engagement,Low Engagement
24,364.0,949000.0,17,1,6,0,0,0.3947045234730779,Low Engagement,Low Engagement
26,798.0,14200000.0,19,6,4,1,1,0.8127939723073905,High Engagement,High Engagement
23,1062.0,2560000.0,16,4,10,1,1,0.5684943351530755,High Engagement,High Engagement
26,1257.0,1450000.0,14,3,4,1,0,0.3879115330429795,High Engagement,Low Engagement
27,1061.0,15300000.0,19,1,9,1,1,0.7519326999334501,High Engagement,High Engagement
24,926.0,1290000.0,6,4,11,0,0,0.2362682472029124,Low Engagement,Low Engagement
23,1844.0,3840000.0,23,1,5,1,1,0.7100754358552834,High Engagement,High Engagement
17,102.0,61700000.0,0,5,9,0,1,0.7542948601386096,Low Engagement,High Engagement
23,784.0,912000.0,19,3,1,0,0,0.4980865879624135,Low Engagement,Low Engagement
17,486.0,3610000.0,12,6,2,0,0,0.4580349750331889,Low Engagement,Low Engagement
26,572.0,1730000.0,13,2,10,0,0,0.41096705996662175,Low Engagement,Low Engagement
15,418.0,3120000.0,17,2,11,1,0,0.3970716759190037,High Engagement,Low Engagement
24,365.0,21800000.0,17,3,2,1,1,0.8039595047977017,High Engagement,High Engagement
10,343.0,463000.0,3,6,5,0,1,0.5067894354425938,Low Engagement,High Engagement
25,733.0,10300000.0,11,1,12,0,0,0.3965637709645043,Low Engagement,Low Engagement
28,519.0,407000.0,20,2,1,0,0,0.34302388739693784,Low Engagement,Low Engagement
26,2249.0,338000.0,16,6,11,0,0,0.15669437441655854,Low Engagement,Low Engagement
26,258.0,512000.0,8,5,5,1,0,0.40545625903428983,High Engagement,Low Engagement
20,821.0,8180000.0,16,0,11,0,0,0.4848405945898593,Low Engagement,Low Engagement
1,785.0,25700000.0,20,4,3,1,1,0.8704390650567255,High Engagement,High Engagement
20,862.0,826000.0,16,1,2,0,0,0.40082693645229406,Low Engagement,Low Engagement
2,477.0,9420000.0,16,3,11,0,1,0.5747746968557236,Low Engagement,High Engagement
26,552.0,9760000.0,13,2,10,1,1,0.7503789593055297,High Engagement,High Engagement
19,1719.0,1510000.0,9,0,11,1,0,0.2992708341980009,High Engagement,Low Engagement
28,4994.0,2400000.0,22,6,2,0,0,0.4512956030431771,Low Engagement,Low Engagement
22,874.0,10200000.0,22,3,11,1,1,0.5444200659305508,High Engagement,High Engagement
28,539.0,12600000.0,16,0,8,0,1,0.6850026495431228,Low Engagement,High Engagement
17,305.0,4680000.0,16,2,2,1,0,0.49170363508762044,High Engagement,Low Engagement
22,440.0,4170000.0,19,3,5,1,1,0.5315439417783727,High Engagement,High Engagement
20,741.0,78200.0,11,5,3,1,0,0.3615314032346962,High Engagement,Low Engagement
10,281.0,856000.0,11,5,6,0,1,0.5720884445769918,Low Engagement,High Engagement
24,386.0,949000.0,17,2,4,0,0,0.4115282690613659,Low Engagement,Low Engagement
26,520.0,191000.0,13,5,7,0,0,0.34308046885360105,Low Engagement,Low Engagement
19,362.0,314000.0,16,1,11,0,0,0.23734421548255288,Low Engagement,Low Engagement
24,1020.0,110000000.0,16,1,4,1,1,0.8035492415356797,High Engagement,High Engagement
28,1657.0,16600000.0,19,1,7,1,1,0.6847200052595784,High Engagement,High Engagement
17,525.0,4810000.0,6,0,5,1,1,0.5300161129675804,High Engagement,High Engagement
15,300.0,14400.0,19,5,7,1,0,0.25625320953116587,High Engagement,Low Engagement
27,20821.0,1780000.0,21,3,11,0,0,0.29938523500831904,Low Engagement,Low Engagement
26,1282.0,2710000.0,17,2,7,1,0,0.4581465727319326,High Engagement,Low Engagement
26,833.0,2430000.0,15,6,6,0,0,0.4787314862324121,Low Engagement,Low Engagement
29,241.0,6690.0,18,5,6,0,0,0.21785864356298704,Low Engagement,Low Engagement
29,1710.0,1230000.0,15,3,3,0,0,0.20150501477555807,Low Engagement,Low Engagement
22,2980.0,633000.0,18,5,11,0,0,0.164818685764587,Low Engagement,Low Engagement
26,821.0,77700.0,21,5,2,0,0,0.34107614868490965,Low Engagement,Low Engagement
24,692.0,35100000.0,20,5,10,1,1,0.8349196690547577,High Engagement,High Engagement
26,310.0,1300000.0,14,6,4,0,0,0.43841388384370894,Low Engagement,Low Engagement
28,399.0,1750000.0,16,3,9,0,0,0.38228279654825265,Low Engagement,Low Engagement
28,274.0,12500000.0,15,1,8,0,1,0.6695755253430647,Low Engagement,High Engagement
24,740.0,736000.0,20,6,2,1,0,0.41930678390399373,High Engagement,Low Engagement
28,1232.0,16600000.0,16,5,7,1,1,0.7238861055489341,High Engagement,High Engagement
23,1172.0,2560000.0,22,3,9,0,1,0.5716605806689856,Low Engagement,High Engagement
23,2655.0,2050000.0,17,3,9,1,1,0.6850802914296411,High Engagement,High Engagement
27,1632.0,19500000.0,16,3,9,1,1,0.7061985575529824,High Engagement,High Engagement
17,1632.0,3230000.0,19,1,1,0,0,0.44259811228676627,Low Engagement,Low Engagement
20,1130.0,3920000.0,12,4,11,0,0,0.3073604231406673,Low Engagement,Low Engagement
17,578.0,1100000.0,11,5,7,1,0,0.4358159012911139,High Engagement,Low Engagement
28,1380.0,149000.0,18,1,7,0,0,0.3026646826792501,Low Engagement,Low Engagement
20,497.0,737000.0,16,6,7,1,0,0.40695976957393315,High Engagement,Low Engagement
28,418.0,2820000.0,16,4,1,1,0,0.42881158369632705,High Engagement,Low Engagement
20,728.0,3920000.0,10,5,9,0,0,0.4703439043625025,Low Engagement,Low Engagement
20,979.0,5330000.0,21,2,9,0,1,0.5767215097360446,Low Engagement,High Engagement
20,639.0,13900000.0,13,3,9,1,1,0.6908498277553754,High Engagement,High Engagement
20,848.0,4840000.0,22,5,6,0,1,0.5981888408868137,Low Engagement,High Engagement
15,621.0,21800000.0,12,5,5,1,1,0.6771997480410868,High Engagement,High Engagement
24,263.0,2520000.0,14,6,7,0,1,0.51370075663263,Low Engagement,High Engagement
20,375.0,343000.0,15,3,1,1,0,0.37039121486861776,High Engagement,Low Engagement
17,480.0,417000.0,3,2,4,1,0,0.3726389386539997,High Engagement,Low Engagement
23,409.0,13300000.0,19,3,3,0,1,0.6903278311569853,Low Engagement,High Engagement
27,2637.0,173000.0,13,4,5,0,0,0.3046920657593833,Low Engagement,Low Engagement
28,10378.0,4880000.0,23,3,9,0,1,0.5359972262253528,Low Engagement,High Engagement
24,763.0,1380000.0,7,3,9,1,0,0.428272257676041,High Engagement,Low Engagement
24,850.0,22800000.0,18,6,6,1,1,0.830010160208257,High Engagement,High Engagement
24,856.0,5820000.0,16,2,4,1,1,0.7934548076580131,High Engagement,High Engagement
26,596.0,2720000.0,15,2,4,1,0,0.45266366538382946,High Engagement,Low Engagement
24,1074.0,12100000.0,20,6,10,1,1,0.7987824040068503,High Engagement,High Engagement
26,623.0,70400.0,3,1,2,0,0,0.3454755665138238,Low Engagement,Low Engagement
29,247.0,345000.0,19,3,6,0,0,0.25873761828816116,Low Engagement,Low Engagement
23,1759.0,895000.0,18,4,12,1,0,0.4738345985546115,High Engagement,Low Engagement
20,658.0,23300000.0,2,3,4,1,1,0.7500572683385082,High Engagement,High Engagement
26,1447.0,593000.0,1,5,4,0,0,0.3574264111023929,Low Engagement,Low Engagement
24,763.0,13500000.0,13,5,5,1,1,0.7948272103021604,High Engagement,High Engagement
19,659.0,175000.0,6,4,12,0,0,0.14901702110633597,Low Engagement,Low Engagement
27,1212.0,233000.0,6,1,9,0,0,0.28678932969583093,Low Engagement,Low Engagement
24,1670.0,3280000.0,0,1,7,0,1,0.5187173186947498,Low Engagement,High Engagement
28,487.0,3640000.0,8,4,2,1,0,0.44088280980984235,High Engagement,Low Engagement
20,17941.0,2230000.0,15,4,11,0,0,0.33664717694606433,Low Engagement,Low Engagement
25,989.0,6610000.0,21,0,9,0,0,0.3227458890960731,Low Engagement,Low Engagement
28,1015.0,5000000.0,14,4,5,1,1,0.5289218996149595,High Engagement,High Engagement
27,273.0,339000.0,15,6,5,0,0,0.35912779346898616,Low Engagement,Low Engagement
26,789.0,8720000.0,6,4,2,1,1,0.734072395366709,High Engagement,High Engagement
27,1662.0,10100000.0,12,5,12,0,1,0.662857698099574,Low Engagement,High Engagement
15,1050.0,82200.0,18,3,2,0,0,0.2450010106998412,Low Engagement,Low Engagement
24,941.0,16400000.0,12,5,2,1,1,0.8330069627248373,High Engagement,High Engagement
23,1260.0,7900000.0,15,2,9,1,1,0.7845326476026586,High Engagement,High Engagement
17,1548.0,2560000.0,13,3,6,0,0,0.44102558750892756,Low Engagement,Low Engagement
23,1190.0,9790.0,2,5,12,0,0,0.37108739020528847,Low Engagement,Low Engagement
25,818.0,3700000.0,14,3,6,0,0,0.3064607682869129,Low Engagement,Low Engagement
15,628.0,651000.0,9,2,11,0,0,0.23618651639769433,Low Engagement,Low Engagement
1,949.0,30300000.0,15,5,3,1,1,0.8684293086631529,High Engagement,High Engagement
15,602.0,1820000.0,21,1,1,0,0,0.3516736027076228,Low Engagement,Low Engagement
22,667.0,1020000.0,2,5,3,0,0,0.45975449715129185,Low Engagement,Low Engagement
17,1538.0,23700000.0,17,0,11,0,0,0.48632251721575775,Low Engagement,Low Engagement
27,983.0,7880000.0,15,4,4,1,1,0.7356324911984493,High Engagement,High Engagement
22,3087.0,2400000.0,20,4,4,0,0,0.45664798873310114,Low Engagement,Low Engagement
27,4945.0,13900000.0,14,1,10,1,1,0.6683914028227922,High Engagement,High Engagement
22,548.0,489000.0,23,6,1,0,0,0.4038089302644444,Low Engagement,Low Engagement
20,1097.0,8460000.0,23,5,12,1,1,0.6832285392175265,High Engagement,High Engagement
28,875.0,15400000.0,20,3,6,1,1,0.7793995150403717,High Engagement,High Engagement
23,767.0,5530000.0,23,0,12,1,1,0.6777298431221076,High Engagement,High Engagement
24,484.0,36300000.0,21,3,3,1,1,0.8145462519940978,High Engagement,High Engagement
24,8259.0,1860000.0,17,1,1,1,0,0.39870800844674825,High Engagement,Low Engagement
15,343.0,233000.0,23,2,8,1,0,0.2863936657223488,High Engagement,Low Engagement
28,1048.0,5120000.0,18,5,11,1,0,0.48543159508415795,High Engagement,Low Engagement
28,790.0,5120000.0,15,0,4,0,1,0.584187153723825,Low Engagement,High Engagement
20,3046.0,10000000.0,23,2,2,1,1,0.6460124133700289,High Engagement,High Engagement
25,881.0,6610000.0,21,0,4,0,0,0.3523214540193042,Low Engagement,Low Engagement
28,1768.0,7090000.0,14,1,9,0,0,0.4844795710346453,Low Engagement,Low Engagement
28,955.0,406000.0,1,1,12,1,0,0.3319844453035636,High Engagement,Low Engagement
27,1652.0,2450000.0,15,4,6,0,0,0.4826603424900738,Low Engagement,Low Engagement
15,282.0,58700.0,13,4,7,0,0,0.28524184247756634,Low Engagement,Low Engagement
1,290.0,26100000.0,16,1,5,1,1,0.8376539161155169,High Engagement,High Engagement
1,672.0,11000000.0,18,0,11,1,1,0.5694856834057583,High Engagement,High Engagement
17,720.0,25900.0,2,6,12,0,0,0.32400720115501713,Low Engagement,Low Engagement
22,294.0,253000.0,10,1,3,0,0,0.37491755514592096,Low Engagement,Low Engagement
23,332.0,10500000.0,19,1,9,1,1,0.7089930178542073,High Engagement,High Engagement
26,905.0,4340000.0,13,4,7,1,1,0.5496073755887194,High Engagement,High Engagement
24,44.0,62700000.0,8,3,4,1,1,0.7528970417501928,High Engagement,High Engagement
15,709.0,3050000.0,12,5,9,1,1,0.5219302382932232,High Engagement,High Engagement
24,655.0,12900000.0,8,1,7,1,1,0.7140655762708484,High Engagement,High Engagement
17,4099.0,657000.0,14,2,9,0,0,0.33670729871196753,Low Engagement,Low Engagement
22,488.0,5310000.0,23,0,2,0,1,0.6421561536593253,Low Engagement,High Engagement
26,527.0,1720000.0,17,0,2,0,0,0.4164301759763425,Low Engagement,Low Engagement
28,464.0,38600.0,17,0,5,0,0,0.3020150586457148,Low Engagement,Low Engagement
20,2671.0,1420000.0,19,4,4,1,0,0.38628337753098996,High Engagement,Low Engagement
22,1977.0,489000.0,18,1,11,0,0,0.17524583677371935,Low Engagement,Low Engagement
1,441.0,849000.0,10,4,1,1,1,0.6938905944729491,High Engagement,High Engagement
20,595.0,15400000.0,11,5,7,1,1,0.7683803219125669,High Engagement,High Engagement
20,729.0,14300000.0,7,3,2,1,1,0.7132599796490176,High Engagement,High Engagement
20,1148.0,2530000.0,20,2,11,0,0,0.32852990539779503,Low Engagement,Low Engagement
20,261.0,63300.0,13,1,7,0,0,0.3495682039350836,Low Engagement,Low Engagement
23,1247.0,7900000.0,16,2,12,1,1,0.7446378311495702,High Engagement,High Engagement
20,918.0,239000.0,14,6,1,0,0,0.3567715908136311,Low Engagement,Low Engagement
26,424.0,14200000.0,19,3,4,1,1,0.7536302297212969,High Engagement,High Engagement
28,939.0,2240000.0,17,0,2,0,0,0.4101290975350402,Low Engagement,Low Engagement
27,752.0,3830000.0,17,2,11,1,0,0.3910938740465405,High Engagement,Low Engagement
10,260.0,25400.0,4,1,11,1,0,0.4669705713217118,High Engagement,Low Engagement
27,960.0,1420000.0,13,1,1,0,0,0.3946642825176263,Low Engagement,Low Engagement
20,774.0,23300000.0,0,4,10,1,1,0.7368663141852385,High Engagement,High Engagement
25,440.0,26900000.0,14,2,1,0,0,0.4212533552862727,Low Engagement,Low Engagement
22,608.0,1800000.0,16,5,10,1,0,0.4542026540599378,High Engagement,Low Engagement
20,993.0,13900000.0,19,2,10,0,1,0.6807438119294873,Low Engagement,High Engagement
17,670.0,2530000.0,21,1,3,0,0,0.46060893376002193,Low Engagement,Low Engagement
22,1738.0,37300.0,15,5,11,0,0,0.15015766440770045,Low Engagement,Low Engagement
29,1710.0,707000.0,8,6,7,0,0,0.17266909820517531,Low Engagement,Low Engagement
20,622.0,15400000.0,18,5,8,1,1,0.7877305121127305,High Engagement,High Engagement
10,698.0,3060000.0,14,0,10,1,0,0.4431963301078678,High Engagement,Low Engagement
10,354.0,199000.0,13,5,7,1,1,0.5279711130160719,High Engagement,High Engagement
24,406.0,8500000.0,13,0,3,0,1,0.7947150503500573,Low Engagement,High Engagement
1,300.0,4090000.0,6,3,12,1,1,0.7188498172183324,High Engagement,High Engagement
17,417.0,23600000.0,14,6,11,1,1,0.5412779715153907,High Engagement,High Engagement
25,3292.0,3220000.0,0,2,12,1,0,0.3499000323586949,High Engagement,Low Engagement
28,715.0,1600000.0,16,1,5,1,0,0.39363266392577584,High Engagement,Low Engagement
27,302.0,22200000.0,15,3,3,1,1,0.7596093470148022,High Engagement,High Engagement
28,293.0,4060000.0,17,3,3,0,0,0.43008135263440855,Low Engagement,Low Engagement
23,343.0,3400000.0,20,2,12,1,1,0.5334731911676246,High Engagement,High Engagement
24,737.0,3410000.0,15,2,12,0,0,0.47358354081504617,Low Engagement,Low Engagement
24,815.0,21800000.0,14,4,6,1,1,0.7845282060158956,High Engagement,High Engagement
26,1763.0,469000.0,21,6,12,0,0,0.3042592079694208,Low Engagement,Low Engagement
17,1273.0,662000.0,22,0,1,0,0,0.3598543617911795,Low Engagement,Low Engagement
24,1377.0,360000.0,11,1,4,0,0,0.32222455443051157,Low Engagement,Low Engagement
20,2437.0,873000.0,13,4,10,0,0,0.3283923807498938,Low Engagement,Low Engagement
1,568.0,14900000.0,19,4,2,1,1,0.8611914564952534,High Engagement,High Engagement
1,801.0,108000000.0,6,3,11,0,0,0.3420170907060684,Low Engagement,Low Engagement
17,279.0,15400000.0,22,2,1,0,1,0.5867708285745805,Low Engagement,High Engagement
27,2803.0,97900000.0,12,4,8,1,1,0.6819581558439491,High Engagement,High Engagement
28,971.0,2030000.0,14,5,1,0,0,0.43138576487772695,Low Engagement,Low Engagement
19,3084.0,1370000.0,0,5,4,0,0,0.39116229833424826,Low Engagement,Low Engagement
24,735.0,35100000.0,18,1,6,1,1,0.8147049037033786,High Engagement,High Engagement
29,1634.0,3750000.0,13,6,10,1,0,0.251017212709229,High Engagement,Low Engagement
28,1007.0,5120000.0,14,3,7,0,1,0.5281423752026742,Low Engagement,High Engagement
29,444.0,75800.0,21,4,3,0,0,0.19527804291340514,Low Engagement,Low Engagement
20,311.0,16700000.0,19,4,10,1,1,0.7249797287743488,High Engagement,High Engagement
26,1260.0,1180000.0,17,5,11,1,0,0.2015365700770328,High Engagement,Low Engagement
15,518.0,1250000.0,21,6,2,0,0,0.33819718133058174,Low Engagement,Low Engagement
24,280.0,130000.0,17,0,12,0,0,0.3347937410600816,Low Engagement,Low Engagement
24,4803.0,5210000.0,22,1,5,0,1,0.6038686173572639,Low Engagement,High Engagement
27,724.0,5130000.0,22,0,9,0,1,0.5374829252719554,Low Engagement,High Engagement
15,293.0,3990000.0,13,6,2,1,1,0.5074099132200989,High Engagement,High Engagement
22,1802.0,59300.0,6,6,11,0,0,0.14505382824887292,Low Engagement,Low Engagement
1,335.0,2590000.0,7,4,12,1,1,0.6898471815117514,High Engagement,High Engagement
20,1328.0,873000.0,5,3,6,0,0,0.36863949214415453,Low Engagement,Low Engagement
27,1122.0,5130000.0,22,0,10,0,1,0.5133544439740848,Low Engagement,High Engagement
20,1218.0,76300.0,19,0,2,0,0,0.2957912753785203,Low Engagement,Low Engagement
26,1811.0,1380000.0,13,2,6,0,0,0.39672885503486194,Low Engagement,Low Engagement
17,492.0,14200000.0,22,6,5,0,1,0.6441274831177749,Low Engagement,High Engagement
28,844.0,16700000.0,17,3,5,0,1,0.7386916980670158,Low Engagement,High Engagement
20,682.0,159000.0,1,4,12,0,0,0.33681519790581055,Low Engagement,Low Engagement
15,267.0,169000.0,14,0,2,0,0,0.28092965112402785,Low Engagement,Low Engagement
20,1020.0,4110000.0,10,4,9,0,0,0.47176507682513896,Low Engagement,Low Engagement
24,1235.0,21800000.0,15,3,6,1,1,0.7953090800467904,High Engagement,High Engagement
23,940.0,912000.0,19,2,9,1,0,0.47503834145975665,High Engagement,Low Engagement
27,692.0,383000.0,12,4,11,0,0,0.217436146237005,Low Engagement,Low Engagement
25,666.0,14700000.0,23,0,11,0,0,0.22629980582888162,Low Engagement,Low Engagement
26,1205.0,6840000.0,14,1,12,1,1,0.6159983722360529,High Engagement,High Engagement
27,949.0,1470000.0,16,0,1,0,0,0.39892165009907343,Low Engagement,Low Engagement
24,332.0,6950000.0,14,0,2,0,1,0.7315118020410352,Low Engagement,High Engagement
20,974.0,635000.0,12,2,11,0,0,0.1999092810440891,Low Engagement,Low Engagement
20,277.0,2010000.0,0,0,7,0,0,0.4985615340839151,Low Engagement,Low Engagement
26,320.0,4640000.0,18,4,8,0,1,0.5791196835491109,Low Engagement,High Engagement
24,982.0,12600000.0,16,1,9,1,1,0.7976137885732785,High Engagement,High Engagement
19,243.0,5160000.0,16,5,9,1,1,0.5021862634405401,High Engagement,High Engagement
20,2763.0,33200000.0,5,4,6,1,1,0.6741559372477741,High Engagement,High Engagement
27,693.0,7880000.0,14,5,4,1,1,0.7521172398757769,High Engagement,High Engagement
22,424.0,2840.0,9,0,4,0,0,0.338385915734027,Low Engagement,Low Engagement
20,965.0,805000.0,10,6,8,1,0,0.39313799378051667,High Engagement,Low Engagement
27,1035.0,4860000.0,14,2,6,0,1,0.6016376306455539,Low Engagement,High Engagement
28,1991.0,22000000.0,11,3,12,1,1,0.6827003037017674,High Engagement,High Engagement
27,1931.0,177000.0,23,4,3,0,0,0.3107050904983459,Low Engagement,Low Engagement
19,1497.0,1990000.0,23,0,8,0,0,0.4179641686296239,Low Engagement,Low Engagement
23,1017.0,7150000.0,18,6,11,1,1,0.6565145422043627,High Engagement,High Engagement
23,281.0,5530000.0,23,2,2,1,1,0.6632527868452198,High Engagement,High Engagement
20,1145.0,2010000.0,0,5,10,1,0,0.43723750119835453,High Engagement,Low Engagement
28,737.0,24700000.0,15,3,8,0,1,0.7345717095331025,Low Engagement,High Engagement
20,489.0,148000.0,22,0,1,0,0,0.3597019016885438,Low Engagement,Low Engagement
17,1200.0,222000.0,17,5,6,0,0,0.3351137164257953,Low Engagement,Low Engagement
20,852.0,3790000.0,23,2,7,1,0,0.4682112853593491,High Engagement,Low Engagement
27,1298.0,16600.0,15,2,12,0,0,0.2923993484685797,Low Engagement,Low Engagement
20,901.0,8890000.0,21,0,9,0,1,0.6689355954627009,Low Engagement,High Engagement
28,1229.0,16700000.0,21,2,11,1,1,0.5281842351245041,High Engagement,High Engagement
28,1697.0,236000.0,15,1,3,0,0,0.3225492969487998,Low Engagement,Low Engagement
27,1396.0,3400000.0,12,0,12,1,0,0.39520121741602715,High Engagement,Low Engagement
2,1091.0,10700000.0,12,3,12,1,1,0.7084104158771809,High Engagement,High Engagement
17,296.0,5340000.0,13,4,3,0,1,0.509447769443801,Low Engagement,High Engagement
23,271.0,33200000.0,5,3,9,0,1,0.6362652087618191,Low Engagement,High Engagement
22,963.0,381000.0,18,4,8,0,0,0.34701886846638313,Low Engagement,Low Engagement
28,927.0,16700000.0,19,6,8,1,1,0.7547462228951185,High Engagement,High Engagement
2,981.0,26600000.0,13,4,12,1,1,0.7246522691537052,High Engagement,High Engagement
1,677.0,14900000.0,19,4,2,1,1,0.8647911802943562,High Engagement,High Engagement
28,1332.0,16700000.0,17,5,6,1,1,0.7271374252795159,High Engagement,High Engagement
15,376.0,27500.0,11,6,8,0,0,0.27944972997140505,Low Engagement,Low Engagement
25,408.0,16900000.0,10,6,1,0,0,0.41093837768776087,Low Engagement,Low Engagement
20,601.0,2700000.0,14,4,10,1,0,0.4312944237284981,High Engagement,Low Engagement
22,539.0,7340000.0,13,0,4,0,1,0.7054734140918958,Low Engagement,High Engagement
17,544.0,2050000.0,14,2,8,0,0,0.4380737998435071,Low Engagement,Low Engagement
27,806.0,5130000.0,20,0,6,0,1,0.571480127551533,Low Engagement,High Engagement
27,368.0,112000.0,20,2,8,0,0,0.3444184068437923,Low Engagement,Low Engagement
28,1145.0,3480000.0,17,4,2,0,0,0.4379682126359704,Low Engagement,Low Engagement
23,965.0,7150000.0,18,5,12,1,1,0.7679242791655606,High Engagement,High Engagement
15,859.0,3050000.0,12,4,7,1,1,0.5038565988381554,High Engagement,High Engagement
24,631.0,1390000.0,7,5,6,0,0,0.44523459324891396,Low Engagement,Low Engagement
24,7365.0,10000000.0,12,6,6,1,1,0.7172379432703024,High Engagement,High Engagement
24,1085.0,11900000.0,13,5,6,1,1,0.7937018845397753,High Engagement,High Engagement
22,527.0,29600000.0,17,6,1,1,1,0.7649562790712742,High Engagement,High Engagement
27,2023.0,12300000.0,14,2,11,0,0,0.4806202663856713,Low Engagement,Low Engagement
22,481.0,170000.0,11,0,10,1,0,0.3356821989235226,High Engagement,Low Engagement
28,948.0,22000000.0,9,5,4,1,1,0.7628646895097221,High Engagement,High Engagement
28,697.0,15400000.0,14,4,3,1,1,0.6897914974483047,High Engagement,High Engagement
28,768.0,374000.0,18,5,12,1,0,0.3290963237366049,High Engagement,Low Engagement
27,1703.0,322000.0,22,5,11,1,0,0.17135298854036138,High Engagement,Low Engagement
20,427.0,801000.0,20,2,5,1,0,0.40803119317301473,High Engagement,Low Engagement
15,642.0,21800000.0,11,4,6,1,1,0.6813041972324878,High Engagement,High Engagement
20,922.0,19600000.0,0,0,6,1,1,0.7551359535401451,High Engagement,High Engagement
23,295.0,949000.0,17,1,5,0,0,0.36885813737736806,Low Engagement,Low Engagement
20,1033.0,5070000.0,1,4,12,1,1,0.5849367249119529,High Engagement,High Engagement
15,715.0,266000.0,23,1,5,0,0,0.26621598063413365,Low Engagement,Low Engagement
24,1522.0,21800000.0,17,4,4,1,1,0.7486186484211677,High Engagement,High Engagement
24,764.0,17100000.0,6,0,12,0,1,0.7672674299794221,Low Engagement,High Engagement
26,452.0,10100000.0,11,4,7,1,1,0.7491074784726212,High Engagement,High Engagement
28,60.0,71700000.0,14,3,5,1,1,0.7100246386505255,High Engagement,High Engagement
28,1027.0,16700000.0,18,0,1,1,1,0.7343458284728135,High Engagement,High Engagement
2,1309.0,219000.0,0,4,8,0,0,0.2894817587693822,Low Engagement,Low Engagement
20,934.0,3640000.0,19,1,9,1,0,0.44378317032427633,High Engagement,Low Engagement
17,821.0,554000.0,17,4,8,0,0,0.3911705681379278,Low Engagement,Low Engagement
17,590.0,1620000.0,6,5,7,0,0,0.45258113976287934,Low Engagement,Low Engagement
20,906.0,338000.0,12,6,11,0,0,0.18425236626042685,Low Engagement,Low Engagement
10,110.0,62700000.0,17,2,8,0,1,0.7276916126177374,Low Engagement,High Engagement
20,1199.0,234000.0,18,1,9,0,0,0.3128591603666094,Low Engagement,Low Engagement
22,1666.0,226000.0,11,6,11,0,0,0.15531040830573997,Low Engagement,Low Engagement
17,482.0,8560000.0,13,2,11,1,0,0.4957335092084089,High Engagement,Low Engagement
20,630.0,16900000.0,21,3,1,1,1,0.750397112926074,High Engagement,High Engagement
26,242.0,260000.0,13,3,2,1,0,0.3665241722680287,High Engagement,Low Engagement
26,1045.0,10100000.0,13,5,2,1,1,0.7628309726725999,High Engagement,High Engagement
10,1480.0,2620000.0,7,2,2,1,0,0.4918398377938588,High Engagement,Low Engagement
27,1551.0,890000.0,14,0,9,0,0,0.3472025092775897,Low Engagement,Low Engagement
27,683.0,4860000.0,14,1,7,1,1,0.6317651045041118,High Engagement,High Engagement
19,313.0,5160000.0,17,3,12,0,0,0.4786117115355519,Low Engagement,Low Engagement
22,1059.0,26300000.0,1,5,3,1,1,0.7938827064190423,High Engagement,High Engagement
22,907.0,66300.0,23,2,6,0,0,0.34217391667081737,Low Engagement,Low Engagement
20,1152.0,19600000.0,19,5,2,1,1,0.7782403646615731,High Engagement,High Engagement
24,1024.0,40100000.0,13,4,2,1,1,0.811849292715942,High Engagement,High Engagement
17,636.0,6750000.0,9,1,11,1,0,0.47918030998645755,High Engagement,Low Engagement
26,770.0,21300000.0,15,4,10,1,1,0.7766081918153658,High Engagement,High Engagement
20,1222.0,48800000.0,3,6,9,1,1,0.7045124773660939,High Engagement,High Engagement
20,1195.0,14300.0,10,3,7,0,0,0.31265310892738846,Low Engagement,Low Engagement
17,345.0,3610000.0,14,5,5,1,0,0.4710057558591283,High Engagement,Low Engagement
20,876.0,5180000.0,18,5,12,1,1,0.6393139552551497,High Engagement,High Engagement
22,2453.0,8060000.0,10,4,7,0,1,0.6113433185160793,Low Engagement,High Engagement
2,1924.0,3920000.0,14,4,2,1,0,0.45066199960889397,High Engagement,Low Engagement
27,831.0,450000.0,18,4,12,0,0,0.3302366805139061,Low Engagement,Low Engagement
24,1435.0,1650000.0,19,4,3,1,0,0.4623318906884866,High Engagement,Low Engagement
28,1611.0,1390000.0,21,3,9,0,0,0.38470351558511107,Low Engagement,Low Engagement
20,1300.0,2720000.0,19,3,10,0,0,0.4267255631319872,Low Engagement,Low Engagement
20,1154.0,2010000.0,0,0,10,1,0,0.4545769743518151,High Engagement,Low Engagement
26,466.0,21300000.0,17,3,8,1,1,0.747540431390717,High Engagement,High Engagement
1,683.0,4240000.0,1,1,9,1,1,0.7599846470008473,High Engagement,High Engagement
25,482.0,9260000.0,21,3,10,0,0,0.35276766840880625,Low Engagement,Low Engagement
28,1070.0,26900000.0,16,0,5,0,1,0.712473598339157,Low Engagement,High Engagement
28,366.0,5710000.0,16,5,4,1,1,0.6825631834887322,High Engagement,High Engagement
19,707.0,247000.0,12,6,12,0,0,0.20980995552359558,Low Engagement,Low Engagement
19,586.0,49200.0,12,4,8,0,0,0.23270430537943063,Low Engagement,Low Engagement
27,922.0,1300000.0,3,1,7,0,0,0.41082859796193727,Low Engagement,Low Engagement
20,422.0,2400000.0,19,1,2,0,0,0.44546807350791745,Low Engagement,Low Engagement
20,909.0,9700000.0,19,4,5,1,1,0.7054150218964962,High Engagement,High Engagement
25,893.0,7100000.0,14,1,12,1,0,0.33431650647424943,High Engagement,Low Engagement
26,290.0,31400.0,22,1,8,0,0,0.35107374337463965,Low Engagement,Low Engagement
20,271.0,2860000.0,21,0,10,1,0,0.4418347322920068,High Engagement,Low Engagement
28,1658.0,5110000.0,10,5,7,1,1,0.5777591473550029,High Engagement,High Engagement
15,315.0,324000.0,21,4,7,0,0,0.27191195615406377,Low Engagement,Low Engagement
24,1470.0,62700000.0,12,5,9,1,1,0.7418161885640325,High Engagement,High Engagement
22,610.0,298000.0,21,0,2,0,0,0.3554566762320561,Low Engagement,Low Engagement
25,509.0,1420000.0,23,0,1,0,0,0.3090531067891189,Low Engagement,Low Engagement
28,1035.0,3460.0,11,2,11,0,0,0.2157763323362461,Low Engagement,Low Engagement
27,1581.0,577000.0,19,0,2,0,0,0.3417034180061331,Low Engagement,Low Engagement
22,879.0,26300000.0,1,4,12,1,1,0.7680925161998975,High Engagement,High Engagement
19,3893.0,165000.0,20,6,9,0,0,0.22148833718809527,Low Engagement,Low Engagement
23,254.0,5190000.0,12,4,11,0,1,0.5099016971348738,Low Engagement,High Engagement
24,654.0,1250000.0,16,3,9,1,0,0.45779201465276353,High Engagement,Low Engagement
20,2988.0,33200000.0,1,5,12,1,1,0.6802719590312367,High Engagement,High Engagement
24,44.0,21800000.0,15,1,2,1,1,0.7947386425457706,High Engagement,High Engagement
15,487.0,6110000.0,19,3,9,1,1,0.6345464188431392,High Engagement,High Engagement
25,2844.0,1580000.0,19,0,12,0,0,0.24766099335024797,Low Engagement,Low Engagement
23,267.0,33200000.0,4,2,4,0,1,0.5921139462337095,Low Engagement,High Engagement
29,501.0,43900000.0,17,3,11,0,0,0.2959650672192303,Low Engagement,Low Engagement
28,3427.0,7080000.0,16,3,10,0,1,0.5656960965223667,Low Engagement,High Engagement
22,681.0,40700.0,10,5,11,1,0,0.19679321697400237,High Engagement,Low Engagement
24,2323.0,10100000.0,13,4,3,1,1,0.6976474075612297,High Engagement,High Engagement
15,8814.0,882000.0,13,5,11,0,0,0.1913042520313369,Low Engagement,Low Engagement
24,812.0,17500000.0,18,4,7,0,1,0.8192185710026368,Low Engagement,High Engagement
28,998.0,12600000.0,19,3,10,1,1,0.7011734512194144,High Engagement,High Engagement
24,1501.0,21800000.0,15,1,7,1,1,0.7804545367275482,High Engagement,High Engagement
10,290.0,11500000.0,13,4,10,1,1,0.6974184041963053,High Engagement,High Engagement
26,488.0,21300000.0,23,6,1,1,1,0.8004714885265768,High Engagement,High Engagement
22,543.0,33100000.0,3,5,10,1,1,0.7445405945325688,High Engagement,High Engagement
27,1042.0,6470000.0,12,5,9,1,1,0.6700446313992149,High Engagement,High Engagement
29,1616.0,43900000.0,19,2,12,0,0,0.3274264470919579,Low Engagement,Low Engagement
20,1052.0,25200000.0,16,1,7,0,1,0.7391525652454052,Low Engagement,High Engagement
28,350.0,1750000.0,14,5,4,1,0,0.3879339312189408,High Engagement,Low Engagement
25,593.0,14600000.0,15,1,11,0,0,0.3024836248474323,Low Engagement,Low Engagement
20,1075.0,15000000.0,14,3,8,1,1,0.6993617334157071,High Engagement,High Engagement
22,9684.0,5370000.0,18,4,8,1,1,0.6015466896346713,High Engagement,High Engagement
20,2079.0,620000.0,8,0,12,0,0,0.31787662003904615,Low Engagement,Low Engagement
10,1211.0,1720000.0,0,2,9,0,0,0.43758841365871387,Low Engagement,Low Engagement
28,713.0,3480000.0,19,4,10,1,0,0.4200838124567927,High Engagement,Low Engagement
23,768.0,12400000.0,16,6,4,0,1,0.7639353243736254,Low Engagement,High Engagement
22,911.0,9460000.0,18,5,7,1,1,0.7492956805490841,High Engagement,High Engagement
29,1249.0,43900000.0,14,1,10,0,0,0.27676995159637907,Low Engagement,Low Engagement
20,1138.0,140000.0,17,0,11,0,0,0.19333339774558778,Low Engagement,Low Engagement
27,409.0,7000000.0,13,4,12,1,1,0.6834234696810403,High Engagement,High Engagement
24,576.0,1330000.0,0,6,11,0,0,0.2669862502972947,Low Engagement,Low Engagement
23,277.0,1830000.0,21,0,3,0,1,0.5851415932438317,Low Engagement,High Engagement
25,685.0,3700000.0,17,3,12,0,0,0.26399067187737707,Low Engagement,Low Engagement
19,852.0,396000.0,13,2,5,0,0,0.21665758559989753,Low Engagement,Low Engagement
27,335.0,1210000.0,23,1,12,0,0,0.39712992900044697,Low Engagement,Low Engagement
25,1516.0,10100000.0,10,6,9,0,0,0.43269668227218167,Low Engagement,Low Engagement
15,807.0,3390000.0,20,3,9,1,0,0.49335396903837203,High Engagement,Low Engagement
20,915.0,2400000.0,21,2,1,0,0,0.43749874659970933,Low Engagement,Low Engagement
24,492.0,5530000.0,18,4,10,1,1,0.7552952136704049,High Engagement,High Engagement
20,844.0,13900000.0,16,1,9,1,1,0.6917127399763658,High Engagement,High Engagement
20,1066.0,2010000.0,0,0,3,1,1,0.5078896007530919,High Engagement,High Engagement
19,1405.0,26500.0,3,4,8,0,0,0.1881674230291736,Low Engagement,Low Engagement
25,295.0,2510000.0,7,0,7,0,0,0.27930202227317386,Low Engagement,Low Engagement
28,948.0,160000.0,19,3,4,1,0,0.32583927740007546,High Engagement,Low Engagement
19,851.0,374000.0,11,4,1,0,0,0.2323322246837997,Low Engagement,Low Engagement
20,296.0,337000.0,15,6,1,0,0,0.3890966760925238,Low Engagement,Low Engagement
22,937.0,5690000.0,20,4,1,1,1,0.7236919096606386,High Engagement,High Engagement
20,810.0,3640000.0,19,4,8,0,0,0.44853287555006727,Low Engagement,Low Engagement
28,545.0,1750000.0,15,5,10,0,0,0.4063013988941059,Low Engagement,Low Engagement
22,240.0,949000.0,17,1,9,0,0,0.4067065276781644,Low Engagement,Low Engagement
20,1469.0,89900.0,15,5,7,0,0,0.30981140814788793,Low Engagement,Low Engagement
15,2960.0,1870000.0,18,2,1,0,0,0.2798439995826347,Low Engagement,Low Engagement
17,2692.0,4880000.0,0,1,12,0,0,0.47675303936950003,Low Engagement,Low Engagement
29,1133.0,43900000.0,16,1,1,0,0,0.25711519694055934,Low Engagement,Low Engagement
22,349.0,5550000.0,22,5,3,0,1,0.6826031670753112,Low Engagement,High Engagement
28,698.0,3690000.0,19,5,9,1,0,0.46316420239987566,High Engagement,Low Engagement
24,31.0,21800000.0,15,5,4,1,1,0.8149562499933415,High Engagement,High Engagement
25,819.0,14600000.0,22,3,9,0,0,0.2885888766315339,Low Engagement,Low Engagement
28,342.0,2240000.0,7,5,10,0,0,0.4072592606013522,Low Engagement,Low Engagement
27,3672.0,19200.0,21,4,11,0,0,0.16994593096977192,Low Engagement,Low Engagement
2,2348.0,5030000.0,15,2,9,1,1,0.5319218856980205,High Engagement,High Engagement
27,965.0,2930000.0,22,4,8,0,0,0.4088444939187949,Low Engagement,Low Engagement
15,671.0,205000.0,22,3,5,0,0,0.28911940310856343,Low Engagement,Low Engagement
24,726.0,97900.0,16,5,7,0,0,0.38252099861000877,Low Engagement,Low Engagement
29,2784.0,1450000.0,21,1,2,0,0,0.16250254835628467,Low Engagement,Low Engagement
20,1163.0,6970000.0,17,0,11,0,0,0.4749686029300693,Low Engagement,Low Engagement
24,335.0,23300000.0,13,6,4,1,1,0.8001366693422624,High Engagement,High Engagement
20,369.0,10300.0,19,2,8,0,0,0.3326091767267318,Low Engagement,Low Engagement
28,1169.0,2390000.0,14,5,4,0,0,0.4243514322302054,Low Engagement,Low Engagement
17,366.0,512000.0,0,4,11,1,0,0.3156265923372246,High Engagement,Low Engagement
27,1956.0,3820000.0,13,1,7,1,0,0.49082001955963234,High Engagement,Low Engagement
26,1715.0,304000.0,20,0,12,0,0,0.2546750667026359,Low Engagement,Low Engagement
24,1073.0,38600.0,3,2,2,0,0,0.3091994803344287,Low Engagement,Low Engagement
28,927.0,5710000.0,17,2,8,1,1,0.6103638483830319,High Engagement,High Engagement
20,626.0,2340000.0,20,2,10,1,0,0.42002256251638104,High Engagement,Low Engagement
24,1063.0,100000.0,14,6,5,0,0,0.3250874627753365,Low Engagement,Low Engagement
15,1206.0,15700.0,7,5,11,0,0,0.13634490500337107,Low Engagement,Low Engagement
20,2404.0,33200000.0,17,2,11,1,0,0.4997205313661383,High Engagement,Low Engagement
17,747.0,1140000.0,21,4,4,1,0,0.41636669741160753,High Engagement,Low Engagement
28,832.0,22000000.0,14,6,1,1,1,0.7037031302460398,High Engagement,High Engagement
17,297.0,14200000.0,13,2,9,1,1,0.5781133090586897,High Engagement,High Engagement
24,854.0,5270000.0,18,6,9,1,1,0.7306153679981545,High Engagement,High Engagement
28,620.0,2390000.0,14,4,3,0,0,0.414303209390976,Low Engagement,Low Engagement
20,1169.0,6750000.0,3,4,12,1,1,0.6338579445685917,High Engagement,High Engagement
27,1156.0,5130000.0,20,2,7,0,1,0.549219779634405,Low Engagement,High Engagement
20,732.0,14000.0,9,3,10,0,0,0.3205851831206481,Low Engagement,Low Engagement
24,733.0,10600000.0,16,6,10,1,1,0.8173501843068569,High Engagement,High Engagement
28,793.0,68700.0,17,1,8,0,0,0.3189102422135064,Low Engagement,Low Engagement
17,1373.0,23700000.0,23,1,11,0,0,0.4948435918283074,Low Engagement,Low Engagement
17,437.0,13800000.0,17,6,7,1,1,0.6498252797919196,High Engagement,High Engagement
20,3568.0,2730000.0,14,6,12,1,0,0.4454535875599808,High Engagement,Low Engagement
29,1595.0,43900000.0,16,4,2,0,0,0.2907766308473038,Low Engagement,Low Engagement
28,616.0,7090000.0,14,3,9,1,1,0.5262604932734154,High Engagement,High Engagement
19,3845.0,157000.0,8,3,9,0,0,0.22356342619392047,Low Engagement,Low Engagement
22,2168.0,3300000.0,1,1,3,1,1,0.5045369275605271,High Engagement,High Engagement
24,541.0,36300000.0,21,4,12,1,1,0.7989400510237337,High Engagement,High Engagement
17,843.0,25900.0,3,1,12,0,0,0.3186944302232552,Low Engagement,Low Engagement
28,377.0,65100.0,17,2,5,0,0,0.3087526518923455,Low Engagement,Low Engagement
15,1844.0,129000.0,3,5,3,0,0,0.20604040098432114,Low Engagement,Low Engagement
27,1060.0,2200000.0,18,6,11,1,0,0.3143049583025829,High Engagement,Low Engagement
15,9825.0,78700.0,9,2,10,0,0,0.2285708489805322,Low Engagement,Low Engagement
24,32.0,452000000.0,16,2,5,1,1,0.7784084773849869,High Engagement,High Engagement
22,6883.0,401.0,1,2,1,0,0,0.29834384822741994,Low Engagement,Low Engagement
1,715.0,441000.0,14,3,4,1,1,0.546269197078696,High Engagement,High Engagement
19,1263.0,58800.0,17,6,8,0,0,0.21396666873384973,Low Engagement,Low Engagement
24,50.0,21800000.0,16,2,11,0,1,0.5013653827458983,Low Engagement,High Engagement
20,598.0,2610000.0,23,1,6,1,0,0.46503876657921817,High Engagement,Low Engagement
26,249.0,3900000.0,10,3,4,0,0,0.4526850672634541,Low Engagement,Low Engagement
28,577.0,22000000.0,13,4,5,1,1,0.7319078788634358,High Engagement,High Engagement
27,844.0,3830000.0,16,3,8,1,0,0.4271610710576035,High Engagement,Low Engagement
27,1027.0,6900000.0,13,3,7,0,1,0.662306437455943,Low Engagement,High Engagement
20,6638.0,178000.0,10,2,2,0,0,0.3122444222253157,Low Engagement,Low Engagement
24,49.0,66200000.0,5,2,11,0,0,0.3258857381162406,Low Engagement,Low Engagement
25,1383.0,4540000.0,12,1,11,1,0,0.2521145604417359,High Engagement,Low Engagement
26,1118.0,6130000.0,16,2,5,1,1,0.6673468657724662,High Engagement,High Engagement
24,870.0,55900.0,4,3,3,0,0,0.36566060063616945,Low Engagement,Low Engagement
28,646.0,1210000.0,14,3,8,0,0,0.36403687545671587,Low Engagement,Low Engagement
15,7898.0,14200000.0,12,2,12,1,1,0.5677056335375247,High Engagement,High Engagement
23,1396.0,4040000.0,9,4,12,1,1,0.6183427821402082,High Engagement,High Engagement
22,1981.0,197000.0,0,6,2,0,0,0.3125345459672571,Low Engagement,Low Engagement
28,442.0,1230000.0,23,4,2,0,0,0.37245311427258576,Low Engagement,Low Engagement
25,663.0,3700000.0,15,4,9,1,0,0.3161275821911184,High Engagement,Low Engagement
1,306.0,215000.0,13,1,8,0,1,0.5214616525926066,Low Engagement,High Engagement
24,888.0,4420000.0,0,2,8,1,1,0.5937217214984001,High Engagement,High Engagement
22,608.0,53300.0,16,1,2,0,0,0.348819517787131,Low Engagement,Low Engagement
20,899.0,205000.0,12,0,10,0,0,0.3175633625052639,Low Engagement,Low Engagement
24,832.0,6980000.0,16,6,10,1,1,0.8064459678036193,High Engagement,High Engagement
27,468.0,19700000.0,15,2,5,1,1,0.7502677938976273,High Engagement,High Engagement
25,2172.0,285000.0,20,3,7,0,0,0.2625910896397999,Low Engagement,Low Engagement
27,2796.0,7880000.0,20,4,11,0,0,0.47421738902006233,Low Engagement,Low Engagement
24,310.0,5480000.0,11,3,11,0,1,0.5210995965154521,Low Engagement,High Engagement
15,858.0,2480000.0,23,6,5,0,0,0.4199207745036181,Low Engagement,Low Engagement
26,487.0,1240000.0,6,2,4,1,0,0.41422274080899685,High Engagement,Low Engagement
17,488.0,400000.0,0,6,8,0,0,0.37269847833488884,Low Engagement,Low Engagement
27,511.0,15300000.0,20,5,4,1,1,0.783023114158433,High Engagement,High Engagement
28,43196.0,305000.0,12,0,5,0,0,0.3254086136344524,Low Engagement,Low Engagement
17,783.0,61700000.0,14,5,6,1,1,0.7257280929904145,High Engagement,High Engagement
28,1041.0,22000000.0,12,6,11,1,1,0.5552327322679934,High Engagement,High Engagement
24,1176.0,12100000.0,19,6,3,1,1,0.8214140343331912,High Engagement,High Engagement
24,577.0,1620000.0,18,2,7,0,0,0.4213262698439096,Low Engagement,Low Engagement
24,338.0,318000.0,21,5,2,0,0,0.37912212577798826,Low Engagement,Low Engagement
22,1217.0,331000.0,4,1,11,0,0,0.1978701639117944,Low Engagement,Low Engagement
27,1290.0,9240000.0,15,0,12,0,1,0.6095096047061372,Low Engagement,High Engagement
24,729.0,16900000.0,18,5,8,1,1,0.8306916128102512,High Engagement,High Engagement
22,627.0,4140.0,14,2,3,0,0,0.325029304578191,Low Engagement,Low Engagement
24,617.0,7960000.0,15,2,8,1,1,0.7680471629975514,High Engagement,High Engagement
17,1696.0,23700000.0,17,5,11,1,0,0.4771101580489531,High Engagement,Low Engagement
22,978.0,29700000.0,16,5,9,1,1,0.7813858305285621,High Engagement,High Engagement
17,481.0,13800000.0,9,6,3,1,1,0.6382419538449369,High Engagement,High Engagement
28,1168.0,22000000.0,13,1,9,1,1,0.732601299189744,High Engagement,High Engagement
22,7530.0,1110000.0,13,0,12,0,0,0.31488632765541513,Low Engagement,Low Engagement
23,804.0,3030000.0,22,4,11,1,0,0.48196113109403466,High Engagement,Low Engagement
27,591.0,6610000.0,16,0,11,1,1,0.5967034481970601,High Engagement,High Engagement
24,909.0,21800000.0,14,1,6,1,1,0.7822760157370852,High Engagement,High Engagement
26,2816.0,22400.0,14,2,5,0,0,0.26303760052661235,Low Engagement,Low Engagement
28,893.0,15400000.0,20,3,9,1,1,0.7766871040053548,High Engagement,High Engagement
23,794.0,19400000.0,6,3,1,1,1,0.7446739640585467,High Engagement,High Engagement
27,2258.0,29000.0,2,2,6,0,0,0.32339784519224474,Low Engagement,Low Engagement
26,694.0,14200000.0,1,3,10,1,1,0.7521019025787263,High Engagement,High Engagement
2,2554.0,5020000.0,15,3,6,1,1,0.561347563737312,High Engagement,High Engagement
26,1620.0,3540000.0,23,4,12,0,0,0.42952419327692754,Low Engagement,Low Engagement
26,607.0,2440000.0,14,1,6,1,0,0.44859752067145453,High Engagement,Low Engagement
26,2114.0,1470000.0,15,0,12,0,0,0.32382392491629514,Low Engagement,Low Engagement
26,908.0,5130000.0,9,4,6,0,1,0.6018520880854535,Low Engagement,High Engagement
28,1615.0,40000.0,12,0,12,0,0,0.24298633369933204,Low Engagement,Low Engagement
20,1013.0,6960.0,2,0,5,0,0,0.323764272780915,Low Engagement,Low Engagement
22,1858.0,8060000.0,13,5,11,0,0,0.4492514262811226,Low Engagement,Low Engagement
20,1159.0,3490000.0,2,6,10,0,0,0.444590310397233,Low Engagement,Low Engagement
26,444.0,45600.0,13,2,11,0,0,0.22616207437872443,Low Engagement,Low Engagement
28,370.0,9770000.0,13,3,8,1,1,0.6651047480422307,High Engagement,High Engagement
24,2733.0,1130000.0,23,6,9,1,0,0.3914095100238348,High Engagement,Low Engagement
25,1408.0,12700000.0,12,3,9,1,0,0.4656150399093954,High Engagement,Low Engagement
23,312.0,3990000.0,22,3,1,1,1,0.5939216012041659,High Engagement,High Engagement
26,1701.0,1340000.0,12,6,6,1,0,0.40169677035293927,High Engagement,Low Engagement
25,2940.0,16900000.0,16,0,11,1,0,0.33504890331936577,High Engagement,Low Engagement
1,1108.0,3200000.0,15,5,11,1,1,0.5567201212944695,High Engagement,High Engagement
23,576.0,33200000.0,4,3,5,0,1,0.6046658235397756,Low Engagement,High Engagement
22,213.0,131000000.0,7,1,5,1,1,0.7171399019585959,High Engagement,High Engagement
28,969.0,1100000.0,16,5,3,0,0,0.397754220682615,Low Engagement,Low Engagement
25,429.0,6490000.0,16,2,5,0,0,0.40672662528535675,Low Engagement,Low Engagement
23,699.0,158000.0,16,3,5,0,0,0.43136006461804804,Low Engagement,Low Engagement
2,929.0,4150000.0,15,2,3,1,1,0.5055625046903577,High Engagement,High Engagement
1,922.0,14900000.0,18,6,3,1,1,0.8886920413074774,High Engagement,High Engagement
15,530.0,3740000.0,15,5,5,0,0,0.47150592417830023,Low Engagement,Low Engagement
24,1561.0,6990000.0,16,5,11,0,0,0.45822932372499553,Low Engagement,Low Engagement
26,709.0,1150000.0,18,1,11,0,0,0.24869116126273558,Low Engagement,Low Engagement
20,701.0,21700000.0,12,4,1,1,1,0.7504773378382511,High Engagement,High Engagement
24,807.0,543000.0,17,0,7,1,0,0.3780879154845176,High Engagement,Low Engagement
24,602.0,23300000.0,18,6,12,1,1,0.8178756183481121,High Engagement,High Engagement
20,708.0,114000.0,12,1,7,0,0,0.3373387158499034,Low Engagement,Low Engagement
10,270.0,533000.0,17,2,4,1,1,0.5195591743769652,High Engagement,High Engagement
24,688.0,2500000.0,13,1,10,1,0,0.4922896062433471,High Engagement,Low Engagement
20,538.0,15000000.0,18,4,6,1,1,0.75110953724362,High Engagement,High Engagement
29,606.0,43900000.0,15,4,6,0,0,0.34546431812011724,Low Engagement,Low Engagement
10,970.0,5330000.0,17,4,1,1,1,0.6018593010904052,High Engagement,High Engagement
17,1845.0,1140000.0,21,2,1,0,0,0.38547587682826145,Low Engagement,Low Engagement
28,520.0,5710000.0,15,1,3,1,1,0.6100211931446459,High Engagement,High Engagement
20,625.0,23300000.0,22,3,2,1,1,0.7468390377375629,High Engagement,High Engagement
27,2204.0,24500000.0,13,4,10,0,1,0.7020397753818278,Low Engagement,High Engagement
15,651.0,6110000.0,16,2,6,1,1,0.6056314689378691,High Engagement,High Engagement
29,488.0,4710.0,16,0,11,0,0,0.12316975340828604,Low Engagement,Low Engagement
22,1720.0,42400.0,23,0,9,1,0,0.26418481779030095,High Engagement,Low Engagement
27,5487.0,14500000.0,15,6,11,0,0,0.451712783412752,Low Engagement,Low Engagement
24,605.0,35100000.0,20,0,6,1,1,0.8416934215370715,High Engagement,High Engagement
25,755.0,3910000.0,23,6,12,0,0,0.2920736479280853,Low Engagement,Low Engagement
1,1120.0,606000.0,9,3,9,1,1,0.5437568133562024,High Engagement,High Engagement
1,757.0,14900000.0,19,6,2,1,1,0.8682409079142119,High Engagement,High Engagement
24,642.0,10600000.0,17,4,12,1,1,0.7899476180221161,High Engagement,High Engagement
24,986.0,336000.0,17,0,10,0,0,0.3228613937117973,Low Engagement,Low Engagement
24,1673.0,21800000.0,15,4,6,1,1,0.783537464001244,High Engagement,High Engagement
19,757.0,5160000.0,16,4,5,0,0,0.44500075748465645,Low Engagement,Low Engagement
24,256.0,21800000.0,18,0,2,1,1,0.8146846074326671,High Engagement,High Engagement
17,346.0,14200000.0,22,0,9,0,1,0.6040470147651565,Low Engagement,High Engagement
26,826.0,14200000.0,15,6,8,1,1,0.8070324257561633,High Engagement,High Engagement
20,1211.0,51300.0,15,3,9,0,0,0.2908177458581827,Low Engagement,Low Engagement
24,860.0,5820000.0,17,4,3,1,1,0.7975816514106457,High Engagement,High Engagement
1,483.0,2430000.0,13,5,6,1,1,0.7503395359748153,High Engagement,High Engagement
19,1475.0,3820000.0,14,5,11,0,0,0.36987445679441344,Low Engagement,Low Engagement
28,956.0,26900000.0,16,1,9,0,1,0.7178025547865581,Low Engagement,High Engagement
22,319.0,617000.0,13,3,2,0,0,0.40013529203628534,Low Engagement,Low Engagement
29,1766.0,43900000.0,21,2,12,0,0,0.2833985318835205,Low Engagement,Low Engagement
20,651.0,5180000.0,17,0,12,1,1,0.6083475400376526,High Engagement,High Engagement
10,278.0,3870000.0,16,1,11,1,0,0.48739809093801206,High Engagement,Low Engagement
10,1606.0,626000.0,19,3,11,1,0,0.3544390500788596,High Engagement,Low Engagement
10,297.0,62700000.0,5,4,11,1,1,0.5202543562539255,High Engagement,High Engagement
22,424.0,5660000.0,13,0,11,1,1,0.5097811517022857,High Engagement,High Engagement
28,874.0,3020000.0,14,1,3,1,0,0.4447206535750371,High Engagement,Low Engagement
24,520.0,7960000.0,18,1,3,1,1,0.8004170346759368,High Engagement,High Engagement
20,1257.0,1090000.0,16,0,4,0,0,0.3815533799902451,Low Engagement,Low Engagement
15,395.0,2560000.0,19,5,9,0,0,0.38346511728402627,Low Engagement,Low Engagement
25,400.0,14600000.0,23,2,7,0,0,0.3575699966054559,Low Engagement,Low Engagement
17,1142.0,23900000.0,22,4,7,1,1,0.7518211026618711,High Engagement,High Engagement
20,775.0,4840000.0,17,6,11,0,0,0.45986592716637575,Low Engagement,Low Engagement
23,814.0,21700000.0,3,2,10,1,1,0.7108552603984298,High Engagement,High Engagement
28,1453.0,815000.0,17,0,12,0,0,0.30386223429073095,Low Engagement,Low Engagement
20,435.0,110000000.0,15,4,6,1,1,0.7314176976522224,High Engagement,High Engagement
1,2566.0,2070000.0,17,1,4,1,1,0.7441034231801112,High Engagement,High Engagement
26,2439.0,841000.0,20,3,7,0,0,0.3765213951750139,Low Engagement,Low Engagement
26,570.0,698000.0,16,4,3,0,0,0.4262525307538283,Low Engagement,Low Engagement
27,848.0,232000.0,23,0,11,0,0,0.20071776854258763,Low Engagement,Low Engagement
27,1395.0,573000.0,15,5,11,0,0,0.18400168262806257,Low Engagement,Low Engagement
23,800.0,16900000.0,16,1,10,1,1,0.7241716118737653,High Engagement,High Engagement
26,291.0,6480000.0,20,0,12,0,1,0.6505034553343639,Low Engagement,High Engagement
10,241.0,62700000.0,4,4,7,1,1,0.7584982666937613,High Engagement,High Engagement
26,255.0,2620000.0,18,0,6,1,0,0.4621849303964385,High Engagement,Low Engagement
17,1404.0,163000.0,19,1,2,1,0,0.31762597506794155,High Engagement,Low Engagement
24,692.0,113000.0,14,3,4,0,0,0.34750510598427603,Low Engagement,Low Engagement
24,723.0,10600000.0,21,2,6,1,1,0.7537074443350379,High Engagement,High Engagement
17,324.0,14200000.0,16,5,12,0,1,0.6021389655340063,Low Engagement,High Engagement
23,1225.0,13300000.0,3,4,5,1,1,0.7387131779468785,High Engagement,High Engagement
1,606.0,58900.0,4,1,6,0,0,0.4634988420171213,Low Engagement,Low Engagement
20,801.0,2030000.0,17,1,8,1,0,0.4356708885977953,High Engagement,Low Engagement
22,443.0,949000.0,17,1,8,0,0,0.40717738198445147,Low Engagement,Low Engagement
20,906.0,10600000.0,18,4,7,0,1,0.718394149883545,Low Engagement,High Engagement
24,443.0,2340000.0,13,6,5,0,1,0.5117857193670127,Low Engagement,High Engagement
28,2358.0,1310000.0,6,5,4,1,0,0.3752614153168716,High Engagement,Low Engagement
20,512.0,52000000.0,18,2,4,1,1,0.7563248780306446,High Engagement,High Engagement
26,1227.0,593000.0,23,5,2,1,0,0.3651886923617793,High Engagement,Low Engagement
24,761.0,3720000.0,13,4,5,1,1,0.5353383671263973,High Engagement,High Engagement
25,1467.0,251000.0,8,3,4,0,0,0.3004214483638833,Low Engagement,Low Engagement
29,2121.0,252000.0,23,6,5,0,0,0.1605724136601881,Low Engagement,Low Engagement
24,361.0,10100000.0,16,6,5,1,1,0.8224511476855798,High Engagement,High Engagement
23,758.0,7150000.0,20,4,3,1,1,0.7492302874442284,High Engagement,High Engagement
20,1246.0,24300000.0,20,4,6,1,1,0.7029527680559505,High Engagement,High Engagement
20,610.0,4840000.0,17,1,6,0,1,0.5900475981166584,Low Engagement,High Engagement
26,308.0,1980000.0,10,1,4,0,0,0.43821760876346455,Low Engagement,Low Engagement
27,472.0,5700000.0,14,2,9,1,1,0.6531916099587072,High Engagement,High Engagement
27,1811.0,1790000.0,18,0,3,0,0,0.4018129374871917,Low Engagement,Low Engagement
10,512.0,3060000.0,14,1,7,0,0,0.46448079848590973,Low Engagement,Low Engagement
23,1293.0,7900000.0,16,5,2,1,1,0.7793736120720958,High Engagement,High Engagement
24,564.0,10600000.0,14,6,10,1,1,0.7699573834122606,High Engagement,High Engagement
10,278.0,14800000.0,5,1,8,1,1,0.6990388318346484,High Engagement,High Engagement
27,874.0,9900000.0,13,2,5,1,1,0.7168578645300181,High Engagement,High Engagement
22,4015.0,2030000.0,17,6,7,0,0,0.47068405111853434,Low Engagement,Low Engagement
26,1699.0,23900000.0,16,1,10,1,1,0.6881866355105773,High Engagement,High Engagement
22,277.0,43500.0,6,1,4,1,0,0.36352357017374565,High Engagement,Low Engagement
28,424.0,3690000.0,20,5,10,1,0,0.45321842317083516,High Engagement,Low Engagement
19,4290.0,15200.0,20,4,2,0,0,0.21179411092136427,Low Engagement,Low Engagement
19,1600.0,206000.0,14,5,11,0,0,0.16111520758115275,Low Engagement,Low Engagement
23,566.0,7150000.0,18,4,5,1,1,0.7367303438361131,High Engagement,High Engagement
24,522.0,296000.0,20,2,11,0,0,0.27309704897827713,Low Engagement,Low Engagement
20,342.0,292000.0,4,0,3,1,0,0.4089156742972252,High Engagement,Low Engagement
1,835.0,42400000.0,7,1,12,1,1,0.8011265875558845,High Engagement,High Engagement
29,1007.0,43900000.0,17,2,5,0,0,0.28681277141317363,Low Engagement,Low Engagement
26,565.0,215000.0,13,2,11,0,0,0.2307715464834089,Low Engagement,Low Engagement
22,668.0,53300.0,18,4,3,0,0,0.35647784430252155,Low Engagement,Low Engagement
25,596.0,10200000.0,14,6,6,0,0,0.44554135405573836,Low Engagement,Low Engagement
20,827.0,13900000.0,0,2,2,1,1,0.7003286236672275,High Engagement,High Engagement
15,1328.0,61500.0,0,1,3,0,0,0.19548674158085486,Low Engagement,Low Engagement
29,285.0,43400.0,15,5,6,1,0,0.21099354039876828,High Engagement,Low Engagement
28,1356.0,4870000.0,12,2,3,1,1,0.564727651434575,High Engagement,High Engagement
27,1082.0,43900000.0,0,1,9,1,1,0.7329683209596953,High Engagement,High Engagement
28,958.0,22000000.0,12,0,2,1,1,0.7282251883526036,High Engagement,High Engagement
24,658.0,113000.0,14,4,7,0,0,0.32231563910983724,Low Engagement,Low Engagement
2,1249.0,22000000.0,16,0,8,1,1,0.6630288771541837,High Engagement,High Engagement
20,1177.0,24300000.0,19,3,3,1,1,0.760423055161533,High Engagement,High Engagement
24,43.0,21800000.0,17,4,11,1,1,0.5750754575584142,High Engagement,High Engagement
17,983.0,61700000.0,14,5,7,1,1,0.7311216489085699,High Engagement,High Engagement
17,663.0,24600000.0,16,3,9,0,1,0.6788984262543079,Low Engagement,High Engagement
27,772.0,15300000.0,19,1,9,1,1,0.7523730426700564,High Engagement,High Engagement
23,1487.0,7160000.0,19,4,9,1,1,0.7684648450148999,High Engagement,High Engagement
27,1298.0,561000.0,20,3,7,0,0,0.3596540521712343,Low Engagement,Low Engagement
24,1134.0,2540000.0,15,6,8,0,1,0.5154552421054871,Low Engagement,High Engagement
28,729.0,26900000.0,16,0,7,0,1,0.7205992620442281,Low Engagement,High Engagement
28,398.0,26900000.0,18,3,1,1,1,0.7213311487215266,High Engagement,High Engagement
26,750.0,1420.0,19,4,9,0,0,0.31781090080748614,Low Engagement,Low Engagement
29,339.0,47800.0,19,2,12,0,0,0.20545579751428727,Low Engagement,Low Engagement
20,1310.0,115000.0,7,3,10,1,0,0.27201673199953685,High Engagement,Low Engagement
26,757.0,2620000.0,19,0,12,1,0,0.42464749671153273,High Engagement,Low Engagement
29,3028.0,36900.0,17,1,1,1,0,0.1296260395430116,High Engagement,Low Engagement
1,491.0,847000.0,14,6,11,0,0,0.4001558476715105,Low Engagement,Low Engagement
25,1105.0,9260000.0,16,6,4,0,0,0.4781845952756261,Low Engagement,Low Engagement
29,3984.0,2960000.0,19,6,12,0,0,0.2398269423776953,Low Engagement,Low Engagement
22,1527.0,4510000.0,11,0,12,1,0,0.4559852085507103,High Engagement,Low Engagement
28,683.0,3020000.0,14,2,11,1,0,0.37155958612287987,High Engagement,Low Engagement
28,298.0,26400.0,20,4,4,0,0,0.31676024333211455,Low Engagement,Low Engagement
24,1840.0,40100000.0,13,0,11,1,0,0.48063891057264896,High Engagement,Low Engagement
29,1778.0,451000.0,21,5,7,1,0,0.1594377899123445,High Engagement,Low Engagement
17,950.0,23900000.0,22,4,9,1,1,0.7541534673466925,High Engagement,High Engagement
28,567.0,1350000.0,14,4,9,1,0,0.37397048187518567,High Engagement,Low Engagement
28,723.0,3020000.0,14,4,12,1,0,0.4294668579618724,High Engagement,Low Engagement
27,602.0,2400000.0,7,6,11,0,0,0.32962773365963455,Low Engagement,Low Engagement
24,285.0,13000000.0,14,5,12,1,1,0.7371888436144601,High Engagement,High Engagement
22,311.0,123000.0,1,1,12,0,0,0.3601943967050591,Low Engagement,Low Engagement
27,1548.0,43900.0,18,1,6,0,0,0.31210286692547146,Low Engagement,Low Engagement
17,562.0,3490000.0,9,5,5,0,0,0.4630379831945,Low Engagement,Low Engagement
26,339.0,79000.0,13,3,10,0,0,0.34718647598321845,Low Engagement,Low Engagement
19,514.0,162000.0,17,3,12,0,0,0.16534695855562673,Low Engagement,Low Engagement
20,484.0,335000.0,14,3,4,0,0,0.35882770731279884,Low Engagement,Low Engagement
26,1089.0,6120000.0,17,2,3,0,1,0.663807137070878,Low Engagement,High Engagement
22,976.0,319000.0,23,3,1,0,0,0.3786100585230974,Low Engagement,Low Engagement
27,858.0,4860000.0,18,1,4,1,1,0.643913999036991,High Engagement,High Engagement
22,387.0,1280.0,2,2,6,0,0,0.3384344032705444,Low Engagement,Low Engagement
24,3386.0,5870000.0,18,4,6,1,1,0.6704503802705294,High Engagement,High Engagement
27,620.0,3290000.0,15,2,1,1,0,0.45265313169191607,High Engagement,Low Engagement
20,2610.0,2700000.0,22,6,9,0,0,0.4395748918308816,Low Engagement,Low Engagement
20,698.0,8480000.0,15,5,10,0,1,0.6900936657569687,Low Engagement,High Engagement
23,728.0,43300.0,0,2,11,0,0,0.27132834569454195,Low Engagement,Low Engagement
20,755.0,381000.0,22,3,11,0,0,0.22432843851768303,Low Engagement,Low Engagement
23,404.0,4510000.0,12,6,5,0,1,0.6465673836851826,Low Engagement,High Engagement
27,502.0,1810000.0,11,3,1,0,0,0.41724903665617036,Low Engagement,Low Engagement
28,3022.0,172000.0,19,4,4,1,0,0.2925901526244849,High Engagement,Low Engagement
29,636.0,213000.0,17,3,5,0,0,0.19659281585527258,Low Engagement,Low Engagement
25,2869.0,11700000.0,18,6,10,0,0,0.4057925240128984,Low Engagement,Low Engagement
26,995.0,6120000.0,17,3,9,1,1,0.6411153963578169,High Engagement,High Engagement
24,339.0,2280.0,21,5,10,0,0,0.3357738407638146,Low Engagement,Low Engagement
27,5247.0,6270000.0,17,4,11,0,0,0.42108723444274015,Low Engagement,Low Engagement
15,828.0,3250000.0,17,2,12,1,0,0.4237917332524903,High Engagement,Low Engagement
27,605.0,1290000.0,19,4,3,0,0,0.41476956263335024,Low Engagement,Low Engagement
22,1252.0,338000.0,6,6,2,1,0,0.31573993677375056,High Engagement,Low Engagement
23,1187.0,7150000.0,17,4,11,1,1,0.5975900942856087,High Engagement,High Engagement
27,1141.0,408000.0,15,6,8,1,0,0.3473041292673224,High Engagement,Low Engagement
29,2513.0,1450000.0,5,5,11,0,0,0.13008568554185987,Low Engagement,Low Engagement
23,900.0,450.0,22,6,8,0,0,0.41020795243244895,Low Engagement,Low Engagement
10,474.0,307000000.0,13,4,11,0,0,0.4178566272926576,Low Engagement,Low Engagement
27,484.0,7880000.0,14,6,9,1,1,0.7374062330549602,High Engagement,High Engagement
28,353.0,4210000.0,23,3,1,0,0,0.49960612262991383,Low Engagement,Low Engagement
28,325.0,3690000.0,21,5,5,0,0,0.4538760550016653,Low Engagement,Low Engagement
23,858.0,2560000.0,16,4,6,1,1,0.5788120614939601,High Engagement,High Engagement
24,1118.0,6630000.0,20,5,3,0,1,0.7785685206906288,Low Engagement,High Engagement
20,927.0,15300000.0,19,2,4,1,1,0.7518568322566634,High Engagement,High Engagement
23,265.0,4510000.0,16,4,12,1,1,0.5932812530892413,High Engagement,High Engagement
24,608.0,17500000.0,0,5,2,1,1,0.8186248673192726,High Engagement,High Engagement
27,399.0,7880000.0,20,6,5,1,1,0.7171120359855547,High Engagement,High Engagement
15,255.0,3350000.0,16,4,1,1,0,0.48208796058787895,High Engagement,Low Engagement
29,1130.0,714000.0,1,5,7,0,0,0.2181963259975891,Low Engagement,Low Engagement
24,1335.0,1140000.0,5,1,12,0,0,0.35109439407097187,Low Engagement,Low Engagement
29,1246.0,84800.0,14,1,7,0,0,0.1409222981238114,Low Engagement,Low Engagement
24,332.0,42800000.0,15,0,8,1,1,0.8011409480100015,High Engagement,High Engagement
26,723.0,5540000.0,17,5,7,1,1,0.6993207236567893,High Engagement,High Engagement
29,1698.0,3750000.0,13,0,12,1,0,0.21690687515156867,High Engagement,Low Engagement
29,887.0,43900000.0,15,1,2,1,0,0.2756134830936405,High Engagement,Low Engagement
15,2992.0,1880000.0,16,6,1,1,0,0.3097153170512511,High Engagement,Low Engagement
28,3510.0,1960000.0,20,4,10,0,0,0.4181926902001831,Low Engagement,Low Engagement
2,4604.0,2130000.0,21,2,12,0,0,0.41636467983327685,Low Engagement,Low Engagement
27,651.0,15300000.0,20,4,6,1,1,0.7605432716523958,High Engagement,High Engagement
28,969.0,2390000.0,23,5,6,0,0,0.4103530561966492,Low Engagement,Low Engagement
28,2137.0,7090000.0,15,3,1,1,1,0.556325379353455,High Engagement,High Engagement
26,663.0,2230000.0,13,5,9,0,0,0.44936709859818613,Low Engagement,Low Engagement
26,624.0,2620000.0,18,0,8,0,0,0.45750805944459133,Low Engagement,Low Engagement
20,484.0,1690000.0,15,1,6,1,0,0.43486444716290273,High Engagement,Low Engagement
27,853.0,2730000.0,15,2,11,0,0,0.3745339146148271,Low Engagement,Low Engagement
17,297.0,61700000.0,0,4,3,1,1,0.6743323522152443,High Engagement,High Engagement
28,546.0,1470000.0,17,2,12,0,0,0.3631790629792499,Low Engagement,Low Engagement
29,315.0,38700.0,6,3,8,0,0,0.19086643231057449,Low Engagement,Low Engagement
24,602.0,4020000.0,11,5,7,0,0,0.4687600110048326,Low Engagement,Low Engagement
20,872.0,440000.0,11,6,8,0,0,0.3561150536181784,Low Engagement,Low Engagement
23,326.0,3400000.0,22,1,7,0,1,0.578526022340431,Low Engagement,High Engagement
23,2077.0,7900000.0,16,5,12,1,1,0.7632200403853586,High Engagement,High Engagement
26,1238.0,63800.0,14,2,9,1,0,0.2723627815946392,High Engagement,Low Engagement
10,264.0,3900000.0,22,0,6,1,1,0.5535247715966644,High Engagement,High Engagement
19,1152.0,34600.0,23,2,12,0,0,0.15296714538935718,Low Engagement,Low Engagement
15,250.0,14200000.0,9,4,5,1,1,0.6586533581422732,High Engagement,High Engagement
28,630.0,22000000.0,14,0,8,1,1,0.6611286314291276,High Engagement,High Engagement
1,704.0,14900000.0,16,6,7,1,1,0.8603125467228927,High Engagement,High Engagement
22,588.0,2350000.0,14,3,10,1,0,0.4585213956998164,High Engagement,Low Engagement
24,745.0,6980000.0,16,6,4,1,1,0.824935615649735,High Engagement,High Engagement
27,290.0,275000.0,20,1,8,0,0,0.3548681668294934,Low Engagement,Low Engagement
27,1175.0,3390000.0,0,4,4,1,0,0.4457840403895407,High Engagement,Low Engagement
23,413.0,13300000.0,13,4,4,0,1,0.6540437962433001,Low Engagement,High Engagement
28,2121.0,22000000.0,13,4,7,1,1,0.6892595738814556,High Engagement,High Engagement
28,57.0,71700000.0,16,3,8,1,1,0.7608677954921094,High Engagement,High Engagement
24,608.0,36300000.0,20,3,5,1,1,0.8414933420072475,High Engagement,High Engagement
26,325.0,33500.0,11,3,7,1,0,0.3467612961227538,High Engagement,Low Engagement
27,780.0,44000.0,17,5,4,1,0,0.3416497408593108,High Engagement,Low Engagement
15,268.0,14200000.0,16,3,5,1,1,0.6426417418502045,High Engagement,High Engagement
20,679.0,977000.0,11,5,10,0,0,0.4021961546500254,Low Engagement,Low Engagement
28,1156.0,7090000.0,15,3,11,0,0,0.4659395955596915,Low Engagement,Low Engagement
28,11166.0,7230000.0,12,0,8,1,1,0.5525466454975227,High Engagement,High Engagement
27,4775.0,52000.0,18,3,2,0,0,0.31274814905689313,Low Engagement,Low Engagement
24,620.0,7960000.0,14,3,4,1,1,0.7689004459039696,High Engagement,High Engagement
20,488.0,1230.0,22,5,1,0,0,0.34607104767263314,Low Engagement,Low Engagement
20,602.0,6630000.0,15,1,8,1,1,0.6341865940648231,High Engagement,High Engagement
23,434.0,5530000.0,15,3,11,1,1,0.6103182600805469,High Engagement,High Engagement
17,275.0,3490000.0,11,0,9,1,0,0.45469570528896525,High Engagement,Low Engagement
29,353.0,107000.0,17,0,11,0,0,0.12685380145412825,Low Engagement,Low Engagement
25,315.0,1420000.0,12,4,5,0,0,0.34186472324798517,Low Engagement,Low Engagement
28,250.0,79300.0,9,1,9,0,0,0.32829555628707957,Low Engagement,Low Engagement
22,977.0,1040000.0,14,5,5,0,0,0.42084819871001444,Low Engagement,Low Engagement
17,809.0,5340000.0,6,6,7,0,1,0.5525490947109056,Low Engagement,High Engagement
20,956.0,2590000.0,9,5,11,0,0,0.283434358440715,Low Engagement,Low Engagement
25,1988.0,4850000.0,15,1,5,0,0,0.41884385944320546,Low Engagement,Low Engagement
22,2137.0,1390000.0,4,2,4,1,0,0.3804010792413383,High Engagement,Low Engagement
27,339.0,3450000.0,9,0,10,1,0,0.4230979273358722,High Engagement,Low Engagement
20,904.0,25200000.0,16,3,7,1,1,0.7522802252663322,High Engagement,High Engagement
24,13292.0,29100.0,14,1,6,0,0,0.3209768988907429,Low Engagement,Low Engagement
28,282.0,21900000.0,11,5,9,0,1,0.7401444803971347,Low Engagement,High Engagement
24,705.0,351000.0,6,6,11,0,0,0.22188140113143126,Low Engagement,Low Engagement
22,618.0,489000.0,9,3,11,0,0,0.24181313334280186,Low Engagement,Low Engagement
24,714.0,27600.0,16,4,5,1,0,0.3749185503704069,High Engagement,Low Engagement
27,1187.0,4860000.0,18,1,6,1,1,0.6219248741476515,High Engagement,High Engagement
22,783.0,26300000.0,0,2,3,1,1,0.7674186355639238,High Engagement,High Engagement
22,598.0,96800.0,14,4,11,0,0,0.21429776295773684,Low Engagement,Low Engagement
17,539.0,12700000.0,12,4,5,1,1,0.6302959450003843,High Engagement,High Engagement
24,263.0,14400000.0,1,2,9,1,1,0.7497007361234493,High Engagement,High Engagement
1,289.0,1360000.0,11,3,8,1,1,0.7225646796444727,High Engagement,High Engagement
28,898.0,15400000.0,20,3,9,1,1,0.7766871040053548,High Engagement,High Engagement
25,2917.0,2230000.0,10,0,9,1,0,0.3346500547479554,High Engagement,Low Engagement
23,1280.0,13300000.0,13,6,7,0,1,0.7533539683333252,Low Engagement,High Engagement
22,4605.0,3760000.0,2,0,11,0,0,0.3782766027176996,Low Engagement,Low Engagement
2,3644.0,573000.0,17,4,1,0,0,0.33901242226862843,Low Engagement,Low Engagement
1,941.0,38500.0,16,6,2,1,0,0.45152185409952117,High Engagement,Low Engagement
19,1375.0,566000.0,13,4,4,0,0,0.2553410347370376,Low Engagement,Low Engagement
24,940.0,228000.0,14,5,8,0,0,0.3381856991020706,Low Engagement,Low Engagement
22,705.0,4870000.0,10,2,8,0,1,0.5793778501856895,Low Engagement,High Engagement
20,750.0,2010000.0,0,0,8,0,0,0.48316775086116176,Low Engagement,Low Engagement
27,501.0,26400.0,17,2,5,0,0,0.31118966276620424,Low Engagement,Low Engagement
26,1106.0,545000.0,17,3,1,0,0,0.37589944806779674,Low Engagement,Low Engagement
27,2482.0,225000.0,5,1,12,0,0,0.2917393535529787,Low Engagement,Low Engagement
20,635.0,4840000.0,0,6,2,1,1,0.6044442453036342,High Engagement,High Engagement
10,1353.0,1050000.0,14,4,6,1,0,0.469117292479863,High Engagement,Low Engagement
20,617.0,91700.0,10,4,6,0,0,0.3355716075119713,Low Engagement,Low Engagement
25,1074.0,9260000.0,13,4,3,1,0,0.42411188308394754,High Engagement,Low Engagement
24,495.0,525000.0,18,1,11,0,0,0.2612830860558033,Low Engagement,Low Engagement
20,624.0,897000.0,12,4,8,0,0,0.41442162032055263,Low Engagement,Low Engagement
22,502.0,799000.0,7,1,11,0,0,0.2640330908051017,Low Engagement,Low Engagement
1,8722.0,38600000.0,14,4,5,1,1,0.7929488953240273,High Engagement,High Engagement
15,1286.0,44800.0,14,5,2,0,0,0.18359109503337834,Low Engagement,Low Engagement
1,524.0,2890000.0,13,6,9,1,1,0.7469411217125874,High Engagement,High Engagement
19,371.0,26900.0,11,2,10,0,0,0.22544592073765826,Low Engagement,Low Engagement
27,1869.0,2330000.0,12,4,6,0,0,0.4676825459094197,Low Engagement,Low Engagement
24,837.0,3080000.0,23,0,12,1,0,0.48699412198158415,High Engagement,Low Engagement
19,956.0,75400.0,22,5,2,0,0,0.19756507343714033,Low Engagement,Low Engagement
27,455.0,268000.0,13,1,5,0,0,0.33163897146729865,Low Engagement,Low Engagement
28,508.0,3150000.0,21,2,7,0,0,0.4369841472690868,Low Engagement,Low Engagement
20,878.0,302000.0,9,5,6,1,0,0.34644422143620524,High Engagement,Low Engagement
22,2810.0,1330000.0,15,5,2,0,0,0.4368469517022987,Low Engagement,Low Engagement
17,321.0,4770000.0,22,0,11,0,0,0.47871582983756544,Low Engagement,Low Engagement
28,488.0,671000.0,15,5,3,0,0,0.3984193404349426,Low Engagement,Low Engagement
23,1001.0,949000.0,23,1,11,0,0,0.32865555846598066,Low Engagement,Low Engagement
24,609.0,36300000.0,21,0,2,1,1,0.8154270516391111,High Engagement,High Engagement
2,1662.0,10700000.0,11,4,11,1,0,0.489467403739951,High Engagement,Low Engagement
20,1285.0,270000.0,23,1,1,0,0,0.31034817262422515,Low Engagement,Low Engagement
28,3801.0,4020000.0,10,3,3,1,0,0.4885614851043551,High Engagement,Low Engagement
25,533.0,821000.0,11,4,1,0,0,0.30552340319913157,Low Engagement,Low Engagement
24,313.0,284000.0,7,1,8,1,0,0.3652889069212656,High Engagement,Low Engagement
10,248.0,567000.0,2,2,2,1,0,0.49792081920536874,High Engagement,Low Engagement
28,687.0,2390000.0,13,5,8,0,0,0.43073110463829467,Low Engagement,Low Engagement
2,2380.0,5020000.0,16,3,12,1,1,0.553872234763011,High Engagement,High Engagement
22,477.0,71000.0,15,0,12,0,0,0.3209429978205921,Low Engagement,Low Engagement
28,745.0,929000.0,15,0,4,0,0,0.39074124342832584,Low Engagement,Low Engagement
22,574.0,7340000.0,10,4,1,0,1,0.6235536865785759,Low Engagement,High Engagement
27,643.0,474000.0,22,3,4,0,0,0.36716896402301225,Low Engagement,Low Engagement
26,673.0,44700000.0,3,3,4,1,1,0.739933734645997,High Engagement,High Engagement
27,313.0,22200000.0,15,0,4,1,1,0.7873919140955795,High Engagement,High Engagement
19,459.0,10300000.0,15,4,6,0,1,0.5712177303193081,Low Engagement,High Engagement
1,285.0,215000.0,23,5,6,1,1,0.5003881037995058,High Engagement,High Engagement
17,529.0,6300000.0,2,1,1,0,1,0.5895725227083409,Low Engagement,High Engagement
26,810.0,14200000.0,2,6,3,1,1,0.8083390367072808,High Engagement,High Engagement
10,855.0,7220000.0,15,4,3,0,1,0.6542316020624336,Low Engagement,High Engagement
22,1189.0,3360000.0,0,3,7,1,1,0.5055960478156207,High Engagement,High Engagement
28,4243.0,36600.0,16,1,3,0,0,0.3165802118025862,Low Engagement,Low Engagement
20,1152.0,2400000.0,20,2,12,0,0,0.42294205502262383,Low Engagement,Low Engagement
22,271.0,102000.0,7,6,9,0,0,0.37091179310948563,Low Engagement,Low Engagement
26,352.0,2490000.0,9,0,5,0,0,0.45024415291995934,Low Engagement,Low Engagement
20,6880.0,151000.0,22,1,11,0,0,0.19704112282928543,Low Engagement,Low Engagement
24,514.0,16900000.0,11,2,6,1,1,0.7524494717289217,High Engagement,High Engagement
28,572.0,16600000.0,22,0,3,1,1,0.7207546625479682,High Engagement,High Engagement
28,560.0,6900000.0,10,5,1,0,1,0.6090675291195858,Low Engagement,High Engagement
28,1828.0,76000.0,17,0,5,0,0,0.28633401672428876,Low Engagement,Low Engagement
22,323.0,333000.0,1,4,7,1,0,0.36658656713916843,High Engagement,Low Engagement
28,241.0,4060000.0,19,4,5,0,0,0.4303167182087776,Low Engagement,Low Engagement
23,388.0,13300000.0,14,2,2,0,1,0.6120047090007328,Low Engagement,High Engagement
26,438.0,910000.0,14,2,8,0,0,0.40751815688824083,Low Engagement,Low Engagement
28,897.0,2390000.0,13,6,1,0,0,0.416620366685053,Low Engagement,Low Engagement
23,7757.0,1090000.0,0,1,7,1,1,0.5714718036806118,High Engagement,High Engagement
1,502.0,48700000.0,16,3,5,1,1,0.8375940195089224,High Engagement,High Engagement
22,634.0,459000.0,16,4,9,0,0,0.3643689576654657,Low Engagement,Low Engagement
28,418.0,9770000.0,14,3,1,1,1,0.6436965843053251,High Engagement,High Engagement
26,637.0,10400000.0,14,6,7,1,1,0.8017263027692358,High Engagement,High Engagement
28,1664.0,1650000.0,21,0,10,0,0,0.35854916072596266,Low Engagement,Low Engagement
22,1038.0,1190000.0,18,3,12,1,0,0.4106131734541627,High Engagement,Low Engagement
20,491.0,6630000.0,20,1,8,1,1,0.6402413530539531,High Engagement,High Engagement
20,815.0,15300000.0,11,0,4,1,1,0.7635642731915181,High Engagement,High Engagement
28,2807.0,500000.0,20,1,10,1,0,0.3067522180310754,High Engagement,Low Engagement
23,976.0,7150000.0,17,3,4,1,1,0.7628960657418908,High Engagement,High Engagement
24,821.0,35100000.0,21,1,11,1,1,0.5908221021362253,High Engagement,High Engagement
28,440.0,3690000.0,18,5,3,1,0,0.4760283017702495,High Engagement,Low Engagement
20,894.0,30300000.0,0,4,12,1,1,0.736549948210292,High Engagement,High Engagement
27,1428.0,30100.0,6,6,10,0,0,0.26672847453609383,Low Engagement,Low Engagement
25,243.0,1420000.0,21,3,4,0,0,0.31078576530754215,Low Engagement,Low Engagement
22,557.0,4490000.0,14,0,11,0,0,0.43112246347265826,Low Engagement,Low Engagement
20,939.0,2220000.0,22,0,11,0,0,0.3168135535769588,Low Engagement,Low Engagement
25,2598.0,978000.0,23,4,2,1,0,0.3380950801826043,High Engagement,Low Engagement
28,904.0,16700000.0,16,2,7,1,1,0.7420013777958648,High Engagement,High Engagement
24,4535.0,472000.0,3,5,11,0,0,0.17245606715242212,Low Engagement,Low Engagement
20,518.0,2760000.0,23,2,7,0,0,0.47140805874248465,Low Engagement,Low Engagement
28,768.0,5000000.0,13,4,9,1,1,0.5583400463062628,High Engagement,High Engagement
10,857.0,3060000.0,15,3,7,0,0,0.47351546852650456,Low Engagement,Low Engagement
23,1015.0,14600000.0,14,4,6,1,1,0.7088028685359027,High Engagement,High Engagement
27,956.0,6470000.0,14,5,12,1,1,0.6773733459880551,High Engagement,High Engagement
17,245.0,13900000.0,10,2,6,0,1,0.5823242849529442,Low Engagement,High Engagement
25,2546.0,4440000.0,18,1,9,0,0,0.37940827747809885,Low Engagement,Low Engagement
24,420.0,12300.0,17,3,8,0,0,0.33079544588372056,Low Engagement,Low Engagement
1,1034.0,833000.0,7,5,2,1,1,0.6548662513702148,High Engagement,High Engagement
20,1154.0,179000.0,2,1,11,0,0,0.22939639223441763,Low Engagement,Low Engagement
17,951.0,687000.0,0,3,8,1,0,0.38729549361587473,High Engagement,Low Engagement
28,830.0,5710000.0,18,5,9,1,1,0.667549886539905,High Engagement,High Engagement
24,813.0,6980000.0,16,6,10,1,1,0.8064459678036193,High Engagement,High Engagement
17,1031.0,13700000.0,17,2,3,0,1,0.6189575868059581,Low Engagement,High Engagement
23,618.0,13300000.0,22,2,1,0,1,0.6672699672686095,Low Engagement,High Engagement
19,1444.0,111000.0,21,4,12,0,0,0.12894967388688114,Low Engagement,Low Engagement
1,68.0,108000000.0,8,2,11,0,0,0.24658973420917576,Low Engagement,Low Engagement
24,510.0,1890000.0,18,1,7,1,0,0.43854217778077725,High Engagement,Low Engagement
23,249.0,601000.0,17,5,12,0,0,0.39128351654628973,Low Engagement,Low Engagement
27,940.0,4640000.0,12,1,8,1,1,0.6073481726039609,High Engagement,High Engagement
15,891.0,1300000.0,11,5,7,0,0,0.3501653707434337,Low Engagement,Low Engagement
19,3160.0,54100.0,13,4,2,0,0,0.213448852548404,Low Engagement,Low Engagement
20,624.0,2340000.0,20,5,3,1,0,0.4754716920102942,High Engagement,Low Engagement
24,3441.0,432000.0,13,5,10,0,0,0.31975301745384493,Low Engagement,Low Engagement
24,524.0,10600000.0,16,6,9,1,1,0.827891686291744,High Engagement,High Engagement
1,1121.0,30300000.0,15,5,6,1,1,0.8650483278213498,High Engagement,High Engagement
25,1980.0,6450000.0,12,6,9,0,0,0.42144216381748373,Low Engagement,Low Engagement
2,2099.0,10900000.0,13,4,11,1,0,0.49141362453438264,High Engagement,Low Engagement
26,714.0,776000.0,16,5,1,0,0,0.4090206130671907,Low Engagement,Low Engagement
10,662.0,434000.0,1,3,8,0,0,0.44215810970183544,Low Engagement,Low Engagement
22,1241.0,3180.0,1,4,11,0,0,0.1719653405956345,Low Engagement,Low Engagement
20,715.0,2460000.0,11,4,6,0,0,0.44975916028965723,Low Engagement,Low Engagement
23,849.0,10500000.0,14,6,11,1,1,0.6204555978629313,High Engagement,High Engagement
22,913.0,5520000.0,18,6,8,1,1,0.7152368647336974,High Engagement,High Engagement
28,269.0,26900000.0,16,0,2,0,1,0.6951772485041511,Low Engagement,High Engagement
20,686.0,5180000.0,17,1,7,1,1,0.5966840095955117,High Engagement,High Engagement
25,405.0,9260000.0,1,2,1,0,0,0.38317959623156495,Low Engagement,Low Engagement
24,959.0,81300000.0,15,5,12,1,1,0.8081870515350951,High Engagement,High Engagement
22,240.0,251000.0,7,2,7,0,0,0.3666954072766231,Low Engagement,Low Engagement
20,868.0,19600000.0,20,2,1,1,1,0.7548724535886268,High Engagement,High Engagement
25,1520.0,3020000.0,22,5,6,0,0,0.3680689939766561,Low Engagement,Low Engagement
26,264.0,2070000.0,20,3,8,0,0,0.45194814475224765,Low Engagement,Low Engagement
10,243.0,62700000.0,4,2,12,1,1,0.7109333729301879,High Engagement,High Engagement
26,471.0,10400000.0,19,1,12,1,1,0.7457797863437119,High Engagement,High Engagement
17,2391.0,221000.0,16,2,2,0,0,0.33651500253289346,Low Engagement,Low Engagement
28,336.0,243000.0,22,1,7,0,0,0.3356350614163194,Low Engagement,Low Engagement
17,775.0,820000.0,15,0,9,0,0,0.40493746782287987,Low Engagement,Low Engagement
20,689.0,8180000.0,15,6,10,0,1,0.6846062840743353,Low Engagement,High Engagement
28,461.0,26900000.0,14,0,5,0,1,0.6374098671205657,Low Engagement,High Engagement
26,1310.0,1350000.0,14,4,8,0,0,0.36109245877922963,Low Engagement,Low Engagement
28,4931.0,1370000.0,17,3,8,0,0,0.377502076604917,Low Engagement,Low Engagement
26,1347.0,5800.0,23,3,10,0,0,0.2645647530984194,Low Engagement,Low Engagement
15,270.0,3740000.0,15,2,6,0,0,0.4254118833909336,Low Engagement,Low Engagement
24,1237.0,12000000.0,22,1,8,1,1,0.7028963841513197,High Engagement,High Engagement
17,2991.0,1490000.0,17,5,8,0,0,0.38680235079333397,Low Engagement,Low Engagement
22,662.0,1760000.0,15,4,6,1,0,0.4573242483661097,High Engagement,Low Engagement
20,1044.0,2010000.0,0,0,5,1,0,0.48298940407079916,High Engagement,Low Engagement
2,1904.0,271000.0,7,4,9,1,0,0.2994127044405509,High Engagement,Low Engagement
22,757.0,6300000.0,1,1,7,1,1,0.7072529947789902,High Engagement,High Engagement
20,1270.0,757000.0,12,4,10,0,0,0.3157599256077131,Low Engagement,Low Engagement
19,1020.0,69900.0,1,1,12,0,0,0.14878021169722552,Low Engagement,Low Engagement
24,608.0,21800000.0,16,3,9,1,1,0.8156064222996228,High Engagement,High Engagement
28,630.0,820000.0,21,2,12,0,0,0.3605212166675169,Low Engagement,Low Engagement
24,568.0,21800000.0,16,3,4,1,1,0.8203041874760705,High Engagement,High Engagement
17,303.0,3500000.0,11,0,7,0,0,0.45876239589303386,Low Engagement,Low Engagement
22,10670.0,784000.0,20,0,12,0,0,0.3041819370883698,Low Engagement,Low Engagement
20,1052.0,3170000.0,1,3,12,0,0,0.4541955436874006,Low Engagement,Low Engagement
28,823.0,26900000.0,15,1,7,0,1,0.7197745791977003,Low Engagement,High Engagement
25,280.0,6480000.0,16,2,4,0,0,0.39681133632289833,Low Engagement,Low Engagement
24,582.0,5820000.0,16,0,9,1,1,0.8062876409477615,High Engagement,High Engagement
20,689.0,10200000.0,15,0,10,1,1,0.6911517877788483,High Engagement,High Engagement
15,1842.0,996000.0,13,4,12,0,0,0.2596330332222849,Low Engagement,Low Engagement
20,1352.0,23300000.0,0,2,7,1,1,0.6880695949482426,High Engagement,High Engagement
1,296.0,2590000.0,5,3,6,1,1,0.7304356696384259,High Engagement,High Engagement
28,325.0,1750000.0,16,1,1,0,0,0.3828191839329304,Low Engagement,Low Engagement
20,717.0,10000000.0,14,4,10,1,1,0.6579392845120962,High Engagement,High Engagement
28,354.0,13200000.0,7,6,10,1,1,0.6899777030145161,High Engagement,High Engagement
20,1157.0,9810000.0,20,4,5,1,1,0.6986647331647408,High Engagement,High Engagement
23,400.0,9330.0,15,2,6,1,0,0.4413297312549652,High Engagement,Low Engagement
27,811.0,5130000.0,22,0,4,0,1,0.568826472912286,Low Engagement,High Engagement
28,661.0,1750000.0,14,6,10,0,0,0.3680194632020138,Low Engagement,Low Engagement
2,1620.0,1080000.0,4,0,10,0,0,0.34744048490628765,Low Engagement,Low Engagement
1,958.0,2950000.0,15,3,6,0,1,0.7405734441484167,Low Engagement,High Engagement
29,1027.0,43900000.0,18,1,7,0,0,0.28102425341185544,Low Engagement,Low Engagement
19,574.0,5160000.0,16,2,10,1,0,0.4335966223629115,High Engagement,Low Engagement
25,870.0,14600000.0,22,0,10,0,0,0.24552383068426575,Low Engagement,Low Engagement
29,5448.0,2950000.0,17,5,5,0,0,0.26086283157117085,Low Engagement,Low Engagement
17,3600.0,253000.0,12,2,5,1,0,0.313408738165817,High Engagement,Low Engagement
15,570.0,21800000.0,14,5,2,1,1,0.6231813338005875,High Engagement,High Engagement
23,323.0,1830000.0,20,5,1,1,1,0.5702846311112096,High Engagement,High Engagement
27,579.0,3830000.0,14,5,7,0,0,0.4970285827172708,Low Engagement,Low Engagement
2,1636.0,3920000.0,14,4,1,0,0,0.4481635973432417,Low Engagement,Low Engagement
28,861.0,20600000.0,17,3,7,1,1,0.7504619380019572,High Engagement,High Engagement
20,3595.0,143000.0,16,6,7,0,0,0.3043960448145614,Low Engagement,Low Engagement
22,346.0,8400.0,17,5,6,1,0,0.35147308942809835,High Engagement,Low Engagement
26,492.0,3110000.0,17,5,8,0,0,0.4710582996593029,Low Engagement,Low Engagement
28,461.0,258000.0,11,3,11,0,0,0.266242849132325,Low Engagement,Low Engagement
20,3573.0,2080000.0,1,6,3,1,1,0.5121499105216661,High Engagement,High Engagement
23,719.0,4710000.0,22,4,12,0,1,0.6391469372013714,Low Engagement,High Engagement
23,767.0,2560000.0,20,2,3,0,1,0.5710157151227953,Low Engagement,High Engagement
24,501.0,36300000.0,21,3,11,1,1,0.5941762052146132,High Engagement,High Engagement
27,683.0,1970000.0,12,6,11,0,0,0.3395124381049546,Low Engagement,Low Engagement
20,1042.0,499000.0,19,5,12,0,0,0.3461859224297844,Low Engagement,Low Engagement
10,5742.0,121000000.0,2,1,11,1,0,0.39083694978171757,High Engagement,Low Engagement
25,1346.0,6130000.0,4,0,12,0,0,0.28713934561291105,Low Engagement,Low Engagement
19,944.0,5160000.0,16,5,9,1,1,0.5024770395929928,High Engagement,High Engagement
28,1230.0,2740000.0,13,5,6,0,0,0.4676450283862486,Low Engagement,Low Engagement
26,820.0,3960000.0,16,5,5,0,0,0.4784641542778748,Low Engagement,Low Engagement
17,1235.0,111000000.0,15,6,12,1,1,0.6383463512427893,High Engagement,High Engagement
28,437.0,7090000.0,14,3,6,0,1,0.5221609452220527,Low Engagement,High Engagement
26,496.0,6970000.0,13,4,2,1,1,0.7016235969657196,High Engagement,High Engagement
25,692.0,10300000.0,15,5,5,1,1,0.5646972223980293,High Engagement,High Engagement
20,669.0,1820000.0,14,1,9,0,0,0.43728416825617256,Low Engagement,Low Engagement
27,927.0,14500000.0,14,6,4,1,1,0.7705581532920145,High Engagement,High Engagement
24,43.0,21800000.0,1,2,2,1,1,0.7745980084437933,High Engagement,High Engagement
15,388.0,139000.0,18,2,3,0,0,0.27441224196017117,Low Engagement,Low Engagement
20,2087.0,48700000.0,13,0,8,1,1,0.6745029177145778,High Engagement,High Engagement
25,735.0,10300000.0,15,6,5,1,1,0.5063650313424504,High Engagement,High Engagement
23,267.0,5790000.0,2,6,5,0,1,0.6778832183711431,Low Engagement,High Engagement
24,1578.0,10000000.0,13,3,1,1,1,0.6849647560557773,High Engagement,High Engagement
23,730.0,506000.0,13,2,11,0,0,0.30380229925979907,Low Engagement,Low Engagement
24,702.0,35100000.0,20,2,2,1,1,0.8286614640846843,High Engagement,High Engagement
24,672.0,11900000.0,19,3,5,1,1,0.7977002118648309,High Engagement,High Engagement
24,498.0,129000.0,6,5,8,0,0,0.3559233571974747,Low Engagement,Low Engagement
20,764.0,2010000.0,4,0,12,1,0,0.4258004904246292,High Engagement,Low Engagement
25,2516.0,2590000.0,10,1,8,1,0,0.3758440539784183,High Engagement,Low Engagement
24,689.0,4710000.0,2,6,12,0,1,0.6386272105215027,Low Engagement,High Engagement
28,1193.0,16600000.0,16,5,11,1,1,0.5948843509307373,High Engagement,High Engagement
20,708.0,15300000.0,23,6,12,1,1,0.7633345274045528,High Engagement,High Engagement
20,1028.0,2220000.0,18,5,10,0,0,0.44108717682572407,Low Engagement,Low Engagement
28,618.0,3020000.0,13,5,6,0,0,0.47427856817684205,Low Engagement,Low Engagement
28,479.0,7090000.0,19,1,9,0,1,0.5854829884518774,Low Engagement,High Engagement
27,543.0,16800000.0,22,0,2,1,1,0.733495297723185,High Engagement,High Engagement
28,590.0,752000.0,12,5,5,0,0,0.3733771243507472,Low Engagement,Low Engagement
24,568.0,35100000.0,20,6,8,1,1,0.8420292438042322,High Engagement,High Engagement
26,568.0,21300000.0,1,1,8,1,1,0.767976994009254,High Engagement,High Engagement
24,39.0,66200000.0,15,4,11,0,0,0.366436929796287,Low Engagement,Low Engagement
15,293.0,14200000.0,17,3,5,1,1,0.6012942998350065,High Engagement,High Engagement
20,701.0,4210000.0,18,4,10,0,1,0.5033001476518083,Low Engagement,High Engagement
20,1629.0,6440000.0,15,5,8,1,1,0.6324895903188344,High Engagement,High Engagement
23,623.0,4370000.0,18,3,4,1,1,0.6691391839228867,High Engagement,High Engagement
20,1022.0,3520000.0,8,1,11,0,0,0.30839556739590646,Low Engagement,Low Engagement
28,2881.0,991000.0,19,4,12,1,0,0.347876430581742,High Engagement,Low Engagement
23,1404.0,7900000.0,16,5,2,1,1,0.7834697682649351,High Engagement,High Engagement
22,959.0,12200.0,2,4,9,0,0,0.32912419427789175,Low Engagement,Low Engagement
1,588.0,14900000.0,19,3,10,1,1,0.8528374198554044,High Engagement,High Engagement
28,1083.0,5120000.0,19,3,2,1,1,0.5664132745678847,High Engagement,High Engagement
27,981.0,2930000.0,22,0,8,0,0,0.4011501489510124,Low Engagement,Low Engagement
24,417.0,1620000.0,19,1,11,0,0,0.26382694041316496,Low Engagement,Low Engagement
29,3304.0,2050000.0,19,0,8,1,0,0.23903182520117583,High Engagement,Low Engagement
29,1004.0,43900000.0,14,4,5,1,0,0.2896302566606529,High Engagement,Low Engagement
23,357.0,366000.0,2,5,6,1,0,0.46869362459063013,High Engagement,Low Engagement
22,2294.0,138000.0,23,0,10,1,0,0.26086322274490537,High Engagement,Low Engagement
25,662.0,4100000.0,17,3,12,0,0,0.28191751159622547,Low Engagement,Low Engagement
1,542.0,1610000.0,23,4,10,1,1,0.715911262572559,High Engagement,High Engagement
20,422.0,1610000.0,17,3,7,1,0,0.4196870943281778,High Engagement,Low Engagement
27,636.0,16800000.0,16,2,10,0,1,0.7488172886830149,Low Engagement,High Engagement
27,310.0,6610000.0,16,0,3,1,1,0.7301618276694019,High Engagement,High Engagement
28,427.0,13200000.0,9,2,6,1,1,0.6722807461906605,High Engagement,High Engagement
26,482.0,11900000.0,15,4,3,1,1,0.7666681227921768,High Engagement,High Engagement
27,1390.0,1580000.0,13,3,2,1,0,0.4007943021089871,High Engagement,Low Engagement
28,412.0,5710000.0,15,1,3,0,1,0.6024972046906928,Low Engagement,High Engagement
20,1120.0,1440000.0,17,1,9,1,0,0.40135131620278025,High Engagement,Low Engagement
23,428.0,13300000.0,14,2,1,0,1,0.6197827186215933,Low Engagement,High Engagement
24,629.0,2510000.0,23,5,1,0,1,0.5562492486734693,Low Engagement,High Engagement
20,1058.0,16900000.0,18,6,11,1,1,0.5600455712498135,High Engagement,High Engagement
15,241.0,14200000.0,18,2,9,1,1,0.5889648342799118,High Engagement,High Engagement
1,997.0,13400000.0,18,3,10,1,1,0.8678872511011699,High Engagement,High Engagement
28,249.0,4060000.0,19,2,3,0,0,0.41847006120514185,Low Engagement,Low Engagement
1,345.0,10500000.0,18,1,1,1,1,0.8437092609326937,High Engagement,High Engagement
24,3453.0,1830000.0,15,4,6,0,0,0.466583796846977,Low Engagement,Low Engagement
20,2640.0,2030000.0,18,2,7,0,0,0.4541504277320254,Low Engagement,Low Engagement
20,1175.0,15000000.0,17,4,6,1,1,0.7453056938177484,High Engagement,High Engagement
27,986.0,4860000.0,15,2,8,1,1,0.5943951524555864,High Engagement,High Engagement
22,682.0,1200000.0,21,6,10,0,0,0.4149650008116472,Low Engagement,Low Engagement
26,771.0,1240000.0,16,0,3,0,0,0.4302728614175439,Low Engagement,Low Engagement
25,308.0,701000.0,13,1,8,0,0,0.26785563547152497,Low Engagement,Low Engagement
17,258.0,5500000.0,23,4,12,0,1,0.5491341396752568,Low Engagement,High Engagement
1,1445.0,1420000.0,16,1,3,1,1,0.7459231989536796,High Engagement,High Engagement
2,861.0,10900000.0,5,0,10,1,1,0.6946139809150252,High Engagement,High Engagement
20,947.0,130000.0,20,5,11,0,0,0.2023572893581237,Low Engagement,Low Engagement
23,297.0,1830000.0,18,0,9,1,1,0.5762666885927105,High Engagement,High Engagement
24,647.0,6980000.0,17,4,7,1,1,0.7801003946166029,High Engagement,High Engagement
20,1040.0,947000.0,11,1,6,1,0,0.4032434777976549,High Engagement,Low Engagement
17,394.0,5340000.0,13,2,9,0,1,0.5146231246024274,Low Engagement,High Engagement
20,2097.0,220000.0,14,4,7,0,0,0.2893320730120326,Low Engagement,Low Engagement
22,892.0,8650000.0,16,6,2,1,1,0.7467856541987905,High Engagement,High Engagement
17,1191.0,6750000.0,11,3,1,1,1,0.5828835782863799,High Engagement,High Engagement
20,1040.0,3640000.0,20,3,12,0,0,0.44734811066072355,Low Engagement,Low Engagement
20,648.0,2010000.0,0,0,4,1,0,0.4926004245088786,High Engagement,Low Engagement
27,798.0,5130000.0,20,1,9,0,1,0.5695910916605681,Low Engagement,High Engagement
29,706.0,43900000.0,16,1,5,0,0,0.2960153423204035,Low Engagement,Low Engagement
28,51.0,71700000.0,21,5,2,1,1,0.7779744782535407,High Engagement,High Engagement
27,486.0,47200.0,15,4,8,0,0,0.3316310903044495,Low Engagement,Low Engagement
26,1664.0,1890000.0,19,3,12,1,0,0.40944516652781493,High Engagement,Low Engagement
27,1799.0,1230000.0,16,3,9,0,0,0.3859923596719465,Low Engagement,Low Engagement
24,791.0,7590000.0,16,1,7,1,1,0.7934695280890783,High Engagement,High Engagement
27,462.0,7000000.0,12,4,8,1,1,0.6731896723133619,High Engagement,High Engagement
28,510.0,1030000.0,17,1,9,1,0,0.36797769569990196,High Engagement,Low Engagement
22,700.0,1380000.0,18,1,11,1,0,0.25703076404129294,High Engagement,Low Engagement
24,1054.0,5820000.0,16,2,10,1,1,0.76647536498449,High Engagement,High Engagement
10,776.0,479000.0,15,6,9,0,0,0.44877941410842964,Low Engagement,Low Engagement
17,313.0,6240000.0,9,6,5,0,1,0.5586530734317668,Low Engagement,High Engagement
26,663.0,25900000.0,12,2,5,1,1,0.7807872566431245,High Engagement,High Engagement
22,651.0,381000.0,0,4,8,0,0,0.3591778766559248,Low Engagement,Low Engagement
10,315.0,812000.0,14,4,4,1,1,0.5557287679006307,High Engagement,High Engagement
15,2256.0,234000.0,17,6,2,0,0,0.2303457437828906,Low Engagement,Low Engagement
26,1279.0,1310000.0,15,1,1,0,0,0.3784786317632485,Low Engagement,Low Engagement
26,442.0,12500000.0,3,5,2,1,1,0.7446420999497789,High Engagement,High Engagement
20,590.0,67900.0,18,4,8,1,0,0.33928500026214214,High Engagement,Low Engagement
24,1002.0,22800000.0,19,5,9,1,1,0.8297545047371723,High Engagement,High Engagement
23,1106.0,13300000.0,13,0,10,1,1,0.6943238256606601,High Engagement,High Engagement
23,1609.0,5540000.0,20,1,12,1,1,0.7326460415633319,High Engagement,High Engagement
22,858.0,11000000.0,14,2,9,1,1,0.7211313104390357,High Engagement,High Engagement
27,621.0,15300000.0,1,3,7,1,1,0.7655151040103929,High Engagement,High Engagement
25,523.0,10300000.0,16,5,1,1,1,0.5108946924010802,High Engagement,High Engagement
15,264.0,1260000.0,16,1,1,1,0,0.3608952684014927,High Engagement,Low Engagement
27,1132.0,5120000.0,17,4,5,1,1,0.5918477278300612,High Engagement,High Engagement
20,775.0,9090.0,23,0,12,0,0,0.3052302048710678,Low Engagement,Low Engagement
17,1265.0,6940000.0,6,0,8,0,1,0.5238235238015985,Low Engagement,High Engagement
26,951.0,8190000.0,16,6,2,1,1,0.7685097275189895,High Engagement,High Engagement
26,333.0,1300000.0,16,1,6,1,0,0.4198811115061104,High Engagement,Low Engagement
20,1021.0,256000.0,17,3,6,0,0,0.35334236810065767,Low Engagement,Low Engagement
24,632.0,12100000.0,20,6,12,1,1,0.8183346333348961,High Engagement,High Engagement
28,3007.0,7090000.0,14,2,6,1,0,0.48385581617784396,High Engagement,Low Engagement
19,1384.0,447000.0,1,1,3,0,0,0.23009200723709072,Low Engagement,Low Engagement
26,1179.0,17200.0,17,6,12,0,0,0.32410575830237426,Low Engagement,Low Engagement
22,371.0,10500000.0,13,1,8,1,1,0.6981860504975596,High Engagement,High Engagement
29,241.0,1520000.0,12,4,12,0,0,0.28107823440719715,Low Engagement,Low Engagement
27,331.0,6970000.0,12,4,5,1,1,0.6810757185979307,High Engagement,High Engagement
24,431.0,10500000.0,17,3,3,1,1,0.800641050485977,High Engagement,High Engagement
20,716.0,60100.0,7,1,4,0,0,0.3506536665827899,Low Engagement,Low Engagement
20,967.0,6950000.0,18,3,11,0,0,0.45652672994446086,Low Engagement,Low Engagement
27,362.0,7880000.0,17,5,7,1,1,0.7249281325629578,High Engagement,High Engagement
24,625.0,7960000.0,15,0,7,1,1,0.7949657911800229,High Engagement,High Engagement
25,1081.0,6610000.0,21,0,4,0,0,0.3644201894770176,Low Engagement,Low Engagement
29,246.0,7800.0,14,3,7,0,0,0.18716958530213273,Low Engagement,Low Engagement
26,610.0,10400000.0,14,6,6,1,1,0.7990998828613608,High Engagement,High Engagement
28,1062.0,2040000.0,16,5,1,1,0,0.42788387770868924,High Engagement,Low Engagement
24,608.0,63600.0,12,4,3,0,0,0.37814569398868403,Low Engagement,Low Engagement
26,1102.0,192000.0,21,6,11,0,0,0.19129532729908022,Low Engagement,Low Engagement
27,503.0,1500000.0,23,3,9,0,0,0.4049436780007523,Low Engagement,Low Engagement
20,976.0,3640000.0,20,6,12,1,0,0.45352696432152667,High Engagement,Low Engagement
22,1183.0,107000.0,17,6,11,0,0,0.20181035639751335,Low Engagement,Low Engagement
20,1115.0,8890000.0,22,2,6,0,1,0.6583006450674777,Low Engagement,High Engagement
24,605.0,325000.0,16,6,5,0,0,0.3946806598889276,Low Engagement,Low Engagement
29,981.0,43900000.0,16,1,3,0,0,0.2803218236940557,Low Engagement,Low Engagement
20,7652.0,268000.0,6,6,6,0,0,0.3255232108943712,Low Engagement,Low Engagement
28,502.0,5120000.0,18,0,7,0,1,0.5372696756032016,Low Engagement,High Engagement
22,1617.0,1180000.0,12,2,10,0,0,0.33550698402900164,Low Engagement,Low Engagement
26,1426.0,3960000.0,1,6,3,0,1,0.5046601762429693,Low Engagement,High Engagement
22,1281.0,1190000.0,12,2,8,0,0,0.3471120099466523,Low Engagement,Low Engagement
19,422.0,6500000.0,16,4,7,0,1,0.5291649706211217,Low Engagement,High Engagement
17,388.0,14200000.0,16,2,10,0,1,0.5461638327737716,Low Engagement,High Engagement
23,682.0,18100000.0,12,5,11,0,1,0.5913693339478362,Low Engagement,High Engagement
20,2874.0,2960000.0,20,4,9,1,0,0.4475342668229095,High Engagement,Low Engagement
28,338.0,1750000.0,15,2,4,0,0,0.3810262675269775,Low Engagement,Low Engagement
23,604.0,912000.0,19,6,4,0,0,0.4879046111822246,Low Engagement,Low Engagement
22,837.0,9450000.0,18,5,10,1,1,0.7346784776941824,High Engagement,High Engagement
27,685.0,563000.0,18,0,2,0,0,0.3710608778126345,Low Engagement,Low Engagement
24,438.0,6610000.0,22,3,11,0,1,0.535805854152936,Low Engagement,High Engagement
15,825.0,2560000.0,19,5,8,0,0,0.397888989803235,Low Engagement,Low Engagement
17,583.0,1170000.0,13,6,6,0,0,0.41623084384252956,Low Engagement,Low Engagement
22,302.0,107000.0,18,1,6,1,0,0.37033467964240807,High Engagement,Low Engagement
25,789.0,2370000.0,10,0,11,0,0,0.2121686179020399,Low Engagement,Low Engagement
27,1790.0,13900000.0,2,3,11,1,1,0.500435225638545,High Engagement,High Engagement
17,2605.0,30200.0,19,6,11,0,0,0.188095043778807,Low Engagement,Low Engagement
24,367.0,88100.0,9,4,10,0,0,0.3365368869451408,Low Engagement,Low Engagement
24,1110.0,110000000.0,19,5,3,1,1,0.8247905267893177,High Engagement,High Engagement
22,359.0,1790000.0,18,1,12,1,0,0.4186439811630804,High Engagement,Low Engagement
27,2899.0,37600.0,0,6,12,0,0,0.26845765327497173,Low Engagement,Low Engagement
26,1920.0,135000.0,5,4,6,0,0,0.3117083648448283,Low Engagement,Low Engagement
17,992.0,53100000.0,13,2,1,1,1,0.6830334841040139,High Engagement,High Engagement
20,421.0,19600000.0,21,3,3,0,1,0.7350491177355767,Low Engagement,High Engagement
15,288.0,873000.0,9,4,3,0,0,0.40355106962297965,Low Engagement,Low Engagement
26,490.0,2680000.0,21,0,6,1,0,0.45421587495148147,High Engagement,Low Engagement
10,458.0,2850000.0,12,0,5,1,0,0.4818485206532923,High Engagement,Low Engagement
20,481.0,64800.0,20,5,11,0,0,0.23433991469827878,Low Engagement,Low Engagement
20,518.0,163000.0,19,6,10,0,0,0.3452302225503111,Low Engagement,Low Engagement
20,498.0,19500000.0,17,2,11,0,1,0.5564707920754653,Low Engagement,High Engagement
20,2469.0,16600000.0,21,4,7,1,1,0.684358659793365,High Engagement,High Engagement
24,876.0,7960000.0,15,6,5,1,1,0.8053977598590392,High Engagement,High Engagement
24,59.0,66200000.0,14,2,11,0,0,0.3396111698893787,Low Engagement,Low Engagement
23,621.0,5530000.0,17,2,12,1,1,0.6839563118516558,High Engagement,High Engagement
19,1296.0,158000.0,16,2,6,0,0,0.21791666103446483,Low Engagement,Low Engagement
24,1081.0,174000.0,4,5,3,0,0,0.37013166431000755,Low Engagement,Low Engagement
25,600.0,18900000.0,9,0,8,0,0,0.3823246892989059,Low Engagement,Low Engagement
10,4705.0,7940000.0,15,4,5,1,1,0.5996598343921641,High Engagement,High Engagement
28,560.0,3690000.0,17,4,11,0,0,0.37998242225319256,Low Engagement,Low Engagement
19,1628.0,213000.0,23,2,5,0,0,0.19647009251444764,Low Engagement,Low Engagement
29,1652.0,1210000.0,0,1,3,0,0,0.18771813706620127,Low Engagement,Low Engagement
19,3050.0,94900.0,16,3,12,0,0,0.13869662174561795,Low Engagement,Low Engagement
22,509.0,635000.0,12,4,6,0,0,0.4005690419149008,Low Engagement,Low Engagement
27,706.0,3390000.0,11,3,8,1,0,0.4394368989067061,High Engagement,Low Engagement
28,320.0,5710000.0,15,3,7,1,1,0.6163685220635156,High Engagement,High Engagement
20,4060.0,8230000.0,19,5,11,0,0,0.4132262782506827,Low Engagement,Low Engagement
26,1336.0,13400000.0,10,1,1,0,1,0.6428120289767263,Low Engagement,High Engagement
26,489.0,2710000.0,15,5,9,0,0,0.4770909906515462,Low Engagement,Low Engagement
28,67.0,71700000.0,16,3,5,1,1,0.7651016298367135,High Engagement,High Engagement
19,1207.0,3950000.0,13,3,8,0,0,0.41269719402160504,Low Engagement,Low Engagement
28,423.0,22000000.0,12,1,4,0,1,0.7257080573138261,Low Engagement,High Engagement
15,2710.0,1870000.0,21,3,4,0,0,0.26351034706799437,Low Engagement,Low Engagement
28,3371.0,1680000.0,17,3,2,1,0,0.3955199341848206,High Engagement,Low Engagement
24,802.0,12600000.0,17,3,12,1,1,0.785626460492485,High Engagement,High Engagement
28,269.0,4060000.0,17,0,8,0,0,0.4122724167034469,Low Engagement,Low Engagement
20,686.0,28300.0,16,6,11,0,0,0.19609616819992834,Low Engagement,Low Engagement
1,500.0,1870000.0,9,3,9,1,1,0.7227421723733838,High Engagement,High Engagement
26,1064.0,15100000.0,16,1,11,0,1,0.6237053293402572,Low Engagement,High Engagement
28,464.0,15400000.0,8,5,10,1,1,0.7339850626647662,High Engagement,High Engagement
24,272.0,2440000.0,0,1,11,0,0,0.4036499410629074,Low Engagement,Low Engagement
25,286.0,9000000.0,18,3,11,0,0,0.3222082340045575,Low Engagement,Low Engagement
27,1104.0,6880.0,9,6,10,0,0,0.3058143232987751,Low Engagement,Low Engagement
26,440.0,182000.0,10,0,2,1,0,0.33536619352170693,High Engagement,Low Engagement
1,7721.0,2940000.0,14,4,6,1,1,0.7447580387111327,High Engagement,High Engagement
24,372.0,36300000.0,18,6,4,1,1,0.8299113634875217,High Engagement,High Engagement
22,1126.0,2060000.0,21,6,11,0,0,0.33380176707498027,Low Engagement,Low Engagement
22,890.0,2410000.0,14,5,7,0,0,0.4891058253268292,Low Engagement,Low Engagement
17,569.0,15400000.0,0,5,7,1,1,0.6618932399243691,High Engagement,High Engagement
24,1149.0,6980000.0,17,5,2,1,1,0.7999335128165477,High Engagement,High Engagement
27,1381.0,1470000.0,5,1,9,0,0,0.3792713799466785,Low Engagement,Low Engagement
24,2309.0,7500000.0,3,6,9,1,1,0.6602958454147365,High Engagement,High Engagement
15,259.0,14200000.0,14,5,10,0,1,0.6107607253532534,Low Engagement,High Engagement
24,5181.0,82000000.0,13,3,11,1,0,0.37579283137107855,High Engagement,Low Engagement
22,625.0,609000.0,15,0,2,0,0,0.40063377549207857,Low Engagement,Low Engagement
22,1345.0,2220000.0,22,1,11,0,0,0.3164741338418172,Low Engagement,Low Engagement
24,880.0,6610000.0,21,0,3,0,1,0.7518046581465019,Low Engagement,High Engagement
15,12104.0,14200000.0,16,2,11,0,0,0.4398753254174712,Low Engagement,Low Engagement
23,320.0,1170000.0,11,1,3,1,0,0.4794489503959639,High Engagement,Low Engagement
22,718.0,26900000.0,17,2,5,1,1,0.7488811664254087,High Engagement,High Engagement
25,776.0,3900000.0,1,0,1,0,0,0.33555794046314913,Low Engagement,Low Engagement
1,521.0,79500.0,17,0,11,0,0,0.2625523845772494,Low Engagement,Low Engagement
27,317.0,3480000.0,22,1,2,0,0,0.41827789333593196,Low Engagement,Low Engagement
23,314.0,10700000.0,7,1,7,1,1,0.6723715510045299,High Engagement,High Engagement
22,792.0,21200.0,9,3,10,0,0,0.3274570670336489,Low Engagement,Low Engagement
27,1022.0,1290000.0,16,4,8,0,0,0.39294787249531393,Low Engagement,Low Engagement
28,562.0,2540000.0,16,4,10,0,0,0.412283588415482,Low Engagement,Low Engagement
26,449.0,1310000.0,14,3,8,0,0,0.4128408452494722,Low Engagement,Low Engagement
27,908.0,1000000.0,1,0,9,1,0,0.39128586100468077,High Engagement,Low Engagement
24,1002.0,10200000.0,19,5,3,0,1,0.8033010938799761,Low Engagement,High Engagement
28,7788.0,4880000.0,19,6,7,1,1,0.553124932636369,High Engagement,High Engagement
28,1851.0,178000.0,20,3,5,0,0,0.2948752181284658,Low Engagement,Low Engagement
27,3148.0,5780000.0,22,1,3,1,1,0.6130203471066509,High Engagement,High Engagement
23,242.0,949000.0,17,1,3,0,0,0.37955204232680956,Low Engagement,Low Engagement
19,3768.0,133000.0,11,5,12,0,0,0.13224096149636103,Low Engagement,Low Engagement
27,900.0,15300000.0,14,0,12,1,1,0.7380924738239603,High Engagement,High Engagement
22,4170.0,30400.0,16,6,11,0,0,0.15287470266180744,Low Engagement,Low Engagement
27,471.0,1470000.0,12,0,6,0,0,0.3944266218287283,Low Engagement,Low Engagement
28,289.0,5930000.0,17,3,11,0,1,0.527176033288984,Low Engagement,High Engagement
26,541.0,8550000.0,14,4,8,1,1,0.7381151885972599,High Engagement,High Engagement
17,1199.0,1550000.0,12,3,7,1,0,0.41945532688572723,High Engagement,Low Engagement
19,628.0,1010000.0,8,3,12,0,0,0.23934180987819537,Low Engagement,Low Engagement
24,269.0,15000000.0,21,5,2,1,1,0.7912210400966181,High Engagement,High Engagement
25,2669.0,372000.0,6,5,7,1,0,0.26828146655512936,High Engagement,Low Engagement
15,387.0,17900000.0,17,5,12,1,1,0.6496474427096014,High Engagement,High Engagement
20,988.0,3640000.0,19,4,9,0,0,0.4418906172595866,Low Engagement,Low Engagement
19,452.0,449000.0,21,0,4,0,0,0.24810078426106785,Low Engagement,Low Engagement
22,4680.0,617000.0,15,6,6,1,0,0.38295652121290685,High Engagement,Low Engagement
20,396.0,110000000.0,16,5,11,1,0,0.49032512476629003,High Engagement,Low Engagement
27,586.0,4630000.0,12,1,2,1,1,0.6202498079199248,High Engagement,High Engagement
19,855.0,2250000.0,13,5,4,0,0,0.356350312639976,Low Engagement,Low Engagement
26,268.0,1320000.0,19,3,11,0,0,0.3181038110746334,Low Engagement,Low Engagement
1,440.0,8490.0,21,3,9,0,0,0.44619196438881253,Low Engagement,Low Engagement
23,889.0,7150000.0,18,4,11,1,1,0.6173802224699605,High Engagement,High Engagement
20,741.0,23600000.0,20,0,3,1,1,0.7676115143824194,High Engagement,High Engagement
27,2248.0,108000.0,19,1,7,0,0,0.3092079049584754,Low Engagement,Low Engagement
28,769.0,22000000.0,9,5,6,1,1,0.750353362556134,High Engagement,High Engagement
23,506.0,18400000.0,13,1,1,1,1,0.6734146382459905,High Engagement,High Engagement
29,659.0,8280.0,22,1,3,1,0,0.18054863296860107,High Engagement,Low Engagement
26,493.0,1980000.0,15,5,1,0,0,0.46039854116855233,Low Engagement,Low Engagement
19,1410.0,257000.0,22,6,8,0,0,0.19937213634968193,Low Engagement,Low Engagement
20,688.0,2400000.0,19,3,10,1,0,0.4231529880568192,High Engagement,Low Engagement
28,1220.0,21900000.0,1,5,11,1,1,0.5421371956627107,High Engagement,High Engagement
24,988.0,13400000.0,19,4,2,1,1,0.7959541988922707,High Engagement,High Engagement
28,479.0,1210000.0,18,5,6,0,0,0.38994645632280334,Low Engagement,Low Engagement
27,802.0,8320000.0,5,5,10,1,1,0.6881272398953978,High Engagement,High Engagement
20,891.0,72000.0,9,4,8,0,0,0.3274363690898905,Low Engagement,Low Engagement
15,273.0,17900000.0,16,3,9,0,1,0.6541756623505376,Low Engagement,High Engagement
26,827.0,14200000.0,17,6,9,1,1,0.7984016451080048,High Engagement,High Engagement
27,482.0,223000.0,4,3,2,0,0,0.36193679793650346,Low Engagement,Low Engagement
24,629.0,5820000.0,17,0,12,1,1,0.7668362323407395,High Engagement,High Engagement
15,897.0,14200000.0,18,5,1,0,1,0.6211900300690745,Low Engagement,High Engagement
20,293.0,5650000.0,12,4,3,1,1,0.638806979917199,High Engagement,High Engagement
20,1026.0,873000.0,6,2,6,0,0,0.39136730552707205,Low Engagement,Low Engagement
17,608.0,217000.0,17,0,11,1,0,0.24698782291202784,High Engagement,Low Engagement
20,1631.0,2960000.0,17,5,10,0,0,0.44702382421493175,Low Engagement,Low Engagement
24,942.0,2750000.0,11,5,6,0,0,0.48371567883178007,Low Engagement,Low Engagement
15,552.0,134000.0,5,4,9,0,0,0.23883248679691638,Low Engagement,Low Engagement
15,973.0,372000.0,19,3,10,0,0,0.2820062434819809,Low Engagement,Low Engagement
25,383.0,10300000.0,17,4,7,1,0,0.440402734398967,High Engagement,Low Engagement
10,1052.0,1330000.0,17,2,4,1,0,0.4574974987259631,High Engagement,Low Engagement
17,526.0,199000.0,10,6,9,1,0,0.35647600284363135,High Engagement,Low Engagement
24,313.0,16400000.0,19,1,10,1,1,0.7957683777192802,High Engagement,High Engagement
29,2399.0,488000.0,15,0,9,1,0,0.18586756383778444,High Engagement,Low Engagement
15,1488.0,279000.0,16,4,1,1,0,0.19336123635483893,High Engagement,Low Engagement
27,3644.0,515000.0,3,2,11,0,0,0.21734917001958867,Low Engagement,Low Engagement
20,1039.0,2420000.0,20,0,9,0,0,0.4447462518560955,Low Engagement,Low Engagement
28,1455.0,1630000.0,11,3,7,1,0,0.3900518769709757,High Engagement,Low Engagement
27,326.0,22200000.0,15,1,10,1,1,0.760112359757081,High Engagement,High Engagement
22,931.0,5720000.0,20,4,12,1,1,0.7265608603540005,High Engagement,High Engagement
24,1540.0,22800000.0,18,6,10,1,1,0.7508862637868654,High Engagement,High Engagement
15,590.0,1250000.0,14,4,10,1,0,0.3368363957993016,High Engagement,Low Engagement
20,634.0,2010000.0,4,1,12,0,0,0.4396677170015274,Low Engagement,Low Engagement
27,245.0,4410000.0,12,5,1,1,1,0.5709597315285435,High Engagement,High Engagement
22,602.0,13200000.0,7,2,2,1,1,0.732855669774959,High Engagement,High Engagement
2,934.0,10700000.0,10,1,8,1,1,0.6964967080380765,High Engagement,High Engagement
26,689.0,1130000.0,18,6,9,0,0,0.424073481346374,Low Engagement,Low Engagement
28,1637.0,783000.0,17,2,10,1,0,0.33179212777628153,High Engagement,Low Engagement
24,1409.0,2260.0,17,3,1,0,0,0.302399950782219,Low Engagement,Low Engagement
28,1440.0,13700000.0,9,2,3,1,1,0.6442607306425487,High Engagement,High Engagement
27,622.0,15300000.0,1,2,4,1,1,0.7530141645231043,High Engagement,High Engagement
23,465.0,15600000.0,22,2,3,1,1,0.6833281555972532,High Engagement,High Engagement
20,4425.0,8260000.0,19,5,10,0,1,0.5648469286823883,Low Engagement,High Engagement
28,262.0,4060000.0,18,4,2,0,0,0.41863459273492465,Low Engagement,Low Engagement
19,2257.0,34600.0,0,5,11,0,0,0.1543990888473745,Low Engagement,Low Engagement
26,662.0,10400000.0,14,6,8,1,1,0.8026398836753105,High Engagement,High Engagement
23,267.0,749000.0,1,1,1,1,0,0.404541149361667,High Engagement,Low Engagement
23,857.0,81700.0,3,5,8,0,0,0.4307559905310817,Low Engagement,Low Engagement
25,816.0,4090000.0,17,4,11,1,0,0.23872974502913788,High Engagement,Low Engagement
29,282.0,57400.0,13,0,6,0,0,0.196196072953266,Low Engagement,Low Engagement
26,437.0,1000000.0,17,6,1,1,0,0.4227010973418477,High Engagement,Low Engagement
17,5789.0,23700000.0,1,2,4,1,1,0.5682622080934512,High Engagement,High Engagement
20,746.0,7770000.0,17,3,5,1,1,0.6806454662862456,High Engagement,High Engagement
26,1458.0,7950000.0,17,3,10,0,1,0.6193462180041365,Low Engagement,High Engagement
22,369.0,4120000.0,9,1,2,1,1,0.5097264874706314,High Engagement,High Engagement
25,5938.0,11600000.0,5,1,9,1,0,0.4330418318748494,High Engagement,Low Engagement
26,644.0,25900000.0,12,4,1,1,1,0.7876210528453244,High Engagement,High Engagement
10,307.0,50600.0,16,6,11,1,0,0.48630039045038814,High Engagement,Low Engagement
27,1687.0,4780000.0,13,4,5,1,1,0.5969051112005701,High Engagement,High Engagement
25,1160.0,6610000.0,22,0,9,0,0,0.29889548989857156,Low Engagement,Low Engagement
20,751.0,211000.0,14,6,6,1,0,0.35110586926554826,High Engagement,Low Engagement
25,442.0,3700000.0,14,4,7,0,0,0.3062768529643451,Low Engagement,Low Engagement
17,332.0,5340000.0,8,6,1,0,1,0.5336793731764423,Low Engagement,High Engagement
27,310.0,2250.0,16,2,11,0,0,0.2641139372809645,Low Engagement,Low Engagement
24,554.0,5070000.0,17,2,3,1,1,0.6889920810127974,High Engagement,High Engagement
22,2160.0,24600.0,13,2,1,0,0,0.29816222524459307,Low Engagement,Low Engagement
28,572.0,22000000.0,10,6,8,1,1,0.7178000936847546,High Engagement,High Engagement
20,983.0,37400.0,14,6,11,0,0,0.17914374480554682,Low Engagement,Low Engagement
28,3382.0,29000.0,13,2,5,0,0,0.2835345400061692,Low Engagement,Low Engagement
27,468.0,9230000.0,11,1,2,0,1,0.6946834281349892,Low Engagement,High Engagement
17,3117.0,136000.0,8,4,5,1,0,0.3194291701646342,High Engagement,Low Engagement
24,823.0,6150000.0,21,2,3,1,1,0.7450923757583742,High Engagement,High Engagement
24,1510.0,21800000.0,15,3,7,1,1,0.7833597237524454,High Engagement,High Engagement
27,931.0,5130000.0,22,4,7,1,1,0.5445833460391499,High Engagement,High Engagement
23,336.0,20800000.0,3,3,7,1,1,0.6581070747378726,High Engagement,High Engagement
24,1698.0,2840000.0,22,1,7,1,0,0.49182946240561526,High Engagement,Low Engagement
10,262.0,121000000.0,11,1,11,1,0,0.41165812712368394,High Engagement,Low Engagement
24,302.0,13000000.0,9,0,9,1,1,0.7605898755607243,High Engagement,High Engagement
24,978.0,34600000.0,14,4,12,1,1,0.7497702771522153,High Engagement,High Engagement
17,744.0,13700000.0,18,0,8,1,1,0.6446334211102384,High Engagement,High Engagement
24,799.0,1450000.0,10,5,4,0,0,0.44334219677507064,Low Engagement,Low Engagement
15,659.0,247000.0,12,4,3,0,0,0.27810616667457744,Low Engagement,Low Engagement
15,1052.0,3240000.0,11,3,6,0,0,0.4823809910263827,Low Engagement,Low Engagement
17,1508.0,1280000.0,19,0,12,0,0,0.3028400473662186,Low Engagement,Low Engagement
27,1836.0,1110000.0,19,0,11,0,0,0.21591192783241367,Low Engagement,Low Engagement
24,12703.0,34900000.0,14,0,12,0,1,0.616702448534832,Low Engagement,High Engagement
24,1154.0,6610000.0,22,2,12,0,1,0.6897138893796064,Low Engagement,High Engagement
17,604.0,3610000.0,13,0,12,1,0,0.41002957431575554,High Engagement,Low Engagement
29,873.0,1090000.0,9,4,5,0,0,0.2093045415092722,Low Engagement,Low Engagement
23,588.0,25000000.0,10,3,11,1,1,0.5986577951179071,High Engagement,High Engagement
28,662.0,3480000.0,23,3,8,0,0,0.4414216978779293,Low Engagement,Low Engagement
27,2602.0,6050000.0,16,2,7,0,1,0.653969207090559,Low Engagement,High Engagement
22,1097.0,271000.0,15,6,8,0,0,0.3526057364632561,Low Engagement,Low Engagement
24,353.0,17500000.0,16,6,9,0,1,0.8219560190233468,Low Engagement,High Engagement
27,659.0,16800000.0,19,0,2,1,1,0.7568218630186678,High Engagement,High Engagement
24,1635.0,21800000.0,15,0,7,1,1,0.7850001259817826,High Engagement,High Engagement
24,788.0,7960000.0,16,1,11,1,1,0.5716867465832913,High Engagement,High Engagement
24,883.0,10300000.0,16,4,10,0,1,0.8043207795215072,Low Engagement,High Engagement
28,49.0,71700000.0,15,1,4,1,1,0.7666669318078156,High Engagement,High Engagement
10,249.0,24400000.0,0,2,6,1,1,0.720727753505278,High Engagement,High Engagement
23,426.0,7220000.0,17,5,11,1,1,0.6224699939675623,High Engagement,High Engagement
25,1139.0,6610000.0,21,3,10,0,0,0.3149193798444948,Low Engagement,Low Engagement
23,459.0,7220000.0,0,0,5,1,1,0.7004276498603108,High Engagement,High Engagement
28,396.0,1750000.0,17,6,9,0,0,0.3862914127825351,Low Engagement,Low Engagement
1,499.0,769000.0,21,2,6,1,1,0.6759880664764194,High Engagement,High Engagement
28,3649.0,212000.0,14,2,2,1,0,0.2930343254696953,High Engagement,Low Engagement
22,313.0,16000.0,6,6,3,0,0,0.3771152372914297,Low Engagement,Low Engagement
28,731.0,38900.0,3,3,11,0,0,0.2287093388462541,Low Engagement,Low Engagement
20,987.0,2400000.0,16,3,6,1,0,0.4454855673972953,High Engagement,Low Engagement
27,11774.0,7300000.0,17,4,8,1,1,0.6269618665281679,High Engagement,High Engagement
28,272.0,4330000.0,6,6,7,1,0,0.4744298655390336,High Engagement,Low Engagement
22,683.0,251000.0,9,2,5,0,0,0.3422243680714384,Low Engagement,Low Engagement
1,499.0,3480.0,16,6,11,0,0,0.2744594409163384,Low Engagement,Low Engagement
26,1405.0,318000.0,15,4,1,1,0,0.3045426879009533,High Engagement,Low Engagement
24,483.0,36300000.0,20,0,6,1,1,0.8428413689126757,High Engagement,High Engagement
15,793.0,1840000.0,12,6,10,1,0,0.3921839899833803,High Engagement,Low Engagement
28,875.0,16700000.0,17,3,6,1,1,0.7420461519958459,High Engagement,High Engagement
24,2398.0,28500000.0,20,2,11,1,1,0.5139458065435164,High Engagement,High Engagement
1,649.0,17700.0,15,0,11,0,0,0.26495271429560957,Low Engagement,Low Engagement
1,603.0,10800000.0,2,4,5,1,1,0.8265744299037945,High Engagement,High Engagement
24,811.0,12700000.0,20,4,11,1,1,0.6025551659463313,High Engagement,High Engagement
24,722.0,5820000.0,16,2,5,1,1,0.7966263173659998,High Engagement,High Engagement
24,310.0,21800000.0,18,3,3,1,1,0.8107300186342166,High Engagement,High Engagement
20,1050.0,6750000.0,6,1,2,1,1,0.6327217931953154,High Engagement,High Engagement
1,278.0,2820000.0,0,0,3,1,1,0.7594693815823244,High Engagement,High Engagement
24,1620.0,94000.0,0,5,12,0,0,0.29589692442076876,Low Engagement,Low Engagement
26,664.0,6950000.0,15,0,11,1,1,0.5712686482157222,High Engagement,High Engagement
29,512.0,43900000.0,15,3,1,0,0,0.3093708146919529,Low Engagement,Low Engagement
26,1653.0,4880000.0,14,4,12,1,1,0.5622948288455756,High Engagement,High Engagement
15,1256.0,1300000.0,19,4,2,0,0,0.26838247100712187,Low Engagement,Low Engagement
19,282.0,1990000.0,17,2,11,0,0,0.3907277765838456,Low Engagement,Low Engagement
15,664.0,2750000.0,3,3,5,0,0,0.49656113069885305,Low Engagement,Low Engagement
28,311.0,575000.0,7,1,12,0,0,0.3360461543406723,Low Engagement,Low Engagement
10,241.0,25400.0,16,2,11,1,0,0.4621372037111305,High Engagement,Low Engagement
1,374.0,1360000.0,9,3,2,1,1,0.6897175217430755,High Engagement,High Engagement
17,724.0,13700000.0,11,4,3,0,1,0.6530162501429031,Low Engagement,High Engagement
23,610.0,7690000.0,14,0,4,1,1,0.7146191538508028,High Engagement,High Engagement
24,782.0,35100000.0,19,3,6,1,1,0.8265273349778915,High Engagement,High Engagement
2,1086.0,10700000.0,9,2,3,1,1,0.7025240644104059,High Engagement,High Engagement
20,1013.0,33200000.0,8,2,7,1,1,0.7271690556572594,High Engagement,High Engagement
20,836.0,14100000.0,22,3,1,1,1,0.6883905245747287,High Engagement,High Engagement
29,1142.0,43900000.0,20,4,3,0,0,0.29953046924489307,Low Engagement,Low Engagement
23,59.0,21800000.0,1,5,1,0,1,0.6859873153052254,Low Engagement,High Engagement
25,1168.0,4070000.0,16,3,6,1,0,0.34202066461642583,High Engagement,Low Engagement
23,385.0,13300000.0,13,5,6,0,1,0.6654707188457262,Low Engagement,High Engagement
15,272.0,4000000.0,13,6,12,1,1,0.5186667810951924,High Engagement,High Engagement
20,1393.0,10200000.0,15,6,11,0,0,0.4359789015964148,Low Engagement,Low Engagement
22,813.0,964000.0,16,5,3,1,0,0.47804861542121263,High Engagement,Low Engagement
26,1781.0,68000.0,19,4,1,1,0,0.2934262094951148,High Engagement,Low Engagement
24,679.0,17500000.0,19,0,9,0,1,0.8163220499401027,Low Engagement,High Engagement
27,272.0,6610000.0,15,0,8,1,1,0.7301881420582578,High Engagement,High Engagement
23,435.0,33200000.0,4,5,5,0,1,0.5893166754153735,Low Engagement,High Engagement
24,4661.0,15500000.0,3,3,10,1,1,0.6589717317970205,High Engagement,High Engagement
19,3493.0,105000.0,13,4,7,0,0,0.2220702703612616,Low Engagement,Low Engagement
27,1038.0,7300000.0,16,4,2,0,1,0.7073812915042749,Low Engagement,High Engagement
29,1005.0,858.0,16,0,8,0,0,0.1806222174120067,Low Engagement,Low Engagement
15,278.0,23600.0,22,1,12,0,0,0.2638166838313956,Low Engagement,Low Engagement
23,262.0,949000.0,20,1,4,0,0,0.41785297369556407,Low Engagement,Low Engagement
24,373.0,7190000.0,17,2,11,1,1,0.5683533781937055,High Engagement,High Engagement
27,3074.0,4520000.0,14,4,11,0,0,0.379880472937256,Low Engagement,Low Engagement
28,426.0,3480000.0,15,2,4,0,0,0.42917377398868345,Low Engagement,Low Engagement
22,1139.0,1290000.0,17,3,9,1,0,0.41818824118200704,High Engagement,Low Engagement
20,269.0,6100000.0,1,5,6,1,1,0.6589877772907832,High Engagement,High Engagement
20,484.0,16900000.0,18,3,12,1,1,0.752717693488636,High Engagement,High Engagement
28,292.0,24700000.0,16,3,6,1,1,0.7271386766632753,High Engagement,High Engagement
15,972.0,1370000.0,21,4,10,1,0,0.3262056171739002,High Engagement,Low Engagement
27,469.0,8410000.0,16,4,9,1,1,0.7157043424328303,High Engagement,High Engagement
24,1656.0,3080000.0,19,6,7,0,1,0.519718379281247,Low Engagement,High Engagement
20,1172.0,3850000.0,6,6,5,0,0,0.4614717829940565,Low Engagement,Low Engagement
24,2666.0,135000.0,19,4,9,0,0,0.2853170829606647,Low Engagement,Low Engagement
20,1010.0,896000.0,20,1,1,0,0,0.40837270557576927,Low Engagement,Low Engagement
28,450.0,810000.0,5,5,11,0,0,0.2485474721313726,Low Engagement,Low Engagement
17,1323.0,457000.0,3,4,10,1,0,0.31485368270898656,High Engagement,Low Engagement
22,1030.0,151000.0,23,1,11,0,0,0.20486073356500456,Low Engagement,Low Engagement
27,2169.0,1580000.0,22,5,11,0,0,0.23387396111161043,Low Engagement,Low Engagement
17,930.0,1340000.0,23,1,2,1,0,0.42959972955893855,High Engagement,Low Engagement
22,1738.0,2320000.0,19,4,3,1,0,0.4948520060426938,High Engagement,Low Engagement
17,2669.0,2270000.0,21,1,6,0,0,0.44676151015599375,Low Engagement,Low Engagement
23,415.0,21700000.0,5,1,4,1,1,0.631132304237022,High Engagement,High Engagement
28,531.0,4060000.0,15,4,5,1,0,0.4401202188921759,High Engagement,Low Engagement
27,721.0,247000.0,0,3,7,0,0,0.34696294126285987,Low Engagement,Low Engagement
29,415.0,61500.0,0,3,11,1,0,0.16076359214943267,High Engagement,Low Engagement
22,1290.0,85700.0,15,5,11,0,0,0.16300434620758647,Low Engagement,Low Engagement
24,26.0,66200000.0,7,3,11,0,0,0.3392593638373167,Low Engagement,Low Engagement
20,1450.0,2400000.0,19,5,5,1,0,0.4614472500296415,High Engagement,Low Engagement
25,250.0,1340000.0,4,0,11,0,0,0.20272309144401657,Low Engagement,Low Engagement
22,3530.0,282000.0,21,4,4,0,0,0.30043368736621034,Low Engagement,Low Engagement
20,765.0,1440000.0,16,1,11,1,0,0.25290615052824944,High Engagement,Low Engagement
23,473.0,6920000.0,22,4,6,1,1,0.6840330510855152,High Engagement,High Engagement
23,310.0,749000.0,18,1,4,1,0,0.40514955380759815,High Engagement,Low Engagement
24,806.0,5270000.0,16,6,10,1,1,0.7173444908404792,High Engagement,High Engagement
27,667.0,15300000.0,1,0,5,1,1,0.7507761990797386,High Engagement,High Engagement
15,1622.0,71500.0,12,6,8,0,0,0.18913428779228425,Low Engagement,Low Engagement
20,1123.0,25200000.0,21,0,8,0,1,0.7351062335491616,Low Engagement,High Engagement
28,1237.0,16700000.0,18,0,3,1,1,0.6609209980372196,High Engagement,High Engagement
17,294.0,442000.0,18,0,7,0,0,0.35333365706836306,Low Engagement,Low Engagement
20,900.0,3920000.0,11,2,11,0,0,0.3335627787441202,Low Engagement,Low Engagement
2,1425.0,3320000.0,13,5,12,1,0,0.44723099516251485,High Engagement,Low Engagement
24,4879.0,244000.0,15,3,11,1,0,0.18313119075962903,High Engagement,Low Engagement
28,698.0,24700000.0,22,1,9,1,1,0.7356375527950273,High Engagement,High Engagement
24,1618.0,287000.0,13,6,2,1,0,0.33651173742459034,High Engagement,Low Engagement
10,342.0,1230000.0,19,5,12,1,1,0.53702285633423,High Engagement,High Engagement
17,595.0,109000.0,11,0,8,0,0,0.34438236627624574,Low Engagement,Low Engagement
19,1531.0,3820000.0,5,5,11,1,0,0.34663650527955686,High Engagement,Low Engagement
15,701.0,555000.0,16,5,9,1,0,0.3026270073299612,High Engagement,Low Engagement
22,8906.0,13600000.0,7,0,10,1,1,0.613810140823652,High Engagement,High Engagement
20,630.0,110000000.0,16,5,1,1,1,0.7787238182141122,High Engagement,High Engagement
28,997.0,15400000.0,21,3,11,1,1,0.5929257325694661,High Engagement,High Engagement
24,850.0,21800000.0,16,2,4,1,1,0.8158055718987887,High Engagement,High Engagement
19,3038.0,50400.0,11,5,12,0,0,0.1234341475075335,Low Engagement,Low Engagement
26,625.0,181000.0,15,5,5,0,0,0.3528641915543833,Low Engagement,Low Engagement
17,1275.0,23700000.0,13,6,4,1,1,0.6072282723443615,High Engagement,High Engagement
22,404.0,11000000.0,16,0,8,1,1,0.7179550502094041,High Engagement,High Engagement
24,1727.0,2360000.0,8,0,11,0,0,0.30173513636132143,Low Engagement,Low Engagement
28,672.0,5120000.0,16,0,9,0,1,0.5307411361326168,Low Engagement,High Engagement
29,1668.0,3750000.0,5,6,5,0,0,0.26126069027579213,Low Engagement,Low Engagement
28,635.0,1130.0,20,6,2,0,0,0.31871914719472716,Low Engagement,Low Engagement
2,692.0,9220000.0,16,0,4,1,1,0.7082844699356129,High Engagement,High Engagement
28,3433.0,7090000.0,14,2,5,0,0,0.4726271950865328,Low Engagement,Low Engagement
23,739.0,949000.0,17,3,10,0,0,0.4517409710383337,Low Engagement,Low Engagement
27,1245.0,43900000.0,21,2,10,1,1,0.6795064848852113,High Engagement,High Engagement
20,578.0,2340000.0,14,6,11,1,0,0.3374065967783892,High Engagement,Low Engagement
27,259.0,22200000.0,15,0,4,1,1,0.7848295442596238,High Engagement,High Engagement
23,5416.0,16300.0,18,4,12,1,0,0.4172337462129844,High Engagement,Low Engagement
28,517.0,217000.0,19,1,3,0,0,0.36269759537229146,Low Engagement,Low Engagement
27,292.0,22200000.0,15,1,10,1,1,0.7586022565698507,High Engagement,High Engagement
28,606.0,7090000.0,14,5,8,0,1,0.5407297819892979,Low Engagement,High Engagement
15,448.0,406000.0,7,1,12,1,0,0.28134222993115343,High Engagement,Low Engagement
17,507.0,61700000.0,14,5,6,1,1,0.7100277577345966,High Engagement,High Engagement
22,763.0,5340000.0,16,4,2,1,1,0.6563577927046974,High Engagement,High Engagement
17,314.0,3610000.0,11,6,7,1,0,0.4583886066256223,High Engagement,Low Engagement
20,680.0,8470000.0,20,2,6,0,1,0.6746155808962416,Low Engagement,High Engagement
24,489.0,36300000.0,20,1,7,1,1,0.8490011837312551,High Engagement,High Engagement
17,974.0,83600.0,15,2,3,1,0,0.35752522462745195,High Engagement,Low Engagement
1,297.0,48700000.0,2,5,1,1,1,0.8180109301130015,High Engagement,High Engagement
28,60.0,71700000.0,0,2,5,1,1,0.7464474567977224,High Engagement,High Engagement
27,2547.0,6290000.0,16,6,9,1,1,0.65268998531545,High Engagement,High Engagement
20,889.0,413000.0,14,5,7,1,0,0.3540331224993524,High Engagement,Low Engagement
1,499.0,15300000.0,3,3,8,1,1,0.8394309429693483,High Engagement,High Engagement
28,518.0,5710000.0,7,4,11,1,0,0.46001301977276143,High Engagement,Low Engagement
24,2235.0,11500000.0,15,4,10,0,1,0.6638900475593431,Low Engagement,High Engagement
29,355.0,669000.0,11,3,6,0,0,0.2558542104376031,Low Engagement,Low Engagement
28,308.0,1470000.0,19,1,10,0,0,0.35585502437606703,Low Engagement,Low Engagement
24,496.0,16700000.0,10,6,8,1,1,0.7867679753817032,High Engagement,High Engagement
24,850.0,21800000.0,14,4,6,1,1,0.7835107167614122,High Engagement,High Engagement
23,859.0,7150000.0,19,4,10,1,1,0.752742123935662,High Engagement,High Engagement
25,714.0,14600000.0,0,2,11,0,0,0.23160358726483513,Low Engagement,Low Engagement
26,1012.0,346000.0,15,5,7,0,0,0.35708481535052866,Low Engagement,Low Engagement
25,846.0,10200000.0,23,5,6,0,0,0.44329633108289385,Low Engagement,Low Engagement
27,6087.0,121000.0,4,3,9,0,0,0.2899540034862301,Low Engagement,Low Engagement
20,600.0,22800.0,14,3,1,1,0,0.34399852448658214,High Engagement,Low Engagement
22,500.0,489000.0,20,3,1,0,0,0.39602903375720716,Low Engagement,Low Engagement
15,544.0,1590000.0,11,5,5,0,0,0.3881268425421137,Low Engagement,Low Engagement
23,1451.0,3010000.0,23,2,5,1,1,0.7127283018991004,High Engagement,High Engagement
20,481.0,52500000.0,21,5,11,1,1,0.5685723736036549,High Engagement,High Engagement
15,325.0,634000.0,21,4,9,0,0,0.2974556370898124,Low Engagement,Low Engagement
27,622.0,4860000.0,15,1,3,1,1,0.6243515308036541,High Engagement,High Engagement
24,1996.0,69700.0,13,2,6,1,0,0.3189517928125917,High Engagement,Low Engagement
23,507.0,575000.0,3,1,11,0,0,0.31491118639005067,Low Engagement,Low Engagement
26,471.0,9770000.0,14,4,11,1,1,0.5625570502808798,High Engagement,High Engagement
28,3231.0,2400000.0,22,0,8,0,0,0.41510117662004975,Low Engagement,Low Engagement
27,685.0,744000.0,11,0,11,0,0,0.22701113613657786,Low Engagement,Low Engagement
26,410.0,14200000.0,1,2,9,1,1,0.7489881065436665,High Engagement,High Engagement
20,743.0,119000.0,17,6,9,0,0,0.33938273037004607,Low Engagement,Low Engagement
15,624.0,1130000.0,16,4,5,0,0,0.3397845510665611,Low Engagement,Low Engagement
15,3427.0,7330.0,13,4,1,0,0,0.1976772746855194,Low Engagement,Low Engagement
26,294.0,207000.0,23,3,11,1,0,0.27268056894042375,High Engagement,Low Engagement
27,18097.0,1780000.0,13,4,11,0,0,0.2963677273259067,Low Engagement,Low Engagement
22,7440.0,16600.0,14,2,2,0,0,0.3021027500238153,Low Engagement,Low Engagement
25,1416.0,979000.0,1,5,12,0,0,0.2804967334683553,Low Engagement,Low Engagement
27,618.0,678000.0,14,2,10,0,0,0.36583138100878454,Low Engagement,Low Engagement
24,295.0,4510000.0,15,4,8,1,1,0.6148120577109577,High Engagement,High Engagement
27,401.0,86400.0,12,0,11,0,0,0.23268336011692559,Low Engagement,Low Engagement
22,602.0,5520000.0,19,3,9,1,1,0.6997049764215632,High Engagement,High Engagement
24,348.0,2960000.0,12,3,10,1,0,0.48521696142377674,High Engagement,Low Engagement
23,669.0,13300000.0,3,2,12,1,1,0.6541695364304494,High Engagement,High Engagement
27,404.0,271000.0,17,2,4,0,0,0.342207196171939,Low Engagement,Low Engagement
28,798.0,4060000.0,16,1,6,0,0,0.4468937035963102,Low Engagement,Low Engagement
17,289.0,15400000.0,22,6,1,0,1,0.6339706445574393,Low Engagement,High Engagement
15,489.0,1250000.0,15,0,11,0,0,0.23933977069677748,Low Engagement,Low Engagement
26,395.0,1530000.0,11,0,11,1,0,0.28464549441488196,High Engagement,Low Engagement
24,487.0,36300000.0,20,1,3,1,1,0.8481775171333021,High Engagement,High Engagement
1,810.0,11700000.0,21,2,11,0,1,0.5280466869699174,Low Engagement,High Engagement
27,539.0,14500000.0,14,6,3,1,1,0.7500576174916702,High Engagement,High Engagement
20,644.0,23300000.0,2,5,3,1,1,0.7737999657475331,High Engagement,High Engagement
23,433.0,4710000.0,20,2,2,0,1,0.6777596699183784,Low Engagement,High Engagement
25,4956.0,14600000.0,20,3,10,0,0,0.364079679529145,Low Engagement,Low Engagement
19,520.0,16500.0,20,0,12,0,0,0.18033302885955776,Low Engagement,Low Engagement
28,424.0,515000.0,11,2,9,0,0,0.3401823407645878,Low Engagement,Low Engagement
19,1208.0,3900000.0,10,5,12,1,0,0.3439096215965389,High Engagement,Low Engagement
23,3484.0,7780000.0,13,6,9,1,1,0.7464145548867294,High Engagement,High Engagement
20,1159.0,154000.0,20,0,5,1,0,0.3231493023647697,High Engagement,Low Engagement
10,223.0,307000000.0,5,3,11,1,0,0.40515508852207177,High Engagement,Low Engagement
27,447.0,7880000.0,10,4,9,1,1,0.6953553058998112,High Engagement,High Engagement
24,46.0,21800000.0,15,0,1,0,1,0.7856607975405797,Low Engagement,High Engagement
24,738.0,35100000.0,21,3,8,1,1,0.799673319173423,High Engagement,High Engagement
22,606.0,135000.0,13,1,1,0,0,0.36283696854682373,Low Engagement,Low Engagement
26,580.0,8740000.0,4,4,8,1,1,0.7240311961942737,High Engagement,High Engagement
23,995.0,3510000.0,17,4,6,0,1,0.6232844726673954,Low Engagement,High Engagement
19,2708.0,117000.0,22,4,8,0,0,0.1846890932248805,Low Engagement,Low Engagement
23,2812.0,1300000.0,4,0,5,1,1,0.5965118053737628,High Engagement,High Engagement
15,1229.0,3350000.0,14,4,5,0,0,0.3991372769756378,Low Engagement,Low Engagement
24,645.0,38900.0,16,1,1,0,0,0.38819431978826896,Low Engagement,Low Engagement
27,635.0,744000.0,11,0,11,0,0,0.23480622498714898,Low Engagement,Low Engagement
27,941.0,3830000.0,16,3,4,0,0,0.43845603632478214,Low Engagement,Low Engagement
26,3930.0,414000.0,11,5,11,0,0,0.16369398636952723,Low Engagement,Low Engagement
24,990.0,6980000.0,16,5,4,1,1,0.8246645151070195,High Engagement,High Engagement
24,242.0,16700000.0,20,3,10,1,1,0.7813554527684482,High Engagement,High Engagement
27,3810.0,6050000.0,14,3,4,0,1,0.6510412505757557,Low Engagement,High Engagement
17,770.0,1550000.0,13,3,3,1,0,0.44363299890854496,High Engagement,Low Engagement
20,838.0,23300000.0,23,0,2,1,1,0.7498696560763296,High Engagement,High Engagement
20,1342.0,2560000.0,15,5,10,0,0,0.4521983226380044,Low Engagement,Low Engagement
22,300.0,1150000.0,19,2,3,0,0,0.4351649398848982,Low Engagement,Low Engagement
22,4746.0,21300.0,18,5,2,0,0,0.31019354293323625,Low Engagement,Low Engagement
22,357.0,21300000.0,16,0,6,1,1,0.7339777104633853,High Engagement,High Engagement
24,1129.0,301000.0,14,3,4,0,0,0.345458449674085,Low Engagement,Low Engagement
22,1512.0,12900.0,13,5,9,0,0,0.27639716570829365,Low Engagement,Low Engagement
20,21153.0,6750000.0,23,5,4,0,1,0.6091936519515723,Low Engagement,High Engagement
2,844.0,1800000.0,13,1,3,0,0,0.4439902144997569,Low Engagement,Low Engagement
24,79.0,81300000.0,20,2,11,1,0,0.4482465606229997,High Engagement,Low Engagement
28,591.0,20600000.0,1,5,3,1,1,0.7648837577790145,High Engagement,High Engagement
20,680.0,21700000.0,7,2,9,0,1,0.7294515318122925,Low Engagement,High Engagement
22,869.0,5520000.0,21,2,12,1,1,0.6924211687335208,High Engagement,High Engagement
22,1232.0,210000.0,6,0,12,0,0,0.24126934294541313,Low Engagement,Low Engagement
28,402.0,55000.0,14,1,12,1,0,0.31623988426571165,High Engagement,Low Engagement
24,885.0,110000000.0,17,2,12,1,1,0.7761027101829533,High Engagement,High Engagement
15,2104.0,225000.0,16,1,6,0,0,0.22420457814097805,Low Engagement,Low Engagement
29,1434.0,447000.0,18,4,2,0,0,0.18444625911991358,Low Engagement,Low Engagement
25,347.0,4920000.0,14,2,2,1,0,0.33523756957056855,High Engagement,Low Engagement
1,603.0,10800000.0,3,3,3,1,1,0.8286215966186694,High Engagement,High Engagement
27,762.0,14600000.0,3,2,8,1,1,0.6979652752643533,High Engagement,High Engagement
1,309.0,3350000.0,14,4,3,1,1,0.7748901438351017,High Engagement,High Engagement
25,1335.0,6460000.0,11,6,7,1,0,0.39366929600081996,High Engagement,Low Engagement
15,912.0,14200000.0,14,6,3,1,1,0.601317747787421,High Engagement,High Engagement
25,292.0,2510000.0,12,3,9,0,0,0.3285548673499601,Low Engagement,Low Engagement
27,452.0,3480000.0,19,1,3,0,0,0.44613472774718965,Low Engagement,Low Engagement
22,1045.0,38100.0,16,0,11,0,0,0.19540303864856115,Low Engagement,Low Engagement
27,28306.0,197000.0,14,3,5,1,0,0.3350589921298915,High Engagement,Low Engagement
17,650.0,7830000.0,0,0,5,0,1,0.6375938301786536,Low Engagement,High Engagement
23,590.0,7780000.0,13,6,10,1,1,0.7225429449532517,High Engagement,High Engagement
20,4054.0,1350000.0,20,1,2,1,0,0.4054740925683143,High Engagement,Low Engagement
29,2807.0,530000.0,21,3,2,0,0,0.17229073641293402,Low Engagement,Low Engagement
22,930.0,660000.0,21,1,3,1,0,0.41417120182246603,High Engagement,Low Engagement
22,6875.0,49600.0,7,2,10,0,0,0.2744321537041869,Low Engagement,Low Engagement
24,515.0,36300000.0,20,5,5,1,1,0.8527224968173724,High Engagement,High Engagement
19,614.0,3820000.0,13,5,2,0,0,0.4033398586870781,Low Engagement,Low Engagement
20,377.0,16700000.0,20,0,1,1,1,0.7438623904534454,High Engagement,High Engagement
20,705.0,8480000.0,15,3,11,0,0,0.4549022914502971,Low Engagement,Low Engagement
26,704.0,65600.0,17,6,3,1,0,0.3689828407881793,High Engagement,Low Engagement
27,304.0,7030000.0,12,4,4,0,1,0.6998922345764518,Low Engagement,High Engagement
17,2820.0,6240000.0,8,2,2,1,1,0.5390912678991573,High Engagement,High Engagement
25,769.0,14600000.0,22,4,8,0,0,0.2854124571723667,Low Engagement,Low Engagement
28,2572.0,1960000.0,22,0,12,0,0,0.3772871697470032,Low Engagement,Low Engagement
29,1022.0,87900.0,16,5,5,0,0,0.18511688650954589,Low Engagement,Low Engagement
19,1497.0,28800.0,14,6,12,0,0,0.14270212926497497,Low Engagement,Low Engagement
17,637.0,397000.0,11,4,7,1,0,0.3618463170465093,High Engagement,Low Engagement
15,249.0,14200000.0,10,2,9,1,1,0.5836611750061161,High Engagement,High Engagement
22,846.0,5550000.0,19,5,10,1,1,0.7040341913897192,High Engagement,High Engagement
27,946.0,675000.0,17,6,11,0,0,0.21690354368290618,Low Engagement,Low Engagement
22,3918.0,972000.0,5,0,6,0,0,0.3732628978005976,Low Engagement,Low Engagement
22,260.0,10100000.0,22,5,8,1,1,0.707425169251401,High Engagement,High Engagement
20,988.0,1240000.0,16,0,9,0,0,0.3935080149679317,Low Engagement,Low Engagement
25,699.0,10300000.0,16,6,1,0,0,0.4658566859712432,Low Engagement,Low Engagement
24,919.0,17500000.0,16,4,12,1,1,0.8245614008863482,High Engagement,High Engagement
26,300.0,172000.0,8,2,11,1,0,0.25557840990438285,High Engagement,Low Engagement
20,295.0,4620000.0,19,4,9,0,1,0.5489912395891753,Low Engagement,High Engagement
22,253.0,12600000.0,13,1,12,1,1,0.6941108502419135,High Engagement,High Engagement
27,451.0,109000.0,13,2,10,1,0,0.3218080929949738,High Engagement,Low Engagement
27,928.0,20100000.0,11,0,11,0,1,0.5702498895298478,Low Engagement,High Engagement
22,2924.0,356000.0,13,6,4,0,0,0.3104878899247911,Low Engagement,Low Engagement
29,366.0,1520000.0,20,0,2,0,0,0.18796689891404855,Low Engagement,Low Engagement
28,1748.0,2960000.0,14,3,7,1,0,0.46211485937455277,High Engagement,Low Engagement
22,5672.0,13900000.0,8,3,10,1,1,0.6255500749353742,High Engagement,High Engagement
27,410.0,725000.0,16,0,10,0,0,0.36487833402556175,Low Engagement,Low Engagement
26,1299.0,729000.0,22,4,3,0,0,0.3638764773144161,Low Engagement,Low Engagement
28,616.0,1600000.0,13,3,8,0,0,0.38582784049165664,Low Engagement,Low Engagement
28,2604.0,7090000.0,14,2,10,0,0,0.46760873450442975,Low Engagement,Low Engagement
28,316.0,200000.0,5,6,10,0,0,0.34097749042408576,Low Engagement,Low Engagement
1,270.0,9520000.0,13,1,6,1,1,0.8260396548730372,High Engagement,High Engagement
26,971.0,25900000.0,12,2,7,1,1,0.7860992036236857,High Engagement,High Engagement
27,828.0,3260000.0,10,2,12,0,0,0.4066217915817721,Low Engagement,Low Engagement
17,4630.0,97700.0,7,1,12,0,0,0.261834819700198,Low Engagement,Low Engagement
20,928.0,23600000.0,20,1,10,1,1,0.7447688518131986,High Engagement,High Engagement
27,3001.0,8410000.0,13,5,10,1,1,0.6395293481887419,High Engagement,High Engagement
28,960.0,3390000.0,4,5,12,1,0,0.4526602267569383,High Engagement,Low Engagement
20,560.0,13000000.0,2,0,5,1,1,0.7084068858242298,High Engagement,High Engagement
15,1548.0,142000.0,1,5,11,0,0,0.14687462196136694,Low Engagement,Low Engagement
28,1139.0,1210000.0,18,2,12,0,0,0.3605277775025149,Low Engagement,Low Engagement
10,2063.0,675000.0,13,2,5,1,0,0.44521953042613377,High Engagement,Low Engagement
27,5471.0,1310000.0,18,2,4,1,0,0.4227194069464779,High Engagement,Low Engagement
20,578.0,23300000.0,1,1,8,1,1,0.7358238569996335,High Engagement,High Engagement
17,1985.0,429000.0,16,3,7,0,0,0.3562435732731145,Low Engagement,Low Engagement
28,887.0,16600000.0,19,1,6,1,1,0.7488157585669123,High Engagement,High Engagement
15,2023.0,1070000.0,16,4,2,0,0,0.2706928549509153,Low Engagement,Low Engagement
25,285.0,12700000.0,15,0,5,1,0,0.49946274018136316,High Engagement,Low Engagement
17,312.0,111000000.0,4,1,7,1,1,0.6428388492012154,High Engagement,High Engagement
20,1136.0,33200000.0,10,5,1,1,1,0.7356772810361399,High Engagement,High Engagement
19,251.0,371000.0,18,5,9,1,0,0.2626951878294914,High Engagement,Low Engagement
26,560.0,3990.0,11,0,8,0,0,0.3277022706320608,Low Engagement,Low Engagement
29,1327.0,1260000.0,15,6,6,0,0,0.22388509264854653,Low Engagement,Low Engagement
26,476.0,317000.0,21,0,3,0,0,0.3726031858642456,Low Engagement,Low Engagement
1,900.0,2110000.0,11,0,5,1,1,0.7276448522243331,High Engagement,High Engagement
22,811.0,6930000.0,13,3,12,1,1,0.6915345932465212,High Engagement,High Engagement
29,1666.0,3750000.0,17,0,3,1,0,0.25154719430426825,High Engagement,Low Engagement
27,540.0,19700000.0,14,0,2,1,1,0.7394010223826846,High Engagement,High Engagement
24,1071.0,110000000.0,18,2,1,1,1,0.7779085668399982,High Engagement,High Engagement
29,248.0,43900000.0,20,1,12,0,0,0.3403289841263646,Low Engagement,Low Engagement
1,1086.0,30300000.0,13,1,8,1,1,0.8464052906655799,High Engagement,High Engagement
24,3566.0,65600.0,13,6,11,0,0,0.1619221259330773,Low Engagement,Low Engagement
26,455.0,1240000.0,6,4,8,1,0,0.4209625350393454,High Engagement,Low Engagement
17,580.0,888000.0,4,3,10,0,0,0.3720055045095117,Low Engagement,Low Engagement
15,534.0,6110000.0,19,6,3,1,1,0.6015288184346043,High Engagement,High Engagement
25,1153.0,6610000.0,22,3,1,0,0,0.3119761386087734,Low Engagement,Low Engagement
27,967.0,5130000.0,21,0,1,0,1,0.570086801731132,Low Engagement,High Engagement
27,852.0,1290000.0,20,0,12,0,0,0.3573209865205847,Low Engagement,Low Engagement
23,1174.0,912000.0,21,4,1,1,0,0.4517976668658599,High Engagement,Low Engagement
28,813.0,4870000.0,20,2,11,0,0,0.49657786079495686,Low Engagement,Low Engagement
22,856.0,4380000.0,16,6,12,1,1,0.5459660646631326,High Engagement,High Engagement
20,2186.0,374000.0,3,1,9,0,0,0.30928286455156845,Low Engagement,Low Engagement
26,1009.0,21300000.0,15,5,10,1,1,0.793159155783796,High Engagement,High Engagement
28,785.0,7090000.0,14,1,3,0,0,0.4901803145794481,Low Engagement,Low Engagement
22,529.0,12600000.0,16,4,11,1,1,0.5705856005622094,High Engagement,High Engagement
22,1415.0,13400000.0,14,6,11,0,0,0.45599104743758884,Low Engagement,Low Engagement
10,306.0,307000000.0,15,4,4,1,1,0.7306411466073788,High Engagement,High Engagement
20,27753.0,19600000.0,5,4,12,0,1,0.6537934540815473,Low Engagement,High Engagement
10,244.0,2980000.0,12,1,4,1,1,0.5558380599098193,High Engagement,High Engagement
26,453.0,10400000.0,14,2,9,1,1,0.7555140756040987,High Engagement,High Engagement
10,4247.0,79100000.0,4,5,7,1,1,0.6400504003580011,High Engagement,High Engagement
20,2525.0,1200000.0,11,5,8,0,0,0.3732042619979338,Low Engagement,Low Engagement
17,5364.0,111000000.0,16,2,3,0,1,0.612067635628257,Low Engagement,High Engagement
25,552.0,2230000.0,19,3,8,1,0,0.27428656888072317,High Engagement,Low Engagement
17,571.0,1060000.0,12,0,3,1,0,0.44049652214924095,High Engagement,Low Engagement
10,602.0,5230000.0,21,6,3,1,1,0.6101634131891962,High Engagement,High Engagement
26,404.0,134000.0,18,3,10,0,0,0.3562646573939496,Low Engagement,Low Engagement
19,1685.0,4110000.0,15,6,4,0,0,0.4369577774101281,Low Engagement,Low Engagement
26,3212.0,306000.0,12,4,1,0,0,0.29411196095497755,Low Engagement,Low Engagement
10,1875.0,2400000.0,12,2,10,1,0,0.4770872138670678,High Engagement,Low Engagement
27,266.0,167000.0,19,4,1,0,0,0.368256530765097,Low Engagement,Low Engagement
17,643.0,1950000.0,15,6,5,1,0,0.44987065002448695,High Engagement,Low Engagement
23,2685.0,13300000.0,14,0,3,1,1,0.7450922843654937,High Engagement,High Engagement
26,454.0,25900000.0,11,0,7,1,1,0.7710351008009753,High Engagement,High Engagement
17,897.0,23900000.0,22,4,12,1,1,0.7451736037512162,High Engagement,High Engagement
15,495.0,87400.0,17,6,11,0,0,0.20411758757978585,Low Engagement,Low Engagement
15,266.0,14200000.0,16,4,2,0,1,0.6321157999987316,Low Engagement,High Engagement
22,738.0,9460000.0,19,5,1,1,1,0.7445782619896025,High Engagement,High Engagement
1,595.0,14900000.0,18,6,4,1,1,0.8940448746061622,High Engagement,High Engagement
20,857.0,1100000.0,10,0,11,0,0,0.23018990490970495,Low Engagement,Low Engagement
10,3704.0,357000.0,20,4,11,0,0,0.35955319641750294,Low Engagement,Low Engagement
25,680.0,1060000.0,20,3,10,0,0,0.26996823246330376,Low Engagement,Low Engagement
15,324.0,5310000.0,14,5,4,0,1,0.5491640577442619,Low Engagement,High Engagement
20,790.0,428000.0,18,2,9,0,0,0.35207960975345776,Low Engagement,Low Engagement
22,5345.0,21300.0,14,1,10,0,0,0.26884539257283585,Low Engagement,Low Engagement
20,742.0,45600.0,15,0,9,0,0,0.3188267645708272,Low Engagement,Low Engagement
24,251.0,12700000.0,18,0,9,1,1,0.7724307206556996,High Engagement,High Engagement
20,775.0,1300000.0,11,5,10,0,0,0.4024139233339395,Low Engagement,Low Engagement
29,912.0,43900000.0,21,2,2,0,0,0.2812741536365145,Low Engagement,Low Engagement
15,245.0,1260000.0,11,3,12,1,0,0.3989051933831513,High Engagement,Low Engagement
26,594.0,72200.0,18,6,11,0,0,0.20911329838263054,Low Engagement,Low Engagement
17,874.0,5430000.0,15,2,6,1,1,0.5843572664016504,High Engagement,High Engagement
27,2215.0,71700.0,12,1,10,1,0,0.28426909730487154,High Engagement,Low Engagement
28,1308.0,7090000.0,15,4,11,0,0,0.40905292458038184,Low Engagement,Low Engagement
17,412.0,61800000.0,22,1,11,1,1,0.5792127615422931,High Engagement,High Engagement
15,256.0,14100000.0,10,5,9,1,1,0.6072102541370215,High Engagement,High Engagement
26,2024.0,3070000.0,14,3,12,0,0,0.4358720185507062,Low Engagement,Low Engagement
17,1376.0,21600000.0,22,4,8,0,1,0.6196013884412247,Low Engagement,High Engagement
26,978.0,7740000.0,14,5,4,1,1,0.7488635156470521,High Engagement,High Engagement
25,342.0,2470000.0,1,1,11,0,0,0.28189494437887125,Low Engagement,Low Engagement
20,289.0,2860000.0,0,6,8,1,0,0.46849296021420517,High Engagement,Low Engagement
28,675.0,16600000.0,13,3,2,1,1,0.7343945195139157,High Engagement,High Engagement
20,758.0,5180000.0,16,1,12,0,1,0.5993848495363203,Low Engagement,High Engagement
28,865.0,16700000.0,4,5,8,1,1,0.7128528840678918,High Engagement,High Engagement
28,461.0,5710000.0,8,5,1,1,1,0.6471892293156639,High Engagement,High Engagement
25,511.0,10300000.0,15,6,9,1,0,0.49955272609573387,High Engagement,Low Engagement
24,856.0,6980000.0,17,5,6,1,1,0.7927143959985589,High Engagement,High Engagement
23,359.0,1830000.0,0,2,9,1,1,0.5827313390024087,High Engagement,High Engagement
29,709.0,2510000.0,15,3,3,0,0,0.2622451838644988,Low Engagement,Low Engagement
28,419.0,24700000.0,14,6,8,1,1,0.6890748520538665,High Engagement,High Engagement
15,620.0,4240000.0,17,3,6,1,1,0.5204903741749299,High Engagement,High Engagement
24,601.0,13400000.0,16,6,8,0,1,0.8267444325996869,Low Engagement,High Engagement
27,723.0,4860000.0,15,1,2,1,1,0.6270400169229302,High Engagement,High Engagement
20,1835.0,2000000.0,23,0,12,1,0,0.3976078541311505,High Engagement,Low Engagement
24,811.0,2780000.0,13,0,4,1,1,0.5148500625217161,High Engagement,High Engagement
27,813.0,2820000.0,15,4,10,1,0,0.42651777740069613,High Engagement,Low Engagement
24,877.0,7960000.0,18,0,2,0,1,0.7996017058777303,Low Engagement,High Engagement
1,503.0,151000.0,13,1,4,1,0,0.4923968127712425,High Engagement,Low Engagement
20,1133.0,873000.0,4,3,4,0,0,0.4114697838631473,Low Engagement,Low Engagement
26,1719.0,10100000.0,13,4,2,1,1,0.6806191268472694,High Engagement,High Engagement
1,530.0,9370000.0,18,3,2,1,1,0.8351903274914797,High Engagement,High Engagement
1,840.0,13400000.0,22,3,3,1,1,0.8481807928810311,High Engagement,High Engagement
24,1104.0,452000000.0,17,5,11,1,1,0.5279882692538228,High Engagement,High Engagement
20,626.0,14400.0,15,5,11,0,0,0.20952792526718086,Low Engagement,Low Engagement
22,664.0,7340000.0,10,3,11,0,0,0.48660890473673807,Low Engagement,Low Engagement
19,648.0,44700000.0,11,5,6,1,1,0.602423572823569,High Engagement,High Engagement
28,854.0,4870000.0,12,1,12,0,1,0.56662314884361,Low Engagement,High Engagement
24,1365.0,21800000.0,16,4,2,1,1,0.7612481694824953,High Engagement,High Engagement
22,553.0,4950000.0,16,4,11,0,0,0.4756228597903211,Low Engagement,Low Engagement
15,506.0,1250000.0,18,2,4,0,0,0.31689282362541554,Low Engagement,Low Engagement
26,447.0,21300000.0,16,3,10,1,1,0.7390616667995408,High Engagement,High Engagement
17,283.0,5490000.0,13,3,8,0,1,0.5450000014992998,Low Engagement,High Engagement
1,844.0,108000000.0,9,4,11,0,0,0.3064401601492023,Low Engagement,Low Engagement
15,848.0,51700.0,22,1,12,0,0,0.24292105688227777,Low Engagement,Low Engagement
17,646.0,7830000.0,0,0,7,1,1,0.6423297101204577,High Engagement,High Engagement
2,911.0,237000.0,18,0,5,1,0,0.33788075613015467,High Engagement,Low Engagement
25,674.0,16900000.0,14,3,6,0,0,0.4247955321174563,Low Engagement,Low Engagement
27,254.0,22200000.0,15,3,8,1,1,0.7558332127536266,High Engagement,High Engagement
26,547.0,3980000.0,6,3,7,1,0,0.4759148374978455,High Engagement,Low Engagement
20,980.0,19600000.0,0,1,3,1,1,0.7496284208086522,High Engagement,High Engagement
23,649.0,14200000.0,4,5,12,1,1,0.6389840209756459,High Engagement,High Engagement
15,390.0,9370000.0,17,3,4,0,1,0.6015038884156257,Low Engagement,High Engagement
10,470.0,3060000.0,1,2,6,0,0,0.4558524440933718,Low Engagement,Low Engagement
15,988.0,134000.0,11,1,12,1,0,0.26163034721708595,High Engagement,Low Engagement
20,1198.0,1410000.0,20,2,11,0,0,0.2518769177846832,Low Engagement,Low Engagement
27,1019.0,5130000.0,22,2,9,0,1,0.5301486734491427,Low Engagement,High Engagement
24,372.0,42800000.0,13,3,10,1,1,0.7713208672820161,High Engagement,High Engagement
28,2354.0,1400000.0,16,2,12,0,0,0.3629183449375855,Low Engagement,Low Engagement
20,713.0,1140000.0,17,3,2,1,0,0.41157033920026026,High Engagement,Low Engagement
15,1246.0,14200000.0,16,5,5,1,1,0.5660644749360031,High Engagement,High Engagement
1,1096.0,13400000.0,19,6,5,1,1,0.8674973100837258,High Engagement,High Engagement
22,4135.0,107000.0,13,5,11,0,0,0.16053836140001992,Low Engagement,Low Engagement
24,837.0,80900000.0,12,0,5,1,1,0.8004921607525329,High Engagement,High Engagement
19,1561.0,31000.0,13,5,12,0,0,0.12959061453900395,Low Engagement,Low Engagement
17,1351.0,360000.0,19,0,12,1,0,0.2527883678671375,High Engagement,Low Engagement
20,609.0,1720000.0,13,6,9,0,0,0.43129951794144206,Low Engagement,Low Engagement
1,485.0,92300.0,20,1,11,0,0,0.29960101898827546,Low Engagement,Low Engagement
22,628.0,1760000.0,16,4,2,0,0,0.46516752625960567,Low Engagement,Low Engagement
22,1657.0,1180000.0,12,2,4,0,0,0.3597142934174486,Low Engagement,Low Engagement
28,2850.0,26900000.0,11,5,4,1,1,0.6942140021001184,High Engagement,High Engagement
27,951.0,5130000.0,23,4,3,1,1,0.5972542046700999,High Engagement,High Engagement
22,1636.0,9450000.0,17,3,9,0,1,0.6444502435226755,Low Engagement,High Engagement
25,665.0,6610000.0,22,2,12,0,0,0.26580730894267884,Low Engagement,Low Engagement
17,627.0,529000.0,11,3,9,0,0,0.38867818361073814,Low Engagement,Low Engagement
26,1108.0,12700000.0,15,6,6,1,1,0.8005938200811328,High Engagement,High Engagement
25,756.0,4440000.0,22,3,11,0,0,0.24571503975208467,Low Engagement,Low Engagement
24,257.0,8420000.0,21,2,6,1,1,0.7314364788137117,High Engagement,High Engagement
17,655.0,6940000.0,3,4,7,0,1,0.6026254288146011,Low Engagement,High Engagement
29,1073.0,43900000.0,14,1,6,1,0,0.3208363363989444,High Engagement,Low Engagement
26,394.0,21300000.0,15,6,9,1,1,0.7927455173627057,High Engagement,High Engagement
29,3481.0,442000.0,1,5,12,0,0,0.18912003059582974,Low Engagement,Low Engagement
22,1351.0,54300000.0,16,6,7,1,1,0.719163002647906,High Engagement,High Engagement
24,1183.0,16900000.0,16,0,7,1,1,0.8221350883037002,High Engagement,High Engagement
24,822.0,12100000.0,16,5,10,1,1,0.8093291694764312,High Engagement,High Engagement
29,775.0,1090000.0,10,4,2,0,0,0.18478419885761685,Low Engagement,Low Engagement
19,245.0,234000.0,18,4,2,1,0,0.24710071650532797,High Engagement,Low Engagement
2,2280.0,1090000.0,12,5,7,0,0,0.3821233782829042,Low Engagement,Low Engagement
23,995.0,2560000.0,17,2,2,0,1,0.5646602345942113,Low Engagement,High Engagement
22,714.0,3830.0,23,5,10,0,0,0.32170421168365027,Low Engagement,Low Engagement
24,69.0,81300000.0,20,3,7,1,1,0.8040276315225358,High Engagement,High Engagement
20,865.0,13900000.0,2,5,3,1,1,0.726366328885215,High Engagement,High Engagement
20,562.0,16300.0,23,3,7,0,0,0.3341588870470407,Low Engagement,Low Engagement
26,496.0,80900000.0,14,2,8,1,1,0.7409834257042728,High Engagement,High Engagement
28,1316.0,15400000.0,20,3,3,0,1,0.6999317089097165,Low Engagement,High Engagement
29,944.0,43900000.0,18,2,5,0,0,0.3145904616992569,Low Engagement,Low Engagement
19,710.0,6630000.0,16,1,10,0,1,0.5177160788254056,Low Engagement,High Engagement
24,923.0,4080000.0,19,2,9,0,1,0.5187031615637394,Low Engagement,High Engagement
22,484.0,489000.0,16,3,12,0,0,0.3621313312773429,Low Engagement,Low Engagement
27,247.0,22200000.0,15,3,3,1,1,0.7569729587575117,High Engagement,High Engagement
23,417.0,19700000.0,21,6,12,1,1,0.704211943020139,High Engagement,High Engagement
19,1050.0,3670000.0,0,5,5,1,0,0.4058177929528844,High Engagement,Low Engagement
24,402.0,21100000.0,18,5,7,1,1,0.821417660807942,High Engagement,High Engagement
28,857.0,16700000.0,17,5,10,1,1,0.7596684315112819,High Engagement,High Engagement
26,1011.0,138000.0,21,5,12,0,0,0.3215449923104542,Low Engagement,Low Engagement
23,791.0,2660000.0,15,1,2,1,1,0.5933366208893887,High Engagement,High Engagement
25,703.0,1760000.0,17,0,11,0,0,0.18254985017960604,Low Engagement,Low Engagement
24,853.0,16900000.0,18,5,11,1,1,0.5924852620927012,High Engagement,High Engagement
26,658.0,25900000.0,12,0,2,1,1,0.7889174479715395,High Engagement,High Engagement
23,817.0,7150000.0,20,2,5,1,1,0.7365129329508489,High Engagement,High Engagement
20,1045.0,13900000.0,19,1,9,0,1,0.6923284024728855,Low Engagement,High Engagement
20,873.0,13900000.0,17,3,11,1,1,0.5355101086921946,High Engagement,High Engagement
20,704.0,13900000.0,19,3,12,1,1,0.6995073890376529,High Engagement,High Engagement
17,877.0,314000.0,4,3,7,0,0,0.3627118861027426,Low Engagement,Low Engagement
28,60.0,71700000.0,15,3,9,1,1,0.7599741345373419,High Engagement,High Engagement
19,1416.0,11500000.0,13,6,6,0,1,0.6005457879837781,Low Engagement,High Engagement
15,590.0,2740000.0,20,2,6,1,0,0.40632462322707225,High Engagement,Low Engagement
26,981.0,2930000.0,20,4,3,0,0,0.48056324920920884,Low Engagement,Low Engagement
28,709.0,1210000.0,19,1,6,0,0,0.3701929478559699,Low Engagement,Low Engagement
19,253.0,933000.0,22,3,8,0,0,0.2944601684867496,Low Engagement,Low Engagement
27,1407.0,769000.0,15,1,8,0,0,0.37235260277089427,Low Engagement,Low Engagement
24,469.0,128000.0,16,2,9,0,0,0.3770581282916997,Low Engagement,Low Engagement
28,1091.0,1210000.0,20,2,10,1,0,0.3577911071260669,High Engagement,Low Engagement
20,811.0,52500000.0,18,4,7,1,1,0.7569013224369222,High Engagement,High Engagement
27,6863.0,699000.0,1,6,8,0,0,0.3550192504248448,Low Engagement,Low Engagement
27,1663.0,4520000.0,11,4,4,0,1,0.5672463226432396,Low Engagement,High Engagement
25,297.0,1420000.0,21,3,8,0,0,0.2731658445692478,Low Engagement,Low Engagement
22,524.0,450000.0,2,5,6,0,0,0.3761062342757402,Low Engagement,Low Engagement
28,2609.0,7090000.0,14,2,8,0,0,0.47913907742010403,Low Engagement,Low Engagement
27,3025.0,5780000.0,16,5,2,1,1,0.6698178860213295,High Engagement,High Engagement
24,351.0,16700000.0,23,1,10,1,1,0.7821495262496395,High Engagement,High Engagement
24,2119.0,1100000.0,20,6,7,1,0,0.40131206518423906,High Engagement,Low Engagement
20,3414.0,1350000.0,17,4,9,1,0,0.37417453558729963,High Engagement,Low Engagement
22,329.0,2500000.0,14,4,1,1,0,0.48243995018962704,High Engagement,Low Engagement
20,676.0,499000.0,17,4,2,0,0,0.3612159915020739,Low Engagement,Low Engagement
28,314.0,7090000.0,14,2,6,0,1,0.5049126299546316,Low Engagement,High Engagement
23,302.0,13300000.0,15,3,2,0,1,0.6717581833452643,Low Engagement,High Engagement
22,1179.0,12000.0,18,4,8,0,0,0.3289286903597633,Low Engagement,Low Engagement
27,3792.0,8820000.0,13,2,11,1,0,0.44749868377642704,High Engagement,Low Engagement
17,775.0,1530000.0,15,3,6,1,0,0.4351101325656802,High Engagement,Low Engagement
26,558.0,1960000.0,18,4,5,1,0,0.4433254057286583,High Engagement,Low Engagement
20,293.0,6670000.0,16,4,9,1,1,0.6399585214569659,High Engagement,High Engagement
24,791.0,35100000.0,20,5,2,1,1,0.8572265690915765,High Engagement,High Engagement
22,1800.0,43900.0,8,0,9,1,0,0.29400686538054116,High Engagement,Low Engagement
28,918.0,7090000.0,14,0,7,0,1,0.5190979781418499,Low Engagement,High Engagement
24,1013.0,2050000.0,14,4,10,0,0,0.4638222063505642,Low Engagement,Low Engagement
20,966.0,1460000.0,16,5,1,1,0,0.4269898077198357,High Engagement,Low Engagement
10,786.0,961000.0,15,6,1,0,0,0.4921004189458817,Low Engagement,Low Engagement
27,3366.0,608000.0,17,4,11,0,0,0.1880982299055445,Low Engagement,Low Engagement
27,2677.0,47200.0,9,5,8,0,0,0.29112328950702493,Low Engagement,Low Engagement
28,514.0,1750000.0,16,1,12,0,0,0.3773198798436347,Low Engagement,Low Engagement
24,1081.0,19400000.0,10,4,10,0,1,0.7534548520287074,Low Engagement,High Engagement
1,603.0,48700000.0,2,2,1,1,1,0.8058320945905696,High Engagement,High Engagement
24,804.0,16900000.0,20,5,3,1,1,0.84788638580523,High Engagement,High Engagement
23,906.0,1880000.0,13,1,11,1,0,0.45843929650837995,High Engagement,Low Engagement
24,630.0,2450000.0,17,0,12,1,0,0.4920188041917739,High Engagement,Low Engagement
22,290.0,2450000.0,23,5,12,0,0,0.48242988027395617,Low Engagement,Low Engagement
20,1095.0,2340000.0,17,2,5,0,0,0.43089950831926815,Low Engagement,Low Engagement
20,884.0,508000.0,0,4,6,0,0,0.380602798173633,Low Engagement,Low Engagement
15,3157.0,677000.0,18,0,6,0,0,0.2566700565262849,Low Engagement,Low Engagement
10,554.0,3060000.0,20,0,12,0,0,0.43268877401126143,Low Engagement,Low Engagement
26,1414.0,4880000.0,12,2,11,1,0,0.4190473722888437,High Engagement,Low Engagement
17,764.0,14200000.0,18,3,6,0,1,0.6397867048305772,Low Engagement,High Engagement
19,5830.0,5390000.0,8,6,11,0,0,0.38427798703733107,Low Engagement,Low Engagement
24,1026.0,1620000.0,21,1,11,0,0,0.24233607937992885,Low Engagement,Low Engagement
25,845.0,30500000.0,11,2,7,1,0,0.4298771174641043,High Engagement,Low Engagement
25,1588.0,4540000.0,11,5,10,0,0,0.3439515709021517,Low Engagement,Low Engagement
22,937.0,5520000.0,18,4,9,1,1,0.7123006743424178,High Engagement,High Engagement
22,284.0,986000.0,23,2,9,0,0,0.42802174865693343,Low Engagement,Low Engagement
27,719.0,4860000.0,16,1,1,1,1,0.6076467528820014,High Engagement,High Engagement
26,2203.0,890000.0,19,6,11,0,0,0.1864794965166695,Low Engagement,Low Engagement
26,1559.0,1780000.0,15,0,5,0,0,0.38903459702281545,Low Engagement,Low Engagement
20,867.0,174000.0,17,5,11,0,0,0.1847397550527255,Low Engagement,Low Engagement
15,1184.0,6760000.0,13,5,1,1,1,0.594596686013032,High Engagement,High Engagement
24,1198.0,301000.0,17,5,8,0,0,0.3392583499269531,Low Engagement,Low Engagement
23,247.0,15500000.0,18,5,9,1,1,0.7413470017829649,High Engagement,High Engagement
24,362.0,7190000.0,15,5,5,1,1,0.8026553598906025,High Engagement,High Engagement
27,13524.0,20800.0,17,6,10,0,0,0.3011624851433174,Low Engagement,Low Engagement
20,5067.0,8260000.0,23,1,9,0,1,0.576937634630198,Low Engagement,High Engagement
24,918.0,19100000.0,16,2,12,1,1,0.7966932352358352,High Engagement,High Engagement
17,498.0,1660000.0,13,1,3,0,0,0.44501432339446845,Low Engagement,Low Engagement
20,714.0,23300000.0,23,4,8,1,1,0.7438128578484217,High Engagement,High Engagement
25,1008.0,6610000.0,22,3,11,0,0,0.24634179955634058,Low Engagement,Low Engagement
24,1343.0,144000.0,13,0,5,1,0,0.3114676200361402,High Engagement,Low Engagement
15,651.0,118000.0,15,0,7,0,0,0.26694678288847645,Low Engagement,Low Engagement
20,581.0,2550000.0,14,2,7,1,0,0.45917772808572643,High Engagement,Low Engagement
1,308.0,10500000.0,17,1,2,1,1,0.8284830999061665,High Engagement,High Engagement
28,603.0,1210000.0,20,6,2,0,0,0.39015569501587577,Low Engagement,Low Engagement
28,507.0,12500000.0,0,6,5,1,1,0.7141389751438079,High Engagement,High Engagement
27,1174.0,3830000.0,17,1,11,1,0,0.3678456618222171,High Engagement,Low Engagement
1,270.0,65500000.0,22,4,12,1,1,0.7347561532400089,High Engagement,High Engagement
22,1312.0,766000.0,13,4,10,0,0,0.3203516563762929,Low Engagement,Low Engagement
20,998.0,1540000.0,16,1,6,0,0,0.4251992949373739,Low Engagement,Low Engagement
22,396.0,35700.0,8,0,11,0,0,0.22682941404498422,Low Engagement,Low Engagement
20,653.0,5180000.0,19,6,6,1,1,0.6008090320948217,High Engagement,High Engagement
1,9649.0,8420000.0,20,2,6,1,1,0.7654949874106389,High Engagement,High Engagement
27,556.0,6950000.0,11,3,11,1,1,0.5283788652123007,High Engagement,High Engagement
27,547.0,7880000.0,15,4,4,1,1,0.734156387223008,High Engagement,High Engagement
26,476.0,21300000.0,17,3,9,1,1,0.7523720788905637,High Engagement,High Engagement
22,618.0,11900000.0,14,5,8,1,1,0.7325006774327931,High Engagement,High Engagement
26,787.0,672000.0,22,2,12,1,0,0.37174714736248216,High Engagement,Low Engagement
19,2633.0,470000.0,16,2,9,0,0,0.22953679373678842,Low Engagement,Low Engagement
22,847.0,18400.0,20,2,7,0,0,0.3395202518613409,Low Engagement,Low Engagement
22,267.0,21200.0,5,0,10,0,0,0.34947703761344795,Low Engagement,Low Engagement
20,888.0,897000.0,11,2,11,0,0,0.24121978745227513,Low Engagement,Low Engagement
24,482.0,454000000.0,20,6,9,1,1,0.8285308328653267,High Engagement,High Engagement
23,886.0,12400000.0,14,4,3,1,1,0.7103337910550493,High Engagement,High Engagement
28,565.0,137000.0,14,3,9,0,0,0.3103997901771337,Low Engagement,Low Engagement
23,825.0,4810000.0,18,3,12,0,1,0.6972513157294742,Low Engagement,High Engagement
22,2402.0,1030000.0,13,2,11,0,0,0.22646511683488763,Low Engagement,Low Engagement
28,1224.0,1430000.0,17,4,9,0,0,0.37060909378134677,Low Engagement,Low Engagement
27,725.0,4860000.0,16,1,4,1,1,0.6300544210578027,High Engagement,High Engagement
25,457.0,1090000.0,2,6,8,0,0,0.28938936820419225,Low Engagement,Low Engagement
22,1055.0,10200000.0,22,1,3,1,1,0.7443618465584584,High Engagement,High Engagement
17,23.0,61700000.0,14,5,8,0,1,0.7554363765693574,Low Engagement,High Engagement
25,2850.0,16900000.0,5,2,5,0,0,0.44565681294236514,Low Engagement,Low Engagement
27,910.0,1510000.0,11,4,4,1,0,0.4162945060234306,High Engagement,Low Engagement
20,1079.0,1240000.0,16,6,9,0,0,0.4026040988630322,Low Engagement,Low Engagement
23,372.0,13300000.0,16,5,10,0,1,0.6715345902566441,Low Engagement,High Engagement
20,304.0,19500000.0,11,3,2,0,1,0.7177768933302522,Low Engagement,High Engagement
28,257.0,10300000.0,15,0,6,0,1,0.6672998597559407,Low Engagement,High Engagement
22,863.0,2560000.0,17,5,3,1,1,0.509105307811747,High Engagement,High Engagement
24,482.0,6250000.0,21,6,3,1,1,0.7800344027167327,High Engagement,High Engagement
25,1840.0,2230000.0,10,3,4,1,0,0.366834959794553,High Engagement,Low Engagement
28,376.0,4060000.0,17,2,10,0,0,0.40214775732848296,Low Engagement,Low Engagement
23,772.0,529000.0,16,3,11,0,0,0.3728742551724518,Low Engagement,Low Engagement
28,906.0,5120000.0,16,0,5,0,1,0.541017621858161,Low Engagement,High Engagement
20,518.0,1080.0,7,3,1,0,0,0.3390788661837588,Low Engagement,Low Engagement
24,394.0,10500000.0,13,1,2,1,1,0.7842008223622651,High Engagement,High Engagement
23,588.0,1310000.0,17,5,12,0,0,0.4303312988393958,Low Engagement,Low Engagement
27,498.0,4640000.0,11,1,4,1,1,0.6361332241946257,High Engagement,High Engagement
24,778.0,10600000.0,14,6,7,1,1,0.7728165661101004,High Engagement,High Engagement
20,602.0,13900000.0,0,2,5,1,1,0.6959540921528976,High Engagement,High Engagement
1,986.0,14900000.0,17,5,7,1,1,0.8666648311633024,High Engagement,High Engagement
26,1800.0,6630000.0,16,6,8,0,1,0.6580855442262968,Low Engagement,High Engagement
20,1363.0,15400000.0,11,1,10,1,1,0.6698095912165322,High Engagement,High Engagement
19,867.0,253000.0,16,4,12,1,0,0.15806689163890048,High Engagement,Low Engagement
27,311.0,6610000.0,16,0,3,1,1,0.7301618276694019,High Engagement,High Engagement
15,1868.0,5950.0,21,0,3,1,0,0.18059468374367016,High Engagement,Low Engagement
28,556.0,3020000.0,13,3,7,0,0,0.4645211354445543,Low Engagement,Low Engagement
24,1298.0,54300000.0,9,2,9,0,1,0.6966177498593293,Low Engagement,High Engagement
24,54.0,131000000.0,10,6,11,0,0,0.4070498101903137,Low Engagement,Low Engagement
22,1801.0,726000.0,13,1,12,1,0,0.30678185381952533,High Engagement,Low Engagement
29,2848.0,211000.0,23,1,2,0,0,0.14028177733341646,Low Engagement,Low Engagement
28,689.0,5000000.0,13,4,4,1,1,0.5942030814057677,High Engagement,High Engagement
23,447.0,33200000.0,3,2,5,1,1,0.6131091478572984,High Engagement,High Engagement
22,1950.0,29700000.0,16,5,4,1,1,0.7398156949545266,High Engagement,High Engagement
17,369.0,3500000.0,19,0,4,0,0,0.44230496275212006,Low Engagement,Low Engagement
20,1089.0,551000.0,1,1,6,1,0,0.4045850316232138,High Engagement,Low Engagement
28,494.0,5710000.0,21,6,10,1,1,0.613274094467922,High Engagement,High Engagement
24,843.0,81300000.0,14,5,4,1,1,0.7959617919290846,High Engagement,High Engagement
20,415.0,13900.0,4,1,8,0,0,0.36100910821329,Low Engagement,Low Engagement
24,651.0,35100000.0,19,1,4,1,1,0.8230124359903838,High Engagement,High Engagement
28,665.0,7090000.0,14,4,3,0,1,0.516514944750114,Low Engagement,High Engagement
28,541.0,16600000.0,16,3,6,1,1,0.738011732177118,High Engagement,High Engagement
20,2133.0,450000.0,20,6,9,0,0,0.31000990276021784,Low Engagement,Low Engagement
17,324.0,820000.0,10,6,12,0,0,0.3716053152505855,Low Engagement,Low Engagement
17,2240.0,1150000.0,0,2,5,0,0,0.3769565674859271,Low Engagement,Low Engagement
20,513.0,394000.0,15,3,3,0,0,0.38680412369803596,Low Engagement,Low Engagement
20,870.0,5630000.0,13,5,10,1,1,0.6376500736089897,High Engagement,High Engagement
27,562.0,250000.0,7,4,2,0,0,0.33713350864957087,Low Engagement,Low Engagement
27,1658.0,4050000.0,3,1,7,1,0,0.4927984068550464,High Engagement,Low Engagement
26,1622.0,737000.0,14,5,4,0,0,0.3580791841656062,Low Engagement,Low Engagement
24,718.0,4070000.0,23,3,9,0,1,0.5349657484559728,Low Engagement,High Engagement
28,1002.0,16600000.0,18,2,3,1,1,0.7431113012251799,High Engagement,High Engagement
26,867.0,14200000.0,16,0,4,1,1,0.7850011236749727,High Engagement,High Engagement
22,1447.0,4360000.0,14,3,3,1,1,0.5532369732492434,High Engagement,High Engagement
22,601.0,3390000.0,23,5,2,0,0,0.49924406725204695,Low Engagement,Low Engagement
24,1282.0,2180000.0,11,5,7,1,0,0.4969437188526094,High Engagement,Low Engagement
15,1388.0,7430000.0,11,3,12,0,1,0.5277788331405004,Low Engagement,High Engagement
26,692.0,8730000.0,9,5,2,0,1,0.7259729841670143,Low Engagement,High Engagement
20,868.0,1760000.0,18,5,11,1,0,0.2597228429134077,High Engagement,Low Engagement
26,842.0,3700000.0,19,0,5,0,0,0.4616583571235584,Low Engagement,Low Engagement
22,910.0,922000.0,17,5,12,1,0,0.42342581871607904,High Engagement,Low Engagement
24,272.0,16700000.0,23,1,12,1,1,0.7767093506699654,High Engagement,High Engagement
29,1276.0,43900000.0,2,6,2,1,0,0.29984329293954737,High Engagement,Low Engagement
28,313.0,4060000.0,15,4,12,0,0,0.41073239435912146,Low Engagement,Low Engagement
25,414.0,4930000.0,20,0,8,1,0,0.31476095795518283,High Engagement,Low Engagement
24,1090.0,12100000.0,16,6,7,1,1,0.8263224821125918,High Engagement,High Engagement
20,609.0,1880000.0,15,5,2,1,0,0.46715518964931213,High Engagement,Low Engagement
27,686.0,1910000.0,20,2,1,1,0,0.4200769511017211,High Engagement,Low Engagement
29,281.0,12100.0,5,2,9,0,0,0.18164562654873442,Low Engagement,Low Engagement
28,814.0,1760000.0,5,0,11,0,0,0.27180234026123956,Low Engagement,Low Engagement
24,620.0,36300000.0,20,0,5,1,1,0.8512422786546923,High Engagement,High Engagement
26,371.0,273000.0,0,6,12,0,0,0.3544892666812679,Low Engagement,Low Engagement
24,320.0,1660.0,6,1,4,0,0,0.3423219476763264,Low Engagement,Low Engagement
24,1063.0,12100000.0,18,3,9,1,1,0.7796563711821518,High Engagement,High Engagement
27,490.0,5150000.0,21,3,10,1,1,0.5688173639014267,High Engagement,High Engagement
17,422.0,13800000.0,17,6,7,1,1,0.6421040658489481,High Engagement,High Engagement
28,540.0,16600000.0,20,1,6,1,1,0.7533150794396892,High Engagement,High Engagement
19,335.0,61200.0,13,4,7,0,0,0.25716187510935207,Low Engagement,Low Engagement
26,883.0,3900000.0,19,3,2,1,0,0.46948027232980954,High Engagement,Low Engagement
22,928.0,338000.0,6,1,8,1,0,0.3442724333629288,High Engagement,Low Engagement
23,1076.0,4710000.0,19,5,3,1,1,0.7519585653500833,High Engagement,High Engagement
24,254.0,10100000.0,17,6,12,1,1,0.7909847804425523,High Engagement,High Engagement
20,911.0,4840000.0,19,6,6,1,1,0.5746848955677388,High Engagement,High Engagement
27,1618.0,6990000.0,12,4,7,1,1,0.6363053419128231,High Engagement,High Engagement
22,827.0,891.0,12,5,11,0,0,0.18547202656685405,Low Engagement,Low Engagement
27,1066.0,198000.0,9,2,5,0,0,0.31168691090183015,Low Engagement,Low Engagement
22,331.0,19700000.0,21,0,4,1,1,0.7392119011080378,High Engagement,High Engagement
17,598.0,976000.0,14,5,8,1,0,0.4215815169956915,High Engagement,Low Engagement
20,1446.0,2620000.0,15,3,7,0,0,0.47642953610756783,Low Engagement,Low Engagement
26,991.0,5540000.0,19,3,9,1,1,0.6581453778889795,High Engagement,High Engagement
26,550.0,828000.0,16,2,4,0,0,0.40881504732691726,Low Engagement,Low Engagement
1,707.0,25600000.0,22,1,9,1,1,0.8476825406752224,High Engagement,High Engagement
22,1008.0,5520000.0,16,4,5,1,1,0.7118097597464379,High Engagement,High Engagement
1,400.0,2880000.0,14,3,9,1,1,0.7396099630993107,High Engagement,High Engagement
24,362.0,10500000.0,13,3,8,1,1,0.7789787633562532,High Engagement,High Engagement
20,649.0,3020000.0,19,5,11,0,0,0.35228720146559117,Low Engagement,Low Engagement
15,602.0,3050000.0,13,5,3,1,1,0.508491315754863,High Engagement,High Engagement
27,687.0,6480000.0,14,4,3,0,1,0.6679969721148589,Low Engagement,High Engagement
15,430.0,130000.0,1,2,10,0,0,0.266338739603587,Low Engagement,Low Engagement
26,2172.0,418000.0,23,4,11,0,0,0.17473082892877684,Low Engagement,Low Engagement
22,1979.0,1000000.0,16,4,11,0,0,0.20694157759858464,Low Engagement,Low Engagement
27,49210.0,11300000.0,12,3,5,1,1,0.7002451242379254,High Engagement,High Engagement
15,802.0,160000.0,19,5,4,0,0,0.2471206031433562,Low Engagement,Low Engagement
27,1519.0,3240000.0,13,6,9,1,0,0.44871200111841814,High Engagement,Low Engagement
28,775.0,5120000.0,14,0,8,0,1,0.5005459578430201,Low Engagement,High Engagement
24,279.0,4610000.0,17,1,12,1,1,0.616940839991354,High Engagement,High Engagement
29,988.0,43900000.0,18,2,7,1,0,0.29538778385271314,High Engagement,Low Engagement
28,825.0,16600000.0,17,0,11,1,1,0.5872903300395327,High Engagement,High Engagement
10,151.0,62700000.0,15,4,12,0,1,0.7405757498451396,Low Engagement,High Engagement
27,2062.0,3140000.0,14,0,10,0,0,0.4459324399933221,Low Engagement,Low Engagement
20,876.0,15400000.0,11,6,9,1,1,0.7582878162245582,High Engagement,High Engagement
24,1121.0,15500000.0,15,5,8,1,1,0.8217627163426151,High Engagement,High Engagement
1,316.0,1810000.0,10,3,8,1,1,0.7224628558225287,High Engagement,High Engagement
22,1334.0,11600000.0,17,5,6,1,1,0.6900613594811759,High Engagement,High Engagement
27,556.0,766000.0,5,3,6,0,0,0.3982804699185768,Low Engagement,Low Engagement
24,300.0,14400000.0,2,2,7,1,1,0.718943821814657,High Engagement,High Engagement
24,837.0,5540000.0,0,0,8,0,1,0.7554651214015122,Low Engagement,High Engagement
28,460.0,5120000.0,12,4,11,1,0,0.4522079604147524,High Engagement,Low Engagement
22,1051.0,43200.0,4,1,7,0,0,0.3484436481407045,Low Engagement,Low Engagement
20,560.0,420000.0,14,6,3,1,0,0.3879985145989221,High Engagement,Low Engagement
10,687.0,2030000.0,5,1,9,0,0,0.4380955093170599,Low Engagement,Low Engagement
19,4367.0,284000.0,16,5,12,0,0,0.15183995235971454,Low Engagement,Low Engagement
20,1089.0,1280000.0,17,1,12,0,0,0.389463716257778,Low Engagement,Low Engagement
1,237.0,65500000.0,20,5,11,0,0,0.4367403562705574,Low Engagement,Low Engagement
15,508.0,6110000.0,22,3,2,1,1,0.604251861303091,High Engagement,High Engagement
15,279.0,54200.0,18,5,6,0,0,0.27773301116633103,Low Engagement,Low Engagement
28,1071.0,2390000.0,15,0,5,0,0,0.4083069228635801,Low Engagement,Low Engagement
27,1452.0,16700.0,16,6,11,0,0,0.15911410774351567,Low Engagement,Low Engagement
26,1051.0,491000.0,6,0,2,1,0,0.3495365310585376,High Engagement,Low Engagement
23,278.0,20600000.0,19,4,9,1,1,0.7251104430893338,High Engagement,High Engagement
24,500.0,21800000.0,16,6,5,1,1,0.8492739716469095,High Engagement,High Engagement
28,452.0,6480000.0,17,1,11,0,1,0.5199688202685828,Low Engagement,High Engagement
20,679.0,3360000.0,12,5,10,1,0,0.45993394573282576,High Engagement,Low Engagement
25,653.0,4440000.0,22,1,11,0,0,0.22427424489450776,Low Engagement,Low Engagement
24,494.0,6250000.0,19,4,8,1,1,0.7844034123443319,High Engagement,High Engagement
20,1015.0,3270.0,5,1,1,0,0,0.33182752178333424,Low Engagement,Low Engagement
24,1015.0,6990000.0,17,5,3,0,1,0.7945915913831513,Low Engagement,High Engagement
15,18090.0,32000.0,7,4,11,0,0,0.14770787367151414,Low Engagement,Low Engagement
28,3485.0,386000.0,3,0,2,1,0,0.31267183408169896,High Engagement,Low Engagement
1,548.0,30400.0,14,3,11,0,0,0.24055929689902697,Low Engagement,Low Engagement
28,519.0,2230000.0,15,6,12,0,0,0.3999162492018964,Low Engagement,Low Engagement
23,1064.0,18400000.0,9,1,11,1,1,0.5907399737583634,High Engagement,High Engagement
22,753.0,412000.0,20,3,5,0,0,0.3713173386392209,Low Engagement,Low Engagement
17,2951.0,1340000.0,15,6,1,1,0,0.4133935004950921,High Engagement,Low Engagement
23,516.0,9100000.0,9,2,8,1,1,0.7003810883779635,High Engagement,High Engagement
20,1088.0,2840000.0,11,6,11,0,0,0.2998539923049522,Low Engagement,Low Engagement
22,1540.0,1180000.0,12,2,2,0,0,0.39009024510162976,Low Engagement,Low Engagement
27,429.0,9170000.0,19,2,4,0,1,0.7194002511746815,Low Engagement,High Engagement
23,242.0,7220000.0,18,6,9,1,1,0.7480159138863474,High Engagement,High Engagement
17,1106.0,13900000.0,0,6,12,1,1,0.6610373256341205,High Engagement,High Engagement
28,780.0,16600000.0,20,3,11,1,1,0.6549171976842564,High Engagement,High Engagement
27,328.0,6610000.0,15,0,10,1,1,0.7157865474159079,High Engagement,High Engagement
24,902.0,22800000.0,17,6,7,1,1,0.8325780834877565,High Engagement,High Engagement
26,2024.0,33600.0,19,4,10,0,0,0.2597341966511199,Low Engagement,Low Engagement
27,346.0,3480000.0,14,0,3,0,0,0.44682786615236003,Low Engagement,Low Engagement
20,794.0,328000.0,15,6,9,0,0,0.35313544327985225,Low Engagement,Low Engagement
29,571.0,3050000.0,15,2,5,0,0,0.26930043791722574,Low Engagement,Low Engagement
19,2245.0,327000.0,14,6,7,0,0,0.22327526067114975,Low Engagement,Low Engagement
27,287.0,1210000.0,13,0,4,0,0,0.40661606106857834,Low Engagement,Low Engagement
20,1817.0,8900000.0,18,2,9,0,1,0.6196099564100811,Low Engagement,High Engagement
17,245.0,2330000.0,18,4,11,0,0,0.4162499882268568,Low Engagement,Low Engagement
27,1151.0,43000000.0,10,4,10,1,1,0.7208369521966397,High Engagement,High Engagement
1,328.0,214000.0,23,2,6,0,0,0.49901683667147123,Low Engagement,Low Engagement
22,591.0,26300000.0,0,2,8,1,1,0.7500336718770956,High Engagement,High Engagement
26,685.0,21300000.0,20,5,11,1,1,0.6481643981925723,High Engagement,High Engagement
20,1321.0,5100000.0,14,4,10,1,1,0.5144783187495107,High Engagement,High Engagement
27,864.0,5130000.0,20,2,9,0,1,0.5514828207843862,Low Engagement,High Engagement
15,1564.0,42100.0,0,4,5,0,0,0.17511116663152038,Low Engagement,Low Engagement
22,243.0,21300000.0,20,5,2,1,1,0.7474143971287041,High Engagement,High Engagement
26,335.0,202000.0,5,6,5,1,0,0.381649046646045,High Engagement,Low Engagement
24,549.0,60900000.0,13,4,11,0,1,0.5217956415981333,Low Engagement,High Engagement
20,3787.0,17000000.0,22,2,12,1,1,0.6584031336923003,High Engagement,High Engagement
23,886.0,5530000.0,19,5,1,1,1,0.7714141525247032,High Engagement,High Engagement
27,3510.0,45600000.0,14,5,6,1,1,0.7074562872316367,High Engagement,High Engagement
28,825.0,5710000.0,17,5,10,1,1,0.6525269105588114,High Engagement,High Engagement
20,656.0,642000.0,0,2,11,0,0,0.24162728081486207,Low Engagement,Low Engagement
22,600.0,28300000.0,12,3,12,1,1,0.7465605863425971,High Engagement,High Engagement
24,356.0,10400000.0,7,5,9,1,1,0.7653767757422375,High Engagement,High Engagement
24,551.0,148000000.0,6,5,4,1,1,0.8082441048835098,High Engagement,High Engagement
15,856.0,342000.0,2,2,5,0,0,0.27249834365822223,Low Engagement,Low Engagement
20,888.0,4840000.0,20,0,7,1,1,0.574062031925919,High Engagement,High Engagement
2,1197.0,9220000.0,16,1,10,0,1,0.6379686796376972,Low Engagement,High Engagement
28,1433.0,1060000.0,18,4,4,0,0,0.3545230527908986,Low Engagement,Low Engagement
29,324.0,2510000.0,18,3,4,1,0,0.28769077515435504,High Engagement,Low Engagement
28,299.0,9530.0,10,0,3,0,0,0.29133173914588617,Low Engagement,Low Engagement
22,3258.0,3760000.0,12,0,11,0,0,0.3410270783896946,Low Engagement,Low Engagement
25,679.0,14600000.0,22,2,6,0,0,0.3249082053788192,Low Engagement,Low Engagement
24,283.0,2520000.0,19,0,6,0,1,0.5240434642018651,Low Engagement,High Engagement
20,1183.0,446000.0,15,0,6,1,0,0.37041803529087747,High Engagement,Low Engagement
24,290.0,4880000.0,14,5,3,1,1,0.6912766285694599,High Engagement,High Engagement
22,501.0,78000.0,11,6,1,0,0,0.37807225606282346,Low Engagement,Low Engagement
24,885.0,318000.0,10,0,11,0,0,0.2301712022757969,Low Engagement,Low Engagement
27,1260.0,30500000.0,14,1,11,1,0,0.49883329273739063,High Engagement,Low Engagement
26,2261.0,3110000.0,18,3,7,0,0,0.4586432737105837,Low Engagement,Low Engagement
17,1306.0,1160000.0,22,3,9,1,0,0.3868846214187255,High Engagement,Low Engagement
20,1258.0,1260000.0,12,5,10,0,0,0.34747046605052045,Low Engagement,Low Engagement
1,6189.0,108000000.0,5,1,11,0,0,0.26469346186369375,Low Engagement,Low Engagement
28,294.0,4060000.0,17,0,10,0,0,0.40808366741846525,Low Engagement,Low Engagement
19,5293.0,470000.0,7,6,5,0,0,0.22052065234576854,Low Engagement,Low Engagement
20,888.0,3520000.0,12,4,5,1,0,0.4586538612856472,High Engagement,Low Engagement
24,760.0,5550000.0,15,2,7,0,1,0.7460430389466063,Low Engagement,High Engagement
24,360.0,21800000.0,17,3,2,1,1,0.8039595047977017,High Engagement,High Engagement
23,332.0,13300000.0,17,2,5,0,1,0.6560270662791596,Low Engagement,High Engagement
28,740.0,5500000.0,21,4,9,1,1,0.620931084219969,High Engagement,High Engagement
22,689.0,1590000.0,18,3,12,1,0,0.42939940747466504,High Engagement,Low Engagement
25,799.0,6610000.0,21,1,6,0,0,0.314366503704953,Low Engagement,Low Engagement
28,591.0,3020000.0,15,3,4,1,0,0.4521910551231297,High Engagement,Low Engagement
15,485.0,673000.0,15,5,1,0,0,0.32257001551931097,Low Engagement,Low Engagement
20,1045.0,4510000.0,10,6,9,1,1,0.5142381137963683,High Engagement,High Engagement
19,2102.0,44400.0,3,2,2,0,0,0.19467233854337657,Low Engagement,Low Engagement
1,636.0,370000.0,12,4,12,0,0,0.45240603325490913,Low Engagement,Low Engagement
22,1912.0,5370000.0,22,4,9,1,1,0.6282658222946038,High Engagement,High Engagement
25,610.0,6610000.0,21,3,6,0,0,0.32655251594578666,Low Engagement,Low Engagement
1,283.0,6770000.0,17,1,4,1,1,0.8031981978608254,High Engagement,High Engagement
24,2259.0,7680000.0,0,1,6,1,1,0.6804014604280884,High Engagement,High Engagement
28,613.0,799000.0,13,2,6,0,0,0.37018873336249664,Low Engagement,Low Engagement
20,2024.0,1190000.0,17,4,10,0,0,0.3336556683228934,Low Engagement,Low Engagement
24,375.0,8420000.0,19,5,5,1,1,0.8082132766551564,High Engagement,High Engagement
20,663.0,5180000.0,17,2,5,1,1,0.5904704131725385,High Engagement,High Engagement
28,3700.0,1680000.0,9,2,2,1,0,0.3955021671039914,High Engagement,Low Engagement
22,1764.0,37300.0,15,3,11,0,0,0.1705420211700022,Low Engagement,Low Engagement
27,786.0,2930000.0,16,4,7,0,0,0.4488802199478213,Low Engagement,Low Engagement
26,3259.0,841000.0,16,3,8,0,0,0.36202657788339243,Low Engagement,Low Engagement
26,879.0,5740000.0,14,5,7,0,1,0.6762250754390227,Low Engagement,High Engagement
2,422.0,9420000.0,16,3,1,0,1,0.6909643976118878,Low Engagement,High Engagement
27,393.0,744000.0,10,0,10,0,0,0.35118921198931824,Low Engagement,Low Engagement
28,775.0,2390000.0,15,0,2,0,0,0.4128829518820187,Low Engagement,Low Engagement
22,2097.0,42400.0,17,3,9,0,0,0.27858633434401525,Low Engagement,Low Engagement
27,935.0,1350000.0,15,1,2,0,0,0.40862829704107667,Low Engagement,Low Engagement
20,397.0,110000000.0,17,5,2,1,1,0.7548840287440124,High Engagement,High Engagement
27,347.0,7000000.0,12,4,3,1,1,0.6772030492347977,High Engagement,High Engagement
20,817.0,7430000.0,20,0,12,0,1,0.669692082324774,Low Engagement,High Engagement
27,1007.0,5130000.0,22,2,9,1,1,0.5301486734491427,High Engagement,High Engagement
20,557.0,54500.0,13,0,1,1,0,0.3416286008252627,High Engagement,Low Engagement
27,782.0,132000.0,19,0,11,0,0,0.19965994712601418,Low Engagement,Low Engagement
27,1056.0,4640000.0,13,1,5,1,1,0.598061152425319,High Engagement,High Engagement
27,322.0,7000000.0,12,4,5,1,1,0.6816981592203714,High Engagement,High Engagement
24,791.0,2150000.0,18,3,11,0,0,0.38145219379293027,Low Engagement,Low Engagement
15,823.0,20900.0,13,5,2,0,0,0.24128193235073903,Low Engagement,Low Engagement
2,1260.0,1220000.0,17,3,4,0,0,0.37349060549253127,Low Engagement,Low Engagement
20,408.0,1490000.0,18,2,11,0,0,0.2834341208904693,Low Engagement,Low Engagement
24,577.0,5890000.0,13,0,2,1,1,0.7773744863096193,High Engagement,High Engagement
27,3003.0,5770000.0,17,5,4,1,1,0.6396676084643762,High Engagement,High Engagement
23,276.0,16500000.0,7,6,12,0,1,0.6939826017554617,Low Engagement,High Engagement
15,323.0,17900000.0,21,5,2,1,1,0.6236815066501064,High Engagement,High Engagement
29,1251.0,43900000.0,18,2,12,0,0,0.2901256415022707,Low Engagement,Low Engagement
20,763.0,2010000.0,1,0,9,1,0,0.4665249214758781,High Engagement,Low Engagement
25,3392.0,3300000.0,17,3,7,0,0,0.37881719083651094,Low Engagement,Low Engagement
2,2119.0,5020000.0,15,1,10,1,1,0.5411272040102353,High Engagement,High Engagement
27,1062.0,15300000.0,18,4,4,1,1,0.7712861844090461,High Engagement,High Engagement
28,732.0,119000.0,20,5,9,0,0,0.3272695325740042,Low Engagement,Low Engagement
20,312.0,898.0,1,5,6,0,0,0.3642398556012586,Low Engagement,Low Engagement
15,311.0,21800000.0,4,0,9,1,1,0.5779809775599198,High Engagement,High Engagement
23,346.0,19700000.0,0,6,9,1,1,0.7224903405723114,High Engagement,High Engagement
26,881.0,2300000.0,13,0,8,0,0,0.43480443424054444,Low Engagement,Low Engagement
20,389.0,65900.0,18,2,12,0,0,0.3449329397905946,Low Engagement,Low Engagement
24,579.0,44000.0,15,0,7,0,0,0.3247465176013865,Low Engagement,Low Engagement
27,321.0,19700000.0,0,1,8,1,1,0.745457079941243,High Engagement,High Engagement
22,708.0,964000.0,16,5,4,1,0,0.4842970593388098,High Engagement,Low Engagement
1,297.0,2590000.0,13,5,5,1,1,0.7626199304636536,High Engagement,High Engagement
15,1056.0,6770000.0,15,5,5,0,1,0.5816731973294071,Low Engagement,High Engagement
1,735.0,108000000.0,6,3,11,0,0,0.340911104949782,Low Engagement,Low Engagement
1,9193.0,5770000.0,9,1,12,1,1,0.7425064698190879,High Engagement,High Engagement
24,2751.0,1650000.0,19,6,11,0,0,0.2056538185747903,Low Engagement,Low Engagement
29,597.0,711000.0,16,2,9,0,0,0.22750240764024876,Low Engagement,Low Engagement
15,278.0,17900000.0,16,2,4,1,1,0.6551419754413335,High Engagement,High Engagement
27,415.0,15300000.0,20,2,10,1,1,0.7275106495176882,High Engagement,High Engagement
22,4744.0,12100.0,18,2,5,0,0,0.28022199775772755,Low Engagement,Low Engagement
25,303.0,3300000.0,13,1,10,0,0,0.29421245309629335,Low Engagement,Low Engagement
27,1232.0,2390000.0,19,4,10,0,0,0.40996273946469736,Low Engagement,Low Engagement
28,956.0,5710000.0,15,5,6,1,1,0.6540186470770365,High Engagement,High Engagement
23,1128.0,5550000.0,18,0,5,1,1,0.7604595838307547,High Engagement,High Engagement
24,298.0,1390000.0,22,0,12,1,0,0.393387840057959,High Engagement,Low Engagement
26,378.0,21300000.0,16,2,10,1,1,0.7565552479081775,High Engagement,High Engagement
10,635.0,81800000.0,10,3,6,1,1,0.7081535498684002,High Engagement,High Engagement
2,796.0,4510000.0,19,3,3,1,1,0.5554113057985568,High Engagement,High Engagement
20,614.0,52100000.0,19,5,10,1,1,0.7626388383086125,High Engagement,High Engagement
1,2067.0,2770000.0,20,4,1,1,1,0.7535893689541182,High Engagement,High Engagement
15,5884.0,777.0,9,3,9,0,0,0.19871025126058237,Low Engagement,Low Engagement
27,475.0,14200000.0,13,6,11,1,1,0.5553271724023681,High Engagement,High Engagement
10,195.0,62700000.0,13,4,3,1,1,0.7387155000458707,High Engagement,High Engagement
1,206.0,65500000.0,23,2,11,0,0,0.28022870847413894,Low Engagement,Low Engagement
17,358.0,61700000.0,1,2,10,1,1,0.6371659565802503,High Engagement,High Engagement
24,693.0,2440000.0,18,0,3,0,1,0.5212875728703684,Low Engagement,High Engagement
27,347.0,7000000.0,12,1,9,0,1,0.6762138920226043,Low Engagement,High Engagement
26,696.0,14200000.0,17,6,4,1,1,0.8152753328574458,High Engagement,High Engagement
24,503.0,11500000.0,14,4,8,1,1,0.7702968594586923,High Engagement,High Engagement
22,525.0,489000.0,1,0,8,1,0,0.36983711416845383,High Engagement,Low Engagement
27,574.0,1340000.0,13,6,7,0,0,0.41430349063783994,Low Engagement,Low Engagement
26,386.0,12500000.0,11,5,7,0,1,0.7322888239318209,Low Engagement,High Engagement
20,1076.0,1280000.0,12,5,9,0,0,0.4077534655816869,Low Engagement,Low Engagement
22,391.0,27000000.0,15,1,3,0,1,0.7137223823795789,Low Engagement,High Engagement
28,1474.0,16700000.0,17,5,7,1,1,0.7299459044179695,High Engagement,High Engagement
19,1558.0,6950.0,11,6,3,0,0,0.20020853239221603,Low Engagement,Low Engagement
20,1705.0,3180000.0,23,0,5,0,0,0.46652395534938457,Low Engagement,Low Engagement
15,2283.0,1180000.0,1,0,9,0,0,0.2602048676846351,Low Engagement,Low Engagement
28,690.0,3480000.0,17,1,8,0,0,0.43402495144658576,Low Engagement,Low Engagement
27,737.0,1230000.0,16,5,6,0,0,0.40813337394518023,Low Engagement,Low Engagement
17,623.0,1550000.0,17,6,1,1,0,0.4381438470952808,High Engagement,Low Engagement
24,2073.0,2110.0,10,3,11,0,0,0.1882111386466409,Low Engagement,Low Engagement
2,1317.0,489000.0,17,0,3,1,0,0.32166735582481676,High Engagement,Low Engagement
26,812.0,16000000.0,17,3,1,1,1,0.7660343608641488,High Engagement,High Engagement
22,353.0,7940000.0,6,0,12,1,1,0.674154932870751,High Engagement,High Engagement
29,954.0,43900000.0,16,2,7,0,0,0.29552628643105194,Low Engagement,Low Engagement
1,306.0,34800000.0,16,6,11,1,1,0.5746042486900468,High Engagement,High Engagement
26,1292.0,175000.0,18,3,1,1,0,0.2898409477789661,High Engagement,Low Engagement
25,266.0,1850000.0,12,0,10,1,0,0.28514431639902776,High Engagement,Low Engagement
22,603.0,298000.0,18,0,3,0,0,0.3724513704917256,Low Engagement,Low Engagement
2,1621.0,10900000.0,1,4,4,1,1,0.6542323423660154,High Engagement,High Engagement
26,752.0,4870000.0,13,6,5,1,1,0.6108870988429087,High Engagement,High Engagement
20,1499.0,1760000.0,18,1,11,1,0,0.24165971935765843,High Engagement,Low Engagement
20,1132.0,2420000.0,21,3,8,0,0,0.4383314086731043,Low Engagement,Low Engagement
20,566.0,429000.0,16,1,8,0,0,0.36091965140383064,Low Engagement,Low Engagement
24,16.0,66200000.0,12,2,11,0,0,0.3168276999008899,Low Engagement,Low Engagement
20,2543.0,16600000.0,22,4,9,1,1,0.6719796629804001,High Engagement,High Engagement
24,571.0,17500000.0,1,4,10,1,1,0.8017663191524803,High Engagement,High Engagement
17,273.0,949000.0,14,1,6,1,0,0.4011315947930306,High Engagement,Low Engagement
23,636.0,5190000.0,2,4,2,1,1,0.693150832370628,High Engagement,High Engagement
25,464.0,4920000.0,13,0,11,0,0,0.22915161995245395,Low Engagement,Low Engagement
15,252.0,14200000.0,13,3,7,0,1,0.647243557814772,Low Engagement,High Engagement
25,301.0,12700000.0,13,2,11,1,0,0.29657087269728477,High Engagement,Low Engagement
20,602.0,52100000.0,18,4,10,1,1,0.7437847988195476,High Engagement,High Engagement
20,660.0,5870000.0,13,2,3,1,1,0.6461234391194735,High Engagement,High Engagement
26,873.0,5540000.0,17,5,10,1,1,0.6825766539161457,High Engagement,High Engagement
25,475.0,14600000.0,0,2,11,0,0,0.2401520292918716,Low Engagement,Low Engagement
10,211.0,62700000.0,12,0,6,1,1,0.7524086438283955,High Engagement,High Engagement
22,583.0,25700.0,18,2,2,1,0,0.3519778276213276,High Engagement,Low Engagement
1,1067.0,514000.0,3,5,4,1,1,0.5509095343381464,High Engagement,High Engagement
10,292.0,2260000.0,7,4,9,1,1,0.5443622051270199,High Engagement,High Engagement
20,1198.0,3280000.0,21,1,10,1,0,0.4146170239678533,High Engagement,Low Engagement
24,734.0,123000.0,1,5,3,0,0,0.391955023080809,Low Engagement,Low Engagement
24,4957.0,62600.0,11,3,9,0,0,0.2733676896194278,Low Engagement,Low Engagement
20,420.0,2010000.0,2,3,11,0,0,0.3945534965037068,Low Engagement,Low Engagement
28,1119.0,16600000.0,16,3,10,1,1,0.7269579032763673,High Engagement,High Engagement
20,730.0,110000000.0,21,4,12,1,1,0.7445358417356343,High Engagement,High Engagement
28,1374.0,5430000.0,13,1,6,1,1,0.5890975201375684,High Engagement,High Engagement
25,353.0,4080000.0,19,5,9,0,0,0.32915500198718456,Low Engagement,Low Engagement
26,551.0,3700000.0,19,0,10,0,0,0.4588224016310369,Low Engagement,Low Engagement
20,3069.0,723000.0,8,1,10,0,0,0.32563860087563196,Low Engagement,Low Engagement
19,1420.0,283000.0,13,6,12,0,0,0.15279204982105749,Low Engagement,Low Engagement
26,585.0,8570000.0,13,4,2,1,1,0.7418067508103794,High Engagement,High Engagement
24,491.0,110000000.0,1,6,11,1,0,0.4810775529137313,High Engagement,Low Engagement
28,1975.0,35200000.0,8,4,11,1,0,0.4716500489486627,High Engagement,Low Engagement
22,462.0,2390000.0,11,1,11,1,0,0.38554505517351234,High Engagement,Low Engagement
20,1002.0,16900000.0,19,3,5,1,1,0.7489553980566599,High Engagement,High Engagement
26,313.0,1310000.0,17,2,3,0,0,0.41839314418607754,Low Engagement,Low Engagement
17,2889.0,16900000.0,8,4,11,1,0,0.4725976078576398,High Engagement,Low Engagement
28,313.0,4210000.0,18,3,2,1,0,0.47757327877873784,High Engagement,Low Engagement
24,368.0,13300000.0,0,5,7,1,1,0.770094309781544,High Engagement,High Engagement
27,1160.0,40100.0,22,2,2,0,0,0.31344144376480004,Low Engagement,Low Engagement
23,509.0,15400000.0,10,0,12,1,1,0.6479324527253753,High Engagement,High Engagement
29,782.0,43900000.0,19,2,7,0,0,0.3263385011540593,Low Engagement,Low Engagement
1,749.0,108000000.0,11,6,11,0,0,0.3286684824733101,Low Engagement,Low Engagement
1,1487.0,5600000.0,12,4,12,1,1,0.7533802866731927,High Engagement,High Engagement
15,1387.0,75000.0,17,2,6,0,0,0.1930800648215233,Low Engagement,Low Engagement
15,489.0,95200.0,12,3,5,0,0,0.28251462822803525,Low Engagement,Low Engagement
17,300.0,14200000.0,20,0,6,0,1,0.5836167035622353,Low Engagement,High Engagement
1,643.0,253000.0,7,0,1,0,0,0.47570393902682034,Low Engagement,Low Engagement
25,800.0,6610000.0,21,1,10,0,0,0.2851733859315942,Low Engagement,Low Engagement
17,421.0,14200000.0,21,4,8,0,1,0.6025327631455586,Low Engagement,High Engagement
28,2378.0,751000.0,20,3,8,0,0,0.35653791407739566,Low Engagement,Low Engagement
24,2356.0,17800000.0,0,0,9,1,1,0.6865661484430359,High Engagement,High Engagement
27,924.0,66200.0,17,6,3,0,0,0.3409981114907981,Low Engagement,Low Engagement
28,3486.0,695000.0,18,6,11,0,0,0.1790121026778782,Low Engagement,Low Engagement
24,365.0,10500000.0,14,1,1,1,1,0.7619348209424669,High Engagement,High Engagement
25,419.0,6080000.0,10,0,7,0,0,0.3694778569296154,Low Engagement,Low Engagement
23,287.0,3400000.0,22,4,4,1,1,0.5911740312447161,High Engagement,High Engagement
26,857.0,9390000.0,6,5,7,1,1,0.7320032666005875,High Engagement,High Engagement
24,35.0,66200000.0,8,1,11,0,0,0.3090904629842893,Low Engagement,Low Engagement
22,559.0,5550000.0,0,6,1,0,1,0.6921886489074387,Low Engagement,High Engagement
27,506.0,55800.0,4,6,2,1,0,0.34792159189621613,High Engagement,Low Engagement
28,671.0,7090000.0,14,2,7,0,1,0.5297510101272781,Low Engagement,High Engagement
22,703.0,2410000.0,14,5,8,0,0,0.47492210581951166,Low Engagement,Low Engagement
20,14851.0,2720000.0,19,0,9,1,0,0.46480608276835983,High Engagement,Low Engagement
20,944.0,213000.0,11,4,9,0,0,0.32288239742867114,Low Engagement,Low Engagement
26,895.0,39500.0,10,5,11,0,0,0.19364940202853748,Low Engagement,Low Engagement
28,321.0,1750000.0,16,2,12,0,0,0.37314018402838595,Low Engagement,Low Engagement
28,575.0,5710000.0,23,2,9,1,1,0.6101926837750826,High Engagement,High Engagement
24,645.0,37100000.0,18,3,8,0,1,0.8058952210561093,Low Engagement,High Engagement
23,838.0,6380000.0,22,0,11,0,1,0.5846178278641254,Low Engagement,High Engagement
15,435.0,1170000.0,22,4,3,0,0,0.34578033680209375,Low Engagement,Low Engagement
20,242.0,16700000.0,19,5,10,1,1,0.7492461824797751,High Engagement,High Engagement
27,261.0,6610000.0,15,0,6,1,1,0.7373902918041211,High Engagement,High Engagement
25,1867.0,2240000.0,9,0,11,0,0,0.23040773270810186,Low Engagement,Low Engagement
28,809.0,1750000.0,15,2,9,0,0,0.3913764836277213,Low Engagement,Low Engagement
17,1333.0,13600000.0,16,0,3,1,1,0.5891553395915802,High Engagement,High Engagement
28,486.0,7940000.0,15,4,9,1,1,0.661883977169198,High Engagement,High Engagement
26,540.0,1640000.0,10,5,4,1,0,0.4301751090177456,High Engagement,Low Engagement
27,299.0,744000.0,10,0,10,0,0,0.3544200997893405,Low Engagement,Low Engagement
17,426.0,5350000.0,8,3,8,0,1,0.5266523870142715,Low Engagement,High Engagement
27,1200.0,19700000.0,17,4,3,1,1,0.7138292650305819,High Engagement,High Engagement
25,347.0,9260000.0,22,4,8,1,0,0.331319148346097,High Engagement,Low Engagement
1,891.0,14900000.0,18,6,7,1,1,0.88510405941352,High Engagement,High Engagement
29,288.0,26900000.0,13,2,9,0,0,0.3306350808938591,Low Engagement,Low Engagement
19,2743.0,738000.0,17,3,3,0,0,0.23963197963650776,Low Engagement,Low Engagement
27,260.0,1870000.0,19,4,1,1,0,0.4340415714893021,High Engagement,Low Engagement
27,603.0,1290000.0,20,0,12,0,0,0.36307000916777293,Low Engagement,Low Engagement
24,283.0,1620000.0,19,0,11,0,0,0.2830678457894352,Low Engagement,Low Engagement
20,9389.0,9290000.0,22,3,10,0,1,0.5668885488355394,Low Engagement,High Engagement
19,701.0,61800.0,16,3,12,0,0,0.1615874151307668,Low Engagement,Low Engagement
19,465.0,396000.0,13,5,10,0,0,0.23996600979122054,Low Engagement,Low Engagement
28,1456.0,2960000.0,16,5,11,1,0,0.33876967433217337,High Engagement,Low Engagement
24,2491.0,2010000.0,17,3,7,1,0,0.4851631765227509,High Engagement,Low Engagement
15,695.0,6110000.0,13,5,7,1,1,0.6329414144257319,High Engagement,High Engagement
15,338.0,634000.0,21,4,7,1,0,0.30214547100112776,High Engagement,Low Engagement
17,11325.0,2940000.0,19,4,10,0,0,0.37233237038230294,Low Engagement,Low Engagement
22,1088.0,198000.0,4,6,11,0,0,0.20365248044391304,Low Engagement,Low Engagement
17,301.0,14200000.0,23,0,11,1,1,0.5093272359888297,High Engagement,High Engagement
15,675.0,793000.0,14,5,10,0,0,0.33751753769314335,Low Engagement,Low Engagement
20,602.0,1230000.0,13,2,8,0,0,0.4113809970372996,Low Engagement,Low Engagement
20,1747.0,15300000.0,11,0,10,1,1,0.665305775503279,High Engagement,High Engagement
28,442.0,2510000.0,7,5,10,0,0,0.42811309187718166,Low Engagement,Low Engagement
28,772.0,3020000.0,13,1,9,1,0,0.448800362921883,High Engagement,Low Engagement
17,1633.0,15700000.0,20,0,2,1,1,0.5736554911463657,High Engagement,High Engagement
28,2547.0,271000.0,0,3,1,0,0,0.3041580481388761,Low Engagement,Low Engagement
24,3401.0,62700000.0,12,3,9,1,1,0.6632540425860677,High Engagement,High Engagement
15,301.0,3990000.0,12,5,7,1,1,0.5267197894854356,High Engagement,High Engagement
20,664.0,15300000.0,11,2,6,1,1,0.7424855912995508,High Engagement,High Engagement
22,532.0,5520000.0,18,1,11,1,1,0.5385213848118902,High Engagement,High Engagement
24,1004.0,23600000.0,18,6,4,1,1,0.8413461542776042,High Engagement,High Engagement
28,1369.0,22000000.0,14,3,5,1,1,0.6342504891894385,High Engagement,High Engagement
19,855.0,187000.0,13,5,11,0,0,0.17650726387534946,Low Engagement,Low Engagement
28,712.0,20600000.0,14,3,12,1,1,0.6940738889507096,High Engagement,High Engagement
2,1974.0,106000.0,20,1,4,0,0,0.308375695477829,Low Engagement,Low Engagement
24,693.0,54300000.0,13,3,8,1,1,0.7913672127111802,High Engagement,High Engagement
28,1825.0,10300000.0,14,6,11,0,0,0.44553868911645156,Low Engagement,Low Engagement
20,584.0,23300000.0,3,2,4,1,1,0.7381139232820846,High Engagement,High Engagement
22,1298.0,1100000.0,15,2,2,1,0,0.4058297551340183,High Engagement,Low Engagement
24,854.0,1450000.0,10,5,5,1,0,0.4606870123760437,High Engagement,Low Engagement
23,314.0,5190000.0,8,3,7,0,1,0.6265041408339012,Low Engagement,High Engagement
15,242.0,3830000.0,15,4,2,1,0,0.4731436066812275,High Engagement,Low Engagement
20,13778.0,2720000.0,20,0,12,1,0,0.4300030997359402,High Engagement,Low Engagement
20,618.0,24900000.0,18,1,12,1,1,0.7549910794358361,High Engagement,High Engagement
20,520.0,16700000.0,21,3,11,1,1,0.5561089738805214,High Engagement,High Engagement
20,1418.0,437000.0,14,1,8,0,0,0.3066974608836287,Low Engagement,Low Engagement
20,8320.0,4220000.0,0,4,12,0,0,0.4941218871993451,Low Engagement,Low Engagement
27,443.0,769000.0,14,6,1,1,0,0.3974881522521573,High Engagement,Low Engagement
15,741.0,1300000.0,13,5,10,1,0,0.3476020972628667,High Engagement,Low Engagement
20,840.0,8270000.0,13,4,11,0,0,0.4463897697184647,Low Engagement,Low Engagement
20,562.0,447000.0,15,2,7,0,0,0.3664455787570232,Low Engagement,Low Engagement
27,878.0,23600.0,12,0,11,0,0,0.18484198395129708,Low Engagement,Low Engagement
10,607.0,4730000.0,15,2,1,0,1,0.5527434628190447,Low Engagement,High Engagement
28,340.0,3690000.0,19,6,7,1,0,0.43542340304259586,High Engagement,Low Engagement
24,1008.0,16900000.0,20,1,6,1,1,0.8354115029555976,High Engagement,High Engagement
26,300.0,44700000.0,5,2,9,1,1,0.7374828799658694,High Engagement,High Engagement
26,1427.0,521000.0,17,6,9,0,0,0.3257184491336519,Low Engagement,Low Engagement
24,510.0,7960000.0,19,1,12,1,1,0.7850888689699697,High Engagement,High Engagement
28,425.0,5710000.0,16,5,9,1,1,0.6567538536310141,High Engagement,High Engagement
19,1256.0,5930000.0,13,6,12,0,1,0.5312658860538566,Low Engagement,High Engagement
10,832.0,3060000.0,3,1,7,0,0,0.42923888276667543,Low Engagement,Low Engagement
20,1148.0,4110000.0,10,5,6,0,0,0.4906820161114737,Low Engagement,Low Engagement
15,691.0,1110000.0,11,3,11,0,0,0.2596125189254413,Low Engagement,Low Engagement
27,1565.0,2810000.0,12,3,9,1,0,0.4627313153833288,High Engagement,Low Engagement
26,801.0,1170000.0,23,5,11,1,0,0.24404077056416862,High Engagement,Low Engagement
20,1139.0,13000000.0,9,6,7,0,1,0.7090982639761029,Low Engagement,High Engagement
23,1335.0,15700000.0,14,2,6,1,1,0.7479311417271145,High Engagement,High Engagement
25,14149.0,1480000.0,20,5,5,1,0,0.3691182976688841,High Engagement,Low Engagement
17,1570.0,184000.0,20,1,7,0,0,0.3247023479400678,Low Engagement,Low Engagement
15,1205.0,2750000.0,18,4,10,0,0,0.39443549593100813,Low Engagement,Low Engagement
20,3016.0,955000.0,19,0,6,0,0,0.3827295459609721,Low Engagement,Low Engagement
26,136.0,71700000.0,16,4,12,0,1,0.7400694271811271,Low Engagement,High Engagement
29,1761.0,543000.0,20,5,4,0,0,0.17585443814970514,Low Engagement,Low Engagement
27,514.0,7300000.0,17,4,2,0,1,0.6956143194065266,Low Engagement,High Engagement
26,636.0,3140000.0,19,3,9,1,0,0.4552504023391912,High Engagement,Low Engagement
15,1601.0,2500.0,16,5,3,0,0,0.20247498538172026,Low Engagement,Low Engagement
20,270.0,3530000.0,9,6,9,0,0,0.460624806455178,Low Engagement,Low Engagement
27,644.0,83600.0,12,1,3,0,0,0.3542931985848013,Low Engagement,Low Engagement
1,615.0,3200000.0,14,0,6,1,1,0.7403996678992069,High Engagement,High Engagement
20,1091.0,4840000.0,21,0,10,0,1,0.5501737618839797,Low Engagement,High Engagement
22,1205.0,53300.0,15,4,6,0,0,0.31539686929754157,Low Engagement,Low Engagement
10,190.0,307000000.0,15,1,11,0,0,0.37560067146878223,Low Engagement,Low Engagement
1,315.0,34800000.0,14,3,8,1,1,0.8289687214726148,High Engagement,High Engagement
23,406.0,5190000.0,4,2,7,0,1,0.5815914296962252,Low Engagement,High Engagement
17,349.0,3040000.0,18,1,3,0,0,0.44649959252165855,Low Engagement,Low Engagement
22,369.0,5310000.0,20,4,11,0,0,0.49813447606380784,Low Engagement,Low Engagement
28,1732.0,103000.0,18,5,12,0,0,0.29482204710624604,Low Engagement,Low Engagement
25,469.0,10300000.0,16,5,11,1,0,0.3815404358563362,High Engagement,Low Engagement
22,574.0,26300000.0,0,4,9,1,1,0.7587846250003826,High Engagement,High Engagement
20,803.0,2880000.0,20,0,6,1,0,0.47714998602418424,High Engagement,Low Engagement
28,766.0,21900000.0,13,3,5,1,1,0.7363291744190684,High Engagement,High Engagement
10,230.0,62700000.0,4,4,5,1,1,0.7672973349323238,High Engagement,High Engagement
29,970.0,43900000.0,15,3,6,0,0,0.34813840604711693,Low Engagement,Low Engagement
24,951.0,10600000.0,17,2,12,1,1,0.7624085043660995,High Engagement,High Engagement
22,732.0,4420000.0,22,1,5,1,1,0.540994891267187,High Engagement,High Engagement
28,2593.0,1960000.0,21,0,10,0,0,0.4050226738395689,Low Engagement,Low Engagement
17,993.0,23900000.0,22,4,8,1,1,0.7527105200160507,High Engagement,High Engagement
28,654.0,19600000.0,18,2,11,0,1,0.5935240703166605,Low Engagement,High Engagement
20,1024.0,2340000.0,15,5,10,0,0,0.4413600214089779,Low Engagement,Low Engagement
24,1060.0,36100.0,20,1,5,0,0,0.3275100215345058,Low Engagement,Low Engagement
28,682.0,5710000.0,20,2,1,1,1,0.6353600373739177,High Engagement,High Engagement
20,722.0,6630000.0,21,3,2,1,1,0.6497840508988473,High Engagement,High Engagement
1,858.0,2540000.0,10,4,5,1,1,0.7353188659307636,High Engagement,High Engagement
24,1113.0,2840000.0,2,1,11,1,0,0.3688363008204959,High Engagement,Low Engagement
15,4118.0,9530.0,23,5,11,0,0,0.14307052582957772,Low Engagement,Low Engagement
26,477.0,11000000.0,14,6,8,0,1,0.7996883445183139,Low Engagement,High Engagement
27,625.0,24900000.0,13,6,6,1,1,0.7521161410580413,High Engagement,High Engagement
20,991.0,2640000.0,15,0,6,1,0,0.46552097975785767,High Engagement,Low Engagement
24,1604.0,10400000.0,12,4,11,0,0,0.40744401764683347,Low Engagement,Low Engagement
25,1248.0,1030000.0,16,4,7,0,0,0.3005309748591095,Low Engagement,Low Engagement
1,784.0,108000000.0,5,5,11,0,0,0.3490644017248697,Low Engagement,Low Engagement
22,248.0,265000.0,9,6,11,0,0,0.2714000059004437,Low Engagement,Low Engagement
28,905.0,7090000.0,14,1,8,0,0,0.4826135577679034,Low Engagement,Low Engagement
24,280.0,6140000.0,11,6,8,1,1,0.7193841782022496,High Engagement,High Engagement
17,684.0,23900000.0,22,4,10,1,1,0.738240713490101,High Engagement,High Engagement
24,675.0,5860000.0,20,5,4,1,1,0.8068100877400806,High Engagement,High Engagement
27,2225.0,6250.0,14,2,10,0,0,0.2745355441710314,Low Engagement,Low Engagement
24,575.0,4880000.0,15,0,3,0,1,0.7140221623950578,Low Engagement,High Engagement
20,615.0,23300000.0,2,0,12,1,1,0.7383956161990192,High Engagement,High Engagement
20,1036.0,15000000.0,16,0,10,1,1,0.732692692045488,High Engagement,High Engagement
10,384.0,2590000.0,14,3,11,0,0,0.4838812424235621,Low Engagement,Low Engagement
25,1863.0,14600000.0,21,4,11,0,0,0.25879058923449083,Low Engagement,Low Engagement
10,460.0,1980000.0,19,4,8,1,0,0.47414242576491544,High Engagement,Low Engagement
17,925.0,3770000.0,16,4,6,0,0,0.4542304236874735,Low Engagement,Low Engagement
26,1585.0,6630000.0,16,6,6,1,1,0.6664904143502485,High Engagement,High Engagement
23,313.0,1830000.0,17,2,4,0,1,0.5633915600570824,Low Engagement,High Engagement
22,277.0,10100000.0,2,0,11,1,1,0.5425820765021802,High Engagement,High Engagement
26,1280.0,19700.0,12,1,11,0,0,0.15955747947951737,Low Engagement,Low Engagement
27,287.0,6610000.0,16,0,11,1,1,0.6126474302758602,High Engagement,High Engagement
17,41262.0,53200.0,22,0,12,0,0,0.23724325096501858,Low Engagement,Low Engagement
17,572.0,1280000.0,21,5,5,1,0,0.4073323765889288,High Engagement,Low Engagement
17,1022.0,23600000.0,13,2,6,1,1,0.6387454388021636,High Engagement,High Engagement
22,1128.0,31000.0,5,2,12,1,0,0.3352883863614454,High Engagement,Low Engagement
27,611.0,4610000.0,0,0,4,1,1,0.6138168297694707,High Engagement,High Engagement
29,2851.0,2050000.0,13,0,5,0,0,0.24501255129255298,Low Engagement,Low Engagement
17,2566.0,2190000.0,20,6,9,0,0,0.4249653314387744,Low Engagement,Low Engagement
26,359.0,3740000.0,10,1,4,1,0,0.4488970666429688,High Engagement,Low Engagement
17,1687.0,1140000.0,23,3,9,0,0,0.39197094553656264,Low Engagement,Low Engagement
20,696.0,23300000.0,3,0,7,1,1,0.7549214257452335,High Engagement,High Engagement
26,565.0,14200000.0,17,6,3,1,1,0.8068351626736477,High Engagement,High Engagement
20,1093.0,4110000.0,9,3,10,0,0,0.4626780922459954,Low Engagement,Low Engagement
20,331.0,396000.0,17,5,10,0,0,0.3553804023366575,Low Engagement,Low Engagement
20,729.0,2010000.0,1,0,11,1,0,0.4148208041480643,High Engagement,Low Engagement
20,1015.0,48800000.0,3,6,10,1,1,0.7548433589848971,High Engagement,High Engagement
20,3677.0,67200.0,13,0,1,0,0,0.2952928298811863,Low Engagement,Low Engagement
27,315.0,22200000.0,15,1,8,1,1,0.7568897423195401,High Engagement,High Engagement
2,848.0,2960000.0,17,0,4,0,0,0.4446206878433383,Low Engagement,Low Engagement
28,777.0,22000000.0,0,4,9,1,1,0.7409597520211881,High Engagement,High Engagement
28,569.0,24700000.0,16,5,11,1,1,0.6222049701257121,High Engagement,High Engagement
27,512.0,214000.0,20,3,11,0,0,0.2656777074766644,Low Engagement,Low Engagement
20,1573.0,2400000.0,19,5,9,0,0,0.44565616717175666,Low Engagement,Low Engagement
10,330.0,308000000.0,13,1,5,1,1,0.6976358307618841,High Engagement,High Engagement
28,1845.0,627000.0,15,3,2,0,0,0.35901777043346156,Low Engagement,Low Engagement
17,919.0,5340000.0,21,3,7,1,1,0.543317715144333,High Engagement,High Engagement
23,429.0,1830000.0,15,2,1,1,1,0.5759926298936663,High Engagement,High Engagement
1,1000.0,13400000.0,17,5,10,1,1,0.8591453853809734,High Engagement,High Engagement
15,560.0,1250000.0,2,5,2,1,0,0.3292481188642089,High Engagement,Low Engagement
28,814.0,16700000.0,18,0,8,1,1,0.7283754876196762,High Engagement,High Engagement
23,260.0,7220000.0,10,6,5,1,1,0.6791513031885836,High Engagement,High Engagement
20,6738.0,429000.0,17,4,7,0,0,0.31345456428128726,Low Engagement,Low Engagement
28,265.0,819000.0,19,0,11,0,0,0.2803874665605275,Low Engagement,Low Engagement
24,1480.0,154000.0,17,5,10,0,0,0.29776581477010644,Low Engagement,Low Engagement
29,395.0,43900000.0,18,1,9,0,0,0.31548353308662064,Low Engagement,Low Engagement
23,364.0,13300000.0,17,3,11,0,1,0.5837447112173932,Low Engagement,High Engagement
15,681.0,10200.0,9,3,6,0,0,0.2922509147767942,Low Engagement,Low Engagement
2,1272.0,3320000.0,13,6,11,0,0,0.36118224839873414,Low Engagement,Low Engagement
24,1225.0,21800000.0,15,0,6,1,1,0.7859502259515841,High Engagement,High Engagement
28,439.0,13200000.0,2,2,9,0,1,0.6874518122965014,Low Engagement,High Engagement
20,786.0,2890000.0,13,2,11,0,0,0.34267935995426396,Low Engagement,Low Engagement
26,254.0,21300000.0,0,6,12,1,1,0.7666922379695457,High Engagement,High Engagement
15,485.0,1250000.0,17,0,2,0,0,0.3219322503669876,Low Engagement,Low Engagement
22,641.0,5550000.0,20,4,11,0,1,0.5451702992117149,Low Engagement,High Engagement
19,1319.0,2250000.0,13,5,6,0,0,0.399367389700714,Low Engagement,Low Engagement
27,1080.0,7880000.0,16,1,11,1,1,0.555905197911745,High Engagement,High Engagement
20,912.0,3700000.0,23,2,7,1,0,0.4665437847302387,High Engagement,Low Engagement
15,421.0,3740000.0,15,5,6,0,0,0.44786528308153956,Low Engagement,Low Engagement
27,807.0,3830000.0,16,4,7,1,0,0.45125871805821094,High Engagement,Low Engagement
27,1402.0,239000.0,22,1,9,0,0,0.2912173718771466,Low Engagement,Low Engagement
17,442.0,184000.0,7,5,8,0,0,0.35125936442830014,Low Engagement,Low Engagement
25,249.0,2390000.0,21,4,2,0,0,0.28871228435439494,Low Engagement,Low Engagement
20,730.0,3640000.0,19,2,9,1,0,0.4433562138374035,High Engagement,Low Engagement
29,736.0,43900000.0,15,2,5,0,0,0.3113358877746008,Low Engagement,Low Engagement
24,556.0,19100000.0,15,2,9,0,1,0.7848223656502841,Low Engagement,High Engagement
20,379.0,207000.0,15,6,10,0,0,0.3730792493589253,Low Engagement,Low Engagement
20,662.0,70300.0,10,0,6,0,0,0.3259206270887984,Low Engagement,Low Engagement
23,342.0,10200000.0,10,1,12,1,1,0.6246294514596911,High Engagement,High Engagement
19,10940.0,195000.0,11,5,12,0,0,0.14395719351075167,Low Engagement,Low Engagement
22,402.0,314.0,7,6,3,0,0,0.3459163038909231,Low Engagement,Low Engagement
15,713.0,849000.0,12,4,4,0,0,0.30523520853823505,Low Engagement,Low Engagement
17,693.0,3490000.0,10,5,2,0,0,0.4719487908689528,Low Engagement,Low Engagement
28,847.0,2410000.0,15,5,11,0,0,0.34815062741537534,Low Engagement,Low Engagement
1,311.0,2890000.0,14,3,6,1,1,0.7514065384367022,High Engagement,High Engagement
22,823.0,434000.0,13,2,2,0,0,0.37080517705331156,Low Engagement,Low Engagement
28,1145.0,16600000.0,17,0,8,1,1,0.7250017679462589,High Engagement,High Engagement
23,937.0,5550000.0,18,4,6,1,1,0.7625790305595772,High Engagement,High Engagement
24,688.0,19600000.0,23,1,9,1,1,0.7964123708437489,High Engagement,High Engagement
29,410.0,1620000.0,3,4,6,0,0,0.2397324701939382,Low Engagement,Low Engagement
27,912.0,1490000.0,16,3,11,0,0,0.28221535472624687,Low Engagement,Low Engagement
20,1634.0,9940000.0,0,6,4,0,1,0.6831093799681137,Low Engagement,High Engagement
27,484.0,257000.0,11,4,3,0,0,0.36521059747345824,Low Engagement,Low Engagement
27,3682.0,28800000.0,13,6,9,1,1,0.6900448378852416,High Engagement,High Engagement
28,413.0,439000.0,10,6,7,1,0,0.33544902899236795,High Engagement,Low Engagement
17,382.0,35100.0,19,6,3,1,0,0.3929259742630059,High Engagement,Low Engagement
27,2979.0,97900000.0,10,1,8,0,1,0.6765413207095565,Low Engagement,High Engagement
20,853.0,6750000.0,5,2,6,0,1,0.6274256660540414,Low Engagement,High Engagement
19,1113.0,662000.0,15,4,12,0,0,0.166872583045026,Low Engagement,Low Engagement
15,1010.0,108000.0,16,5,11,0,0,0.1910380564008529,Low Engagement,Low Engagement
1,531.0,2120000.0,23,4,4,1,1,0.7355964348090722,High Engagement,High Engagement
27,683.0,4860000.0,17,1,10,1,1,0.5899842393476669,High Engagement,High Engagement
15,821.0,41800.0,16,5,3,0,0,0.2711026733715415,Low Engagement,Low Engagement
20,525.0,1690000.0,16,3,10,0,0,0.3937283659729208,Low Engagement,Low Engagement
20,694.0,2010000.0,0,0,3,1,1,0.5132619436537436,High Engagement,High Engagement
24,1023.0,23600000.0,17,6,11,1,1,0.5971559730656831,High Engagement,High Engagement
20,681.0,52000000.0,18,3,10,1,1,0.7551607310877252,High Engagement,High Engagement
1,2843.0,2940000.0,15,5,4,1,1,0.7502192998010021,High Engagement,High Engagement
1,752.0,108000000.0,11,4,11,0,0,0.32806725802300746,Low Engagement,Low Engagement
22,546.0,12700000.0,12,4,2,1,1,0.7408160306495885,High Engagement,High Engagement
15,791.0,557000.0,2,6,8,0,0,0.29891131725445597,Low Engagement,Low Engagement
28,1910.0,3640000.0,7,6,4,1,0,0.45510357993799044,High Engagement,Low Engagement
22,1098.0,25400.0,13,4,11,0,0,0.19309993980294798,Low Engagement,Low Engagement
28,710.0,720000.0,9,1,6,1,0,0.3642056171199345,High Engagement,Low Engagement
26,386.0,2300000.0,13,2,2,0,0,0.44260413963670475,Low Engagement,Low Engagement
28,6763.0,16700.0,16,2,9,0,0,0.2919776762196056,Low Engagement,Low Engagement
27,489.0,15300000.0,16,3,11,1,1,0.6218528341322789,High Engagement,High Engagement
20,1531.0,7220000.0,20,4,12,1,1,0.6113853091719131,High Engagement,High Engagement
24,632.0,7960000.0,14,0,5,1,1,0.7368728910578838,High Engagement,High Engagement
19,639.0,4370000.0,15,5,11,1,0,0.3949638542822809,High Engagement,Low Engagement
28,1093.0,2390000.0,12,4,12,0,0,0.3984194797305107,Low Engagement,Low Engagement
28,643.0,3690000.0,20,6,7,0,0,0.46514319682914995,Low Engagement,Low Engagement
28,1086.0,7090000.0,14,0,4,0,1,0.5293846278280547,Low Engagement,High Engagement
28,1154.0,16600000.0,20,1,5,1,1,0.7474085309289289,High Engagement,High Engagement
29,1034.0,43900000.0,20,3,6,0,0,0.3453774843146356,Low Engagement,Low Engagement
20,604.0,23300000.0,2,6,9,1,1,0.7633924855802375,High Engagement,High Engagement
22,330.0,128000.0,9,4,12,1,0,0.3426885016594058,High Engagement,Low Engagement
22,5739.0,437000.0,16,3,7,0,0,0.34159419001485747,Low Engagement,Low Engagement
20,608.0,5840000.0,19,0,4,1,1,0.677600252849647,High Engagement,High Engagement
24,269.0,21100000.0,15,4,5,1,1,0.8118444579993923,High Engagement,High Engagement
22,500.0,5690000.0,19,4,12,1,1,0.7102123135493688,High Engagement,High Engagement
27,259.0,3480000.0,16,1,9,0,0,0.4277051924126809,Low Engagement,Low Engagement
22,296.0,5660000.0,12,5,3,1,1,0.6801520540053722,High Engagement,High Engagement
17,1361.0,3280000.0,0,5,7,1,0,0.48750796864399754,High Engagement,Low Engagement
22,504.0,21300000.0,20,4,4,1,1,0.7738192759028143,High Engagement,High Engagement
28,952.0,1210000.0,16,0,6,1,0,0.38418823368715577,High Engagement,Low Engagement
25,259.0,18900000.0,12,1,4,0,0,0.4599468811070191,Low Engagement,Low Engagement
23,426.0,33100000.0,5,1,2,1,1,0.6242604660446361,High Engagement,High Engagement
27,1657.0,14800000.0,17,5,11,1,0,0.4961559114565003,High Engagement,Low Engagement
22,2055.0,7340000.0,12,1,12,1,1,0.6097422814243444,High Engagement,High Engagement
15,1403.0,3040000.0,11,5,1,0,0,0.3965978982634111,Low Engagement,Low Engagement
15,601.0,26400.0,23,0,1,0,0,0.2549625832747855,Low Engagement,Low Engagement
24,53.0,81300000.0,17,3,8,1,1,0.7862228419895879,High Engagement,High Engagement
24,537.0,2780.0,15,4,3,0,0,0.35121270177007513,Low Engagement,Low Engagement
22,445.0,7300000.0,16,6,5,1,1,0.7135721568062222,High Engagement,High Engagement
28,1005.0,26900000.0,15,0,6,0,1,0.7135549250322251,Low Engagement,High Engagement
1,377.0,34800000.0,14,4,4,1,1,0.837234979980973,High Engagement,High Engagement
15,385.0,15200000.0,18,1,6,0,1,0.6036294965704814,Low Engagement,High Engagement
27,16269.0,11300000.0,18,3,9,1,1,0.6708178717705575,High Engagement,High Engagement
28,2701.0,1040000.0,20,2,10,1,0,0.3397406655026869,High Engagement,Low Engagement
22,486.0,1130000.0,15,3,8,0,0,0.4306329953980448,Low Engagement,Low Engagement
22,856.0,5520000.0,16,4,10,1,1,0.69423644917203,High Engagement,High Engagement
28,243.0,13200000.0,19,3,9,0,1,0.699510755365658,Low Engagement,High Engagement
24,670.0,22800000.0,19,6,5,1,1,0.8455200610924897,High Engagement,High Engagement
24,807.0,23600000.0,18,4,6,1,1,0.8194253076605811,High Engagement,High Engagement
28,839.0,1430000.0,10,5,9,1,0,0.39223462222680217,High Engagement,Low Engagement
20,725.0,846000.0,15,3,5,1,0,0.4202786618774308,High Engagement,Low Engagement
24,338.0,8310.0,8,3,11,0,0,0.23425250752312451,Low Engagement,Low Engagement
27,22820.0,586000.0,18,0,3,0,0,0.3729707302884145,Low Engagement,Low Engagement
1,290.0,11000000.0,19,0,8,1,1,0.8385375998243882,High Engagement,High Engagement
20,1617.0,2000000.0,22,4,1,0,0,0.44134930801574523,Low Engagement,Low Engagement
2,938.0,10700000.0,11,1,9,1,1,0.7029415101936952,High Engagement,High Engagement
24,832.0,14500.0,20,6,8,0,0,0.3394102662367948,Low Engagement,Low Engagement
20,725.0,293000.0,11,3,1,1,0,0.3690732918517474,High Engagement,Low Engagement
19,1266.0,1210000.0,5,5,10,1,0,0.2975229134705515,High Engagement,Low Engagement
20,383.0,11300000.0,17,1,3,1,1,0.6796203408352123,High Engagement,High Engagement
28,797.0,4710000.0,14,1,7,1,1,0.5292312161007774,High Engagement,High Engagement
1,935.0,13400000.0,19,3,8,1,1,0.8597254109522269,High Engagement,High Engagement
20,486.0,1920000.0,14,5,11,0,0,0.3400027672857112,Low Engagement,Low Engagement
28,452.0,4050000.0,3,4,10,1,0,0.41219269597498037,High Engagement,Low Engagement
15,262.0,6010.0,11,5,10,0,0,0.29914765575789715,Low Engagement,Low Engagement
24,3776.0,44000000.0,11,2,10,1,1,0.6546646179603631,High Engagement,High Engagement
15,611.0,32300.0,16,3,5,0,0,0.2572589338845597,Low Engagement,Low Engagement
23,300.0,12400000.0,10,1,2,1,1,0.6371252743053506,High Engagement,High Engagement
2,259.0,9420000.0,10,6,3,0,1,0.6920883641484081,Low Engagement,High Engagement
17,3653.0,34100.0,17,0,12,0,0,0.2183640597725232,Low Engagement,Low Engagement
26,661.0,25900000.0,12,1,1,1,1,0.7809829199872639,High Engagement,High Engagement
28,614.0,5710000.0,15,1,11,0,0,0.48862348279613704,Low Engagement,Low Engagement
19,243.0,417000.0,15,1,6,0,0,0.2738487816438,Low Engagement,Low Engagement
26,419.0,450000.0,13,4,5,1,0,0.3621155692912199,High Engagement,Low Engagement
19,3016.0,1510000.0,8,1,12,0,0,0.29588103464224225,Low Engagement,Low Engagement
28,765.0,1210000.0,20,5,9,0,0,0.38974513396467386,Low Engagement,Low Engagement
22,1339.0,7920000.0,15,5,7,1,1,0.6734865762986186,High Engagement,High Engagement
28,466.0,22000000.0,12,5,3,1,1,0.7553529407253415,High Engagement,High Engagement
20,1017.0,2720000.0,16,2,12,0,0,0.4249798615980344,Low Engagement,Low Engagement
20,1006.0,514000.0,23,1,11,0,0,0.21803584436665205,Low Engagement,Low Engagement
28,850.0,5000000.0,14,4,11,1,0,0.44734594677212364,High Engagement,Low Engagement
23,920.0,21900.0,23,4,7,0,0,0.4058507238849739,Low Engagement,Low Engagement
26,1446.0,211000.0,20,1,12,0,0,0.2767700861931148,Low Engagement,Low Engagement
22,606.0,11600.0,22,4,11,0,0,0.21346056439487004,Low Engagement,Low Engagement
25,1303.0,253000.0,19,6,11,0,0,0.12265395028646009,Low Engagement,Low Engagement
22,509.0,964000.0,16,5,9,1,0,0.4604603627682812,High Engagement,Low Engagement
17,1572.0,936000.0,11,3,1,1,0,0.3818871332297641,High Engagement,Low Engagement
28,56.0,71700000.0,21,3,10,1,1,0.7545136333777485,High Engagement,High Engagement
24,256.0,21700000.0,17,3,5,1,1,0.8028390665357932,High Engagement,High Engagement
19,918.0,4370000.0,15,6,3,1,0,0.48434332732408736,High Engagement,Low Engagement
22,720.0,144000.0,13,6,8,0,0,0.3500073294181025,Low Engagement,Low Engagement
26,1360.0,1440000.0,14,3,10,0,0,0.355233914811804,Low Engagement,Low Engagement
23,855.0,7150000.0,19,4,1,1,1,0.7680187634034056,High Engagement,High Engagement
23,3710.0,18500000.0,14,3,7,1,1,0.7423088333984371,High Engagement,High Engagement
24,1083.0,19100000.0,15,6,10,1,1,0.803481804616058,High Engagement,High Engagement
1,633.0,14900000.0,18,6,7,1,1,0.8846832398905099,High Engagement,High Engagement
25,503.0,553000.0,11,4,4,0,0,0.31004596811708823,Low Engagement,Low Engagement
15,1497.0,1300000.0,17,4,8,1,0,0.2649829832240609,High Engagement,Low Engagement
27,815.0,5130000.0,20,0,5,0,1,0.559032548905929,Low Engagement,High Engagement
22,1055.0,6000000.0,17,3,8,1,1,0.6997165205733126,High Engagement,High Engagement
25,535.0,14600000.0,22,1,10,0,0,0.2817265849298953,Low Engagement,Low Engagement
15,435.0,2740000.0,18,1,4,0,0,0.4189615584928386,Low Engagement,Low Engagement
24,270.0,5700000.0,23,0,11,1,1,0.5509262669351779,High Engagement,High Engagement
17,1404.0,603000.0,15,5,11,0,0,0.2306433502578541,Low Engagement,Low Engagement
24,561.0,2390000.0,18,0,11,0,0,0.38017835685076956,Low Engagement,Low Engagement
28,975.0,2890000.0,19,6,11,0,0,0.33401446850331895,Low Engagement,Low Engagement
20,563.0,4840000.0,16,0,6,0,1,0.5802147236774146,Low Engagement,High Engagement
15,275.0,82400.0,17,6,8,0,0,0.29804112468342187,Low Engagement,Low Engagement
15,702.0,153000.0,16,4,12,0,0,0.2742791309535219,Low Engagement,Low Engagement
1,651.0,3350000.0,14,6,7,1,1,0.7504756279429214,High Engagement,High Engagement
26,562.0,679000.0,12,6,12,1,0,0.39125624671686166,High Engagement,Low Engagement
23,1704.0,24000.0,10,5,6,1,1,0.501997822421992,High Engagement,High Engagement
28,625.0,3480000.0,18,4,10,0,0,0.41553367839773425,Low Engagement,Low Engagement
27,873.0,1220000.0,0,2,1,1,0,0.39571196611404813,High Engagement,Low Engagement
23,314.0,13300000.0,1,3,5,0,1,0.62078347378336,Low Engagement,High Engagement
26,1304.0,1750000.0,20,0,11,0,0,0.2793367140254723,Low Engagement,Low Engagement
20,749.0,2680000.0,19,5,7,1,0,0.49227641665585053,High Engagement,Low Engagement
15,741.0,2560000.0,18,5,1,0,0,0.3856443291133468,Low Engagement,Low Engagement
22,481.0,10200000.0,19,2,2,1,1,0.7447101108177187,High Engagement,High Engagement
24,214.0,66200000.0,5,2,11,0,0,0.3582677319527802,Low Engagement,Low Engagement
25,2727.0,7200000.0,12,4,10,1,0,0.3894499239178871,High Engagement,Low Engagement
20,252.0,5020000.0,4,4,8,1,1,0.5578835564669559,High Engagement,High Engagement
23,2339.0,7780000.0,13,6,8,0,1,0.7579161134977546,Low Engagement,High Engagement
26,303.0,1270000.0,12,2,3,1,0,0.4382071423593432,High Engagement,Low Engagement
10,274.0,533000.0,18,0,8,0,0,0.494441319771609,Low Engagement,Low Engagement
22,716.0,54300000.0,16,6,10,1,1,0.7633956204338407,High Engagement,High Engagement
22,707.0,52600.0,17,5,5,1,0,0.34185525859032145,High Engagement,Low Engagement
24,979.0,6310000.0,20,6,2,1,1,0.8093295737435913,High Engagement,High Engagement
28,688.0,24700000.0,16,0,4,1,1,0.7475246624073867,High Engagement,High Engagement
1,776.0,14700000.0,13,5,5,1,1,0.8395719002228229,High Engagement,High Engagement
24,942.0,2520000.0,13,6,8,1,1,0.519428947140387,High Engagement,High Engagement
28,5409.0,1370000.0,0,5,4,0,0,0.3945496957066825,Low Engagement,Low Engagement
25,299.0,1420000.0,22,0,1,0,0,0.2784892541461376,Low Engagement,Low Engagement
27,900.0,3390000.0,6,3,10,1,0,0.42077628161690384,High Engagement,Low Engagement
28,984.0,630000.0,13,5,5,0,0,0.3593034389417085,Low Engagement,Low Engagement
15,250.0,14200000.0,13,2,7,0,1,0.6223393740194807,Low Engagement,High Engagement
17,431.0,2400000.0,16,0,3,0,0,0.45632147222364466,Low Engagement,Low Engagement
22,852.0,964000.0,20,4,10,1,0,0.41125978853695766,High Engagement,Low Engagement
24,241.0,949000.0,17,1,8,0,0,0.3936020553193612,Low Engagement,Low Engagement
20,702.0,1660000.0,21,2,1,0,0,0.4251172927293449,Low Engagement,Low Engagement
22,964.0,5900000.0,18,6,9,1,1,0.7122367534775139,High Engagement,High Engagement
20,802.0,10200000.0,15,0,5,1,1,0.7070413721108012,High Engagement,High Engagement
29,277.0,1170000.0,22,6,2,1,0,0.19432715578195983,High Engagement,Low Engagement
17,715.0,1430000.0,12,5,9,1,0,0.43305322719023004,High Engagement,Low Engagement
17,1333.0,23700000.0,16,3,11,0,1,0.516140404308519,Low Engagement,High Engagement
28,890.0,2540000.0,16,2,2,0,0,0.4310146327838341,Low Engagement,Low Engagement
23,506.0,33200000.0,3,1,5,1,1,0.6163477659509485,High Engagement,High Engagement
20,533.0,6440000.0,21,6,5,1,1,0.6523421610174425,High Engagement,High Engagement
25,555.0,14600000.0,23,2,8,0,0,0.34077726384173995,Low Engagement,Low Engagement
25,631.0,483000.0,15,3,10,0,0,0.2634076854726204,Low Engagement,Low Engagement
27,1112.0,3830000.0,17,3,1,0,0,0.44163124164383744,Low Engagement,Low Engagement
19,1890.0,247000.0,14,1,12,0,0,0.15049462759124124,Low Engagement,Low Engagement
26,331.0,3110000.0,14,5,8,0,0,0.47657826236121165,Low Engagement,Low Engagement
27,1186.0,4690000.0,7,6,10,0,1,0.5606904644075053,Low Engagement,High Engagement
22,759.0,562000.0,15,3,9,1,0,0.39997425203295006,High Engagement,Low Engagement
15,569.0,270000.0,21,2,8,0,0,0.26174087239064403,Low Engagement,Low Engagement
27,874.0,5130000.0,21,2,2,0,1,0.575718444012622,Low Engagement,High Engagement
20,1436.0,6230000.0,22,0,4,1,1,0.6026299015549796,High Engagement,High Engagement
23,1026.0,5530000.0,22,4,12,1,1,0.6811200400111184,High Engagement,High Engagement
23,576.0,311000.0,22,4,11,0,0,0.27677664408948116,Low Engagement,Low Engagement
23,815.0,59500.0,20,4,12,0,0,0.33371286084058915,Low Engagement,Low Engagement
20,1240.0,142000.0,13,3,1,0,0,0.2990001456173033,Low Engagement,Low Engagement
24,523.0,2450000.0,19,2,5,1,1,0.5169298698171382,High Engagement,High Engagement
17,251.0,4090000.0,3,4,9,0,0,0.45918475826312327,Low Engagement,Low Engagement
23,1258.0,18400000.0,10,0,11,1,1,0.6598756631181748,High Engagement,High Engagement
27,720.0,54700.0,15,3,9,0,0,0.3272921096579209,Low Engagement,Low Engagement
22,378.0,251000.0,8,2,3,0,0,0.3836220109974313,Low Engagement,Low Engagement
28,931.0,5120000.0,0,1,10,0,1,0.5454962607623962,Low Engagement,High Engagement
15,3759.0,25200.0,22,1,10,0,0,0.17902841446361,Low Engagement,Low Engagement
28,601.0,1360000.0,13,4,7,0,0,0.38470033321615665,Low Engagement,Low Engagement
17,519.0,120000.0,13,3,12,0,0,0.33067117315100236,Low Engagement,Low Engagement
24,839.0,5820000.0,15,1,6,1,1,0.7703749851053767,High Engagement,High Engagement
20,575.0,241000.0,12,0,4,0,0,0.3526337541829375,Low Engagement,Low Engagement
25,1089.0,4080000.0,16,1,9,0,0,0.35219633051759386,Low Engagement,Low Engagement
26,1066.0,3700000.0,17,6,1,1,0,0.47393839764268714,High Engagement,Low Engagement
27,1448.0,6740000.0,14,5,11,0,0,0.4333165227977231,Low Engagement,Low Engagement
28,3635.0,1370000.0,1,5,3,0,0,0.4268787480784819,Low Engagement,Low Engagement
24,829.0,40900000.0,20,1,6,1,1,0.8445678772875155,High Engagement,High Engagement
26,407.0,9770000.0,18,4,6,1,1,0.7429865507363398,High Engagement,High Engagement
17,287.0,5340000.0,17,6,3,1,1,0.5351838570695828,High Engagement,High Engagement
24,740.0,2490000.0,0,2,6,0,1,0.5061980329336699,Low Engagement,High Engagement
20,317.0,90000.0,7,1,12,0,0,0.3391112816594311,Low Engagement,Low Engagement
24,1004.0,46300.0,12,2,4,0,0,0.3220928168843569,Low Engagement,Low Engagement
23,317.0,1830000.0,17,4,9,1,1,0.5732715276307299,High Engagement,High Engagement
23,517.0,10500000.0,14,6,4,1,1,0.759677128878079,High Engagement,High Engagement
28,1124.0,1210000.0,22,0,11,0,0,0.23521845765056307,Low Engagement,Low Engagement
20,896.0,31100000.0,18,3,2,1,1,0.7594535608320412,High Engagement,High Engagement
20,310.0,19500000.0,13,5,2,0,1,0.7279267757896452,Low Engagement,High Engagement
29,1057.0,43900000.0,17,2,8,0,0,0.26908711897013843,Low Engagement,Low Engagement
17,365.0,4770000.0,22,0,12,0,0,0.4946068087974139,Low Engagement,Low Engagement
24,7392.0,31100000.0,6,5,11,0,0,0.3597022251392813,Low Engagement,Low Engagement
27,357.0,3830000.0,17,3,1,0,0,0.43894642828919395,Low Engagement,Low Engagement
23,533.0,1060000.0,2,3,6,1,0,0.49417518826532064,High Engagement,Low Engagement
20,1185.0,15000000.0,16,4,8,1,1,0.7375412710046337,High Engagement,High Engagement
22,729.0,4030000.0,15,6,9,1,0,0.4945958470514629,High Engagement,Low Engagement
28,2638.0,458000.0,17,3,11,0,0,0.2032783617623089,Low Engagement,Low Engagement
28,631.0,5710000.0,18,4,1,0,1,0.6478142592367899,Low Engagement,High Engagement
24,276.0,5570000.0,10,1,4,1,1,0.7106186650745773,High Engagement,High Engagement
26,749.0,8740000.0,4,1,1,1,1,0.7174681759961138,High Engagement,High Engagement
28,340.0,4060000.0,17,0,5,0,0,0.4234171303319028,Low Engagement,Low Engagement
20,989.0,2400000.0,19,6,4,1,0,0.44125614250539097,High Engagement,Low Engagement
20,617.0,23300000.0,5,6,6,1,1,0.7516954389949636,High Engagement,High Engagement
26,1698.0,2580000.0,17,5,4,1,0,0.46119353484096576,High Engagement,Low Engagement
28,1303.0,16700000.0,18,3,1,1,1,0.6889523490537134,High Engagement,High Engagement
15,735.0,3250000.0,19,1,9,1,0,0.4486678677374305,High Engagement,Low Engagement
24,938.0,3550000.0,12,0,11,0,0,0.3501635948355339,Low Engagement,Low Engagement
22,4647.0,444000.0,18,3,10,1,0,0.3043297151120145,High Engagement,Low Engagement
24,739.0,4880000.0,17,4,1,0,1,0.7017272866139705,Low Engagement,High Engagement
28,447.0,50900.0,8,3,4,0,0,0.329707303264649,Low Engagement,Low Engagement
20,508.0,2400000.0,15,3,6,0,0,0.45785817372917165,Low Engagement,Low Engagement
19,1894.0,4350000.0,18,0,8,0,0,0.4563608350079596,Low Engagement,Low Engagement
27,492.0,2540000.0,13,2,3,1,0,0.4342426585435597,High Engagement,Low Engagement
20,713.0,2010000.0,1,0,11,1,0,0.4158031189468214,High Engagement,Low Engagement
24,331.0,9850000.0,15,6,3,0,1,0.8206234726148465,Low Engagement,High Engagement
27,301.0,2220000.0,22,4,8,0,0,0.41063675653394754,Low Engagement,Low Engagement
23,3770.0,18500000.0,13,4,11,0,1,0.6537283488731378,Low Engagement,High Engagement
28,784.0,2390000.0,13,3,9,0,0,0.40676072101981486,Low Engagement,Low Engagement
28,423.0,837000.0,16,0,8,0,0,0.3786942612409181,Low Engagement,Low Engagement
27,521.0,7000000.0,12,4,2,1,1,0.6766758774040358,High Engagement,High Engagement
20,888.0,3640000.0,20,1,3,0,0,0.470951289289511,Low Engagement,Low Engagement
20,864.0,697000.0,18,5,7,0,0,0.40591418942049645,Low Engagement,Low Engagement
29,832.0,43900000.0,21,1,4,0,0,0.29292842438014954,Low Engagement,Low Engagement
27,24395.0,3010000.0,18,5,11,0,0,0.3871319831550081,Low Engagement,Low Engagement
27,922.0,83800.0,5,4,11,0,0,0.1890655090038988,Low Engagement,Low Engagement
24,443.0,224000.0,12,2,4,0,0,0.3448808878513122,Low Engagement,Low Engagement
28,793.0,5000000.0,13,4,8,1,1,0.5668858744769172,High Engagement,High Engagement
22,707.0,12600000.0,18,3,5,1,1,0.7610114133447562,High Engagement,High Engagement
26,971.0,5540000.0,17,5,11,1,1,0.5636652340955558,High Engagement,High Engagement
2,403.0,1450000.0,16,6,4,0,0,0.43730557714634005,Low Engagement,Low Engagement
23,3549.0,18500000.0,13,6,8,1,1,0.7671458315321135,High Engagement,High Engagement
26,607.0,2620000.0,19,0,12,0,0,0.42556220740499634,Low Engagement,Low Engagement
22,468.0,10200000.0,2,2,3,1,1,0.7291862321305442,High Engagement,High Engagement
27,1452.0,1100000.0,21,6,12,1,0,0.363659175966648,High Engagement,Low Engagement
28,1903.0,7090000.0,14,2,6,1,0,0.4924902833594992,High Engagement,Low Engagement
23,1079.0,4710000.0,18,4,5,1,1,0.7283015426834276,High Engagement,High Engagement
24,518.0,10500000.0,13,1,4,1,1,0.7883876644204015,High Engagement,High Engagement
27,42190.0,9230000.0,5,6,3,1,1,0.6495282324297824,High Engagement,High Engagement
28,2670.0,7090000.0,15,2,2,0,1,0.5568559168386668,Low Engagement,High Engagement
24,474.0,5430.0,14,6,10,0,0,0.330169704782117,Low Engagement,Low Engagement
15,319.0,5390000.0,17,2,12,1,1,0.5484253103848395,High Engagement,High Engagement
24,2588.0,7360000.0,14,0,12,0,1,0.5481367555918641,Low Engagement,High Engagement
10,538.0,2030000.0,21,4,9,1,0,0.4598187289096638,High Engagement,Low Engagement
15,408.0,1310000.0,1,3,2,1,0,0.36094131252219946,High Engagement,Low Engagement
24,602.0,4020000.0,11,2,8,0,0,0.42887923165028563,Low Engagement,Low Engagement
20,2025.0,757000.0,20,5,3,0,0,0.38443977292621156,Low Engagement,Low Engagement
26,833.0,1280000.0,13,5,7,1,0,0.4268368402231931,High Engagement,Low Engagement
26,254.0,292000.0,13,1,3,0,0,0.37771035555204663,Low Engagement,Low Engagement
24,539.0,17500000.0,18,3,11,1,1,0.5818058000170269,High Engagement,High Engagement
27,2929.0,5770000.0,23,0,8,1,1,0.6084958266793752,High Engagement,High Engagement
28,845.0,2410000.0,15,5,7,0,0,0.47939665457240427,Low Engagement,Low Engagement
24,900.0,10000000.0,13,6,1,1,1,0.7916178950068241,High Engagement,High Engagement
27,970.0,7880000.0,15,1,11,1,1,0.5433581664099568,High Engagement,High Engagement
28,43200.0,3020000.0,15,0,11,1,0,0.394395781218912,High Engagement,Low Engagement
10,575.0,3060000.0,16,0,10,0,0,0.44090087199468475,Low Engagement,Low Engagement
22,634.0,654.0,8,1,11,0,0,0.20882914729758445,Low Engagement,Low Engagement
17,259.0,2850000.0,21,6,7,1,0,0.45611261667586755,High Engagement,Low Engagement
1,886.0,24900.0,6,5,11,0,0,0.27089480332984617,Low Engagement,Low Engagement
17,417.0,6940000.0,17,1,7,0,1,0.5497384082921047,Low Engagement,High Engagement
23,402.0,45200000.0,17,0,9,1,1,0.682271210245863,High Engagement,High Engagement
28,549.0,16600000.0,17,5,5,1,1,0.7558946498004582,High Engagement,High Engagement
23,435.0,3990000.0,13,6,7,1,1,0.6114408538955061,High Engagement,High Engagement
28,389.0,13200000.0,5,4,6,1,1,0.676528929547858,High Engagement,High Engagement
24,382.0,2440000.0,1,6,10,0,0,0.48127356222126444,Low Engagement,Low Engagement
10,437.0,279000.0,5,4,11,0,0,0.4058365105324944,Low Engagement,Low Engagement
1,518.0,12400000.0,17,6,6,1,1,0.8605354609891126,High Engagement,High Engagement
28,2557.0,12600.0,23,1,5,1,0,0.28273796630573766,High Engagement,Low Engagement
24,592.0,3480000.0,21,5,10,0,0,0.49059857021651226,Low Engagement,Low Engagement
27,1017.0,19700000.0,14,3,12,1,1,0.7541496177114085,High Engagement,High Engagement
24,579.0,40100000.0,13,6,1,1,1,0.7998973072839106,High Engagement,High Engagement
15,852.0,326000.0,14,1,12,0,0,0.2742281371354098,Low Engagement,Low Engagement
25,2282.0,14600.0,20,5,10,0,0,0.2321793611744813,Low Engagement,Low Engagement
23,2753.0,2050000.0,21,3,4,1,1,0.6817329284423395,High Engagement,High Engagement
28,1562.0,2880000.0,0,4,8,1,0,0.447386191101954,High Engagement,Low Engagement
22,431.0,7340000.0,5,3,2,0,1,0.6743659632239722,Low Engagement,High Engagement
25,261.0,9370000.0,1,4,6,0,0,0.3742526795496176,Low Engagement,Low Engagement
22,388.0,971000.0,6,5,4,1,0,0.44256004948785566,High Engagement,Low Engagement
28,255.0,1730000.0,10,4,8,0,0,0.37826188888386714,Low Engagement,Low Engagement
20,860.0,6440000.0,15,5,8,1,1,0.6725961553923806,High Engagement,High Engagement
27,413.0,7030000.0,12,4,3,0,1,0.6792827018895621,Low Engagement,High Engagement
20,1190.0,872000.0,20,5,11,0,0,0.22118360685367477,Low Engagement,Low Engagement
27,6271.0,952000.0,22,1,8,0,0,0.3862723070672876,Low Engagement,Low Engagement
27,465.0,4640000.0,1,0,3,1,1,0.6278172254320554,High Engagement,High Engagement
28,2940.0,1250000.0,21,6,6,1,0,0.39619711241325034,High Engagement,Low Engagement
20,1029.0,15400000.0,18,4,4,1,1,0.7704533085413338,High Engagement,High Engagement
27,257.0,7000000.0,12,4,5,1,1,0.682539498638329,High Engagement,High Engagement
1,776.0,108000000.0,8,3,11,0,0,0.3144721595221883,Low Engagement,Low Engagement
28,5393.0,1230000.0,22,4,10,0,0,0.34803833493107705,Low Engagement,Low Engagement
22,656.0,7370000.0,12,3,3,1,1,0.7112878645420783,High Engagement,High Engagement
24,357.0,7120000.0,23,2,11,1,1,0.5298548624062046,High Engagement,High Engagement
24,52.0,21800000.0,18,1,8,1,1,0.7843896725850003,High Engagement,High Engagement
20,2751.0,15400000.0,11,3,7,1,1,0.6895134001790407,High Engagement,High Engagement
24,753.0,199000.0,14,0,12,1,0,0.29661255942887443,High Engagement,Low Engagement
17,582.0,23700000.0,22,6,5,0,1,0.6739606439453173,Low Engagement,High Engagement
17,6047.0,2530000.0,18,1,11,1,0,0.31367516056223177,High Engagement,Low Engagement
20,1194.0,1240000.0,22,4,11,0,0,0.21510074454959066,Low Engagement,Low Engagement
22,715.0,6810000.0,20,3,7,1,1,0.7211462881635515,High Engagement,High Engagement
15,918.0,2050000.0,16,0,9,0,0,0.3763612440154396,Low Engagement,Low Engagement
26,742.0,9750000.0,12,4,9,1,1,0.7721043737135918,High Engagement,High Engagement
20,613.0,2550000.0,13,5,4,1,0,0.46119788407550477,High Engagement,Low Engagement
28,589.0,15400000.0,8,5,8,0,1,0.7453618935114457,Low Engagement,High Engagement
27,393.0,1060000.0,17,2,10,0,0,0.3796963575418785,Low Engagement,Low Engagement
26,1869.0,220000.0,17,5,11,0,0,0.14955954697882448,Low Engagement,Low Engagement
20,755.0,4840000.0,20,5,9,1,1,0.5972177074470908,High Engagement,High Engagement
28,2024.0,5000000.0,15,1,10,0,1,0.5447800998078245,Low Engagement,High Engagement
17,444.0,13800000.0,19,6,4,1,1,0.6710635328121466,High Engagement,High Engagement
26,613.0,25900000.0,13,2,4,1,1,0.776892488289127,High Engagement,High Engagement
2,1198.0,2490000.0,3,5,10,1,0,0.4319601750134882,High Engagement,Low Engagement
17,935.0,58600.0,23,1,10,0,0,0.3257505914918425,Low Engagement,Low Engagement
23,1041.0,4710000.0,16,0,7,1,1,0.6900117108946676,High Engagement,High Engagement
20,533.0,10300.0,19,6,9,0,0,0.33055417854706665,Low Engagement,Low Engagement
1,1823.0,5720000.0,15,2,5,1,1,0.7728891745024028,High Engagement,High Engagement
20,736.0,4270000.0,0,6,3,1,1,0.5592660063961541,High Engagement,High Engagement
29,840.0,43900000.0,4,2,4,0,0,0.32425619971386893,Low Engagement,Low Engagement
28,989.0,2240000.0,6,5,12,0,0,0.4138178698115228,Low Engagement,Low Engagement
20,977.0,72000.0,9,6,9,0,0,0.32237740817949645,Low Engagement,Low Engagement
29,395.0,2410000.0,15,1,3,0,0,0.23133901694403372,Low Engagement,Low Engagement
22,277.0,949000.0,17,1,8,0,0,0.40416328632705906,Low Engagement,Low Engagement
27,1617.0,4780000.0,6,6,8,0,1,0.5744889224256474,Low Engagement,High Engagement
17,64.0,61700000.0,23,3,9,0,1,0.7407781098669003,Low Engagement,High Engagement
20,741.0,23300000.0,5,1,8,1,1,0.7291500470036576,High Engagement,High Engagement
20,988.0,2010000.0,1,0,9,1,0,0.46381378309826915,High Engagement,Low Engagement
1,523.0,154000.0,13,2,11,0,0,0.277296688129642,Low Engagement,Low Engagement
20,1117.0,15300000.0,11,2,10,1,1,0.7259353190211674,High Engagement,High Engagement
26,1266.0,11700.0,18,2,11,1,0,0.17033914976504833,High Engagement,Low Engagement
2,1651.0,98300.0,17,5,2,0,0,0.31454254188642966,Low Engagement,Low Engagement
24,2893.0,743000.0,13,5,11,0,0,0.19667772703460468,Low Engagement,Low Engagement
20,1544.0,110000.0,18,1,2,1,0,0.3071502664169253,High Engagement,Low Engagement
26,591.0,10400000.0,15,2,1,1,1,0.752897605948357,High Engagement,High Engagement
20,512.0,6750000.0,3,3,3,0,1,0.6477984914928365,Low Engagement,High Engagement
25,1142.0,6080000.0,9,4,6,0,0,0.36595088887641397,Low Engagement,Low Engagement
20,726.0,2510000.0,19,5,10,1,0,0.4403588706147018,High Engagement,Low Engagement
23,356.0,4510000.0,17,4,7,1,1,0.6248431965182815,High Engagement,High Engagement
23,370.0,13300000.0,14,1,11,0,1,0.5411036855237544,Low Engagement,High Engagement
10,265.0,3970000.0,4,4,5,1,1,0.538518285573232,High Engagement,High Engagement
28,315.0,1750000.0,16,5,12,0,0,0.39050595824101103,Low Engagement,Low Engagement
24,572.0,5790000.0,14,6,7,1,1,0.7394180266989515,High Engagement,High Engagement
27,903.0,120000.0,15,3,11,0,0,0.23344022642180173,Low Engagement,Low Engagement
26,626.0,67100.0,16,0,8,0,0,0.34244813613954445,Low Engagement,Low Engagement
28,1068.0,1210000.0,21,5,4,0,0,0.3772070761460305,Low Engagement,Low Engagement
20,717.0,1050000.0,21,5,11,0,0,0.2371455804834062,Low Engagement,Low Engagement
27,3162.0,5780000.0,20,3,1,0,1,0.6383391799759112,Low Engagement,High Engagement
27,1133.0,14200000.0,10,2,8,1,1,0.6963163187329687,High Engagement,High Engagement
29,711.0,2510000.0,16,0,11,0,0,0.2149565569786436,Low Engagement,Low Engagement
28,58.0,71700000.0,18,4,12,1,1,0.7596193924930648,High Engagement,High Engagement
27,2786.0,98200.0,17,3,11,0,0,0.19216642846267556,Low Engagement,Low Engagement
25,2627.0,2290000.0,11,1,8,1,0,0.37894863669515294,High Engagement,Low Engagement
28,726.0,7090000.0,14,4,3,0,1,0.5151329549171437,Low Engagement,High Engagement
26,621.0,639000.0,19,1,10,0,0,0.3766337384558118,Low Engagement,Low Engagement
27,425.0,1910000.0,16,2,6,1,0,0.4260648095267405,High Engagement,Low Engagement
27,964.0,1650000.0,12,6,3,0,0,0.41569618876013986,Low Engagement,Low Engagement
23,249.0,1830000.0,17,0,4,0,1,0.5696878331764966,Low Engagement,High Engagement
22,361.0,5550000.0,23,1,10,0,1,0.635853896923365,Low Engagement,High Engagement
28,1143.0,568000.0,17,0,9,1,0,0.3464601377789447,High Engagement,Low Engagement
28,917.0,7090000.0,14,5,4,0,1,0.5718144168892343,Low Engagement,High Engagement
22,940.0,29700000.0,16,5,7,1,1,0.7902766631710825,High Engagement,High Engagement
23,2704.0,2050000.0,17,3,4,1,1,0.6822469983540926,High Engagement,High Engagement
24,774.0,2190000.0,0,5,11,0,0,0.368310934171866,Low Engagement,Low Engagement
23,358.0,33200000.0,4,1,3,0,1,0.5750690605742593,Low Engagement,High Engagement
15,848.0,3050000.0,13,6,11,1,0,0.41471049238291646,High Engagement,Low Engagement
22,3588.0,887000.0,18,2,4,1,0,0.359530124810664,High Engagement,Low Engagement
24,264.0,12400.0,4,4,11,0,0,0.29213674342787904,Low Engagement,Low Engagement
27,15388.0,21300000.0,15,2,4,0,1,0.7185304777421685,Low Engagement,High Engagement
15,580.0,3050000.0,13,5,2,1,1,0.5004153652371307,High Engagement,High Engagement
24,560.0,452000000.0,21,5,3,1,1,0.8138091339296079,High Engagement,High Engagement
27,561.0,1850000.0,16,1,10,1,0,0.40468697479119725,High Engagement,Low Engagement
25,1018.0,6610000.0,21,0,4,0,0,0.36004144959533363,Low Engagement,Low Engagement
24,292.0,131000000.0,6,5,3,1,1,0.8046781215869268,High Engagement,High Engagement
2,1101.0,3660000.0,16,3,3,0,0,0.4723066607222462,Low Engagement,Low Engagement
23,860.0,1320000.0,20,2,5,0,1,0.5190709177062983,Low Engagement,High Engagement
17,488.0,5350000.0,13,3,5,1,1,0.5408352650332676,High Engagement,High Engagement
28,1159.0,26900000.0,15,0,6,1,1,0.7134074500733191,High Engagement,High Engagement
20,990.0,33200000.0,23,6,12,1,1,0.7632471212392514,High Engagement,High Engagement
27,523.0,15300000.0,21,4,9,1,1,0.7464033952458333,High Engagement,High Engagement
25,265.0,18900000.0,12,0,9,0,0,0.44610543765279215,Low Engagement,Low Engagement
27,951.0,961000.0,20,3,12,1,0,0.3863553827659893,High Engagement,Low Engagement
26,3510.0,402000.0,17,5,10,0,0,0.29738230357511647,Low Engagement,Low Engagement
22,1055.0,5550000.0,19,4,6,1,1,0.718761610979112,High Engagement,High Engagement
25,767.0,4560000.0,7,5,12,0,0,0.3311868259451221,Low Engagement,Low Engagement
15,618.0,178000.0,22,5,10,0,0,0.2617763568417472,Low Engagement,Low Engagement
15,822.0,338000.0,12,0,3,1,0,0.2842654291442547,High Engagement,Low Engagement
24,295.0,42800000.0,14,3,3,1,1,0.7725627183515991,High Engagement,High Engagement
27,536.0,2990000.0,13,4,1,1,0,0.4388253478074091,High Engagement,Low Engagement
28,947.0,752000.0,9,6,6,0,0,0.3634527616879001,Low Engagement,Low Engagement
17,571.0,670000.0,10,6,11,1,0,0.2764037528253358,High Engagement,Low Engagement
28,838.0,15400000.0,20,3,9,1,1,0.7766542757225264,High Engagement,High Engagement
20,14147.0,1540000.0,19,1,11,0,0,0.24013878898183308,Low Engagement,Low Engagement
28,823.0,16600000.0,13,2,4,1,1,0.7354505754536337,High Engagement,High Engagement
26,1245.0,606000.0,15,0,12,0,0,0.2854279214646948,Low Engagement,Low Engagement
25,875.0,9260000.0,9,0,1,0,0,0.37831147189484154,Low Engagement,Low Engagement
22,575.0,2400000.0,20,4,12,1,0,0.45981191295924373,High Engagement,Low Engagement
17,679.0,5340000.0,16,4,3,0,1,0.55777561145413,Low Engagement,High Engagement
28,744.0,4870000.0,17,5,3,0,1,0.6109968477448521,Low Engagement,High Engagement
1,672.0,4550000.0,12,6,2,1,1,0.7440657785247549,High Engagement,High Engagement
15,246.0,634000.0,22,4,12,0,0,0.3417909542262034,Low Engagement,Low Engagement
23,484.0,13300000.0,14,1,1,0,1,0.6334594664547889,Low Engagement,High Engagement
23,1002.0,5550000.0,19,6,3,1,1,0.7556087498201706,High Engagement,High Engagement
26,844.0,200000.0,1,1,10,0,0,0.3442322488607454,Low Engagement,Low Engagement
20,833.0,8040.0,18,1,10,0,0,0.3283753509197439,Low Engagement,Low Engagement
24,1034.0,12100000.0,18,2,6,1,1,0.7856372362285884,High Engagement,High Engagement
27,287.0,4980000.0,12,6,3,1,1,0.5953883359908557,High Engagement,High Engagement
15,3214.0,4400.0,6,5,5,0,0,0.1692298448388061,Low Engagement,Low Engagement
24,740.0,35100000.0,20,4,2,1,1,0.8498337677036699,High Engagement,High Engagement
24,3648.0,6260000.0,15,4,10,0,1,0.6135584721179541,Low Engagement,High Engagement
26,592.0,911000.0,14,4,7,0,0,0.4106546899152,Low Engagement,Low Engagement
17,591.0,341000.0,13,4,5,1,0,0.35982385361103175,High Engagement,Low Engagement
24,1394.0,2360000.0,8,0,11,0,0,0.3034461301142525,Low Engagement,Low Engagement
19,1600.0,52600.0,11,6,7,0,0,0.20601284717824705,Low Engagement,Low Engagement
26,1251.0,1910000.0,20,4,7,1,0,0.4431448578313943,High Engagement,Low Engagement
20,996.0,1620000.0,20,5,5,1,0,0.4208436763396851,High Engagement,Low Engagement
22,1416.0,180000.0,10,6,9,0,0,0.2993995120931313,Low Engagement,Low Engagement
24,662.0,110000000.0,16,1,1,1,1,0.7969865714512026,High Engagement,High Engagement
29,5643.0,2960000.0,17,5,6,0,0,0.2606794316807677,Low Engagement,Low Engagement
2,2613.0,9420000.0,16,1,8,1,1,0.6287357680799253,High Engagement,High Engagement
20,823.0,15600000.0,21,2,11,0,1,0.5546042564743983,Low Engagement,High Engagement
22,7201.0,24000.0,15,4,6,0,0,0.3214626332686061,Low Engagement,Low Engagement
19,4478.0,257000.0,18,1,1,0,0,0.22200185242698747,Low Engagement,Low Engagement
10,1079.0,1340000.0,17,3,7,0,0,0.46287371947356015,Low Engagement,Low Engagement
19,3116.0,1510000.0,11,1,4,1,0,0.3590576144973755,High Engagement,Low Engagement
22,731.0,5520000.0,20,3,5,1,1,0.7118211209222132,High Engagement,High Engagement
27,829.0,5130000.0,22,2,10,0,1,0.5106554569679153,Low Engagement,High Engagement
28,671.0,16700000.0,18,0,8,1,1,0.7274366349144341,High Engagement,High Engagement
22,513.0,880000.0,18,6,10,0,0,0.42335381562568886,Low Engagement,Low Engagement
25,7498.0,119000.0,19,0,9,0,0,0.2544151945415599,Low Engagement,Low Engagement
22,572.0,1480000.0,13,2,2,0,0,0.4406373084349259,Low Engagement,Low Engagement
23,1142.0,5550000.0,19,0,10,1,1,0.7395286733621084,High Engagement,High Engagement
29,336.0,1580.0,23,4,2,0,0,0.16519059650551793,Low Engagement,Low Engagement
26,2190.0,61600.0,11,6,11,0,0,0.14766607301556733,Low Engagement,Low Engagement
23,1022.0,7150000.0,18,1,6,1,1,0.7654546332121875,High Engagement,High Engagement
24,445.0,6240000.0,3,6,8,1,1,0.7648678571232786,High Engagement,High Engagement
24,908.0,2480000.0,16,6,11,1,0,0.372797232549976,High Engagement,Low Engagement
24,416.0,1890000.0,1,5,6,0,0,0.4878856413041823,Low Engagement,Low Engagement
24,614.0,9760000.0,17,6,5,1,1,0.8213829134100421,High Engagement,High Engagement
24,489.0,12600000.0,16,3,9,1,1,0.8032572302088141,High Engagement,High Engagement
27,377.0,7880000.0,15,6,6,1,1,0.744920363862737,High Engagement,High Engagement
15,3173.0,913000.0,12,4,6,0,0,0.2639902657758444,Low Engagement,Low Engagement
26,1986.0,103000.0,16,1,2,1,0,0.31371321950329684,High Engagement,Low Engagement
23,1801.0,80100.0,10,3,6,1,1,0.5325182472470296,High Engagement,High Engagement
27,923.0,2930000.0,23,4,1,0,0,0.4479854256345797,Low Engagement,Low Engagement
24,505.0,17500000.0,22,5,3,1,1,0.8217856492563865,High Engagement,High Engagement
29,953.0,43900000.0,4,6,6,0,0,0.37907751119590727,Low Engagement,Low Engagement
28,840.0,16600000.0,20,0,12,1,1,0.7415834572746247,High Engagement,High Engagement
28,1261.0,7090000.0,15,4,1,1,1,0.5497163083712812,High Engagement,High Engagement
1,720.0,25600000.0,21,3,11,1,1,0.5745318762981633,High Engagement,High Engagement
15,250.0,6180000.0,12,3,8,1,1,0.6244233688005935,High Engagement,High Engagement
10,328.0,509000.0,6,2,12,1,1,0.5075604398978184,High Engagement,High Engagement
27,750.0,15300000.0,21,0,1,1,1,0.7491467418478626,High Engagement,High Engagement
27,1095.0,12400.0,7,4,11,0,0,0.1772878144778714,Low Engagement,Low Engagement
17,539.0,14200000.0,15,4,4,0,1,0.6264249429707964,Low Engagement,High Engagement
27,608.0,25700.0,7,4,10,0,0,0.31587392070353376,Low Engagement,Low Engagement
15,361.0,3250000.0,11,2,6,0,0,0.4396589655837426,Low Engagement,Low Engagement
2,1522.0,3960000.0,20,6,4,1,0,0.45763980921271147,High Engagement,Low Engagement
20,970.0,4080000.0,22,6,8,0,0,0.45274600249670593,Low Engagement,Low Engagement
26,883.0,8660000.0,15,6,10,1,1,0.7717161141195786,High Engagement,High Engagement
22,287.0,8030000.0,11,0,11,1,1,0.5004328610325163,High Engagement,High Engagement
26,1497.0,1310000.0,14,1,6,1,0,0.3841093619745942,High Engagement,Low Engagement
20,840.0,1400000.0,16,6,10,1,0,0.39756415276738893,High Engagement,Low Engagement
26,1487.0,4510000.0,18,6,11,0,0,0.3718558998724585,Low Engagement,Low Engagement
28,2006.0,4710000.0,18,1,6,1,1,0.5827744430029883,High Engagement,High Engagement
26,1831.0,400000.0,16,3,8,0,0,0.31801910708683695,Low Engagement,Low Engagement
27,887.0,3830000.0,17,0,12,1,0,0.4038757594414281,High Engagement,Low Engagement
26,732.0,44700000.0,4,5,6,0,1,0.7256805499248399,Low Engagement,High Engagement
17,1242.0,3490000.0,9,6,10,0,0,0.4228873070749135,Low Engagement,Low Engagement
27,342.0,16300.0,13,2,10,0,0,0.3276810483166741,Low Engagement,Low Engagement
20,281.0,110000000.0,15,2,6,1,1,0.7200894477009389,High Engagement,High Engagement
17,1720.0,1670000.0,22,4,6,1,0,0.416342742070306,High Engagement,Low Engagement
22,447.0,266000.0,20,5,1,0,0,0.3715671531599432,Low Engagement,Low Engagement
26,284.0,194000.0,11,2,2,0,0,0.381178931718622,Low Engagement,Low Engagement
22,1238.0,2900.0,4,5,11,0,0,0.15654953444946723,Low Engagement,Low Engagement
27,306.0,22200000.0,15,3,6,1,1,0.7646417326213136,High Engagement,High Engagement
20,734.0,19600000.0,19,5,2,1,1,0.7840976704195023,High Engagement,High Engagement
23,1268.0,7900000.0,15,2,7,1,1,0.7751685101391603,High Engagement,High Engagement
2,1346.0,4160000.0,16,3,11,1,0,0.4099819356960881,High Engagement,Low Engagement
28,342.0,1000000.0,1,4,10,0,0,0.3703124456155484,Low Engagement,Low Engagement
28,649.0,11800000.0,23,3,7,0,1,0.6994785119186887,Low Engagement,High Engagement
28,746.0,2240000.0,11,2,5,0,0,0.4162976764226216,Low Engagement,Low Engagement
20,606.0,4840000.0,22,4,1,1,1,0.5823782824112714,High Engagement,High Engagement
24,669.0,13900000.0,4,4,11,1,1,0.5384155766348345,High Engagement,High Engagement
23,426.0,6970000.0,23,1,6,1,1,0.6719277988280987,High Engagement,High Engagement
1,269.0,93000.0,18,2,1,0,1,0.5392086706192571,Low Engagement,High Engagement
24,1003.0,21800000.0,15,5,10,1,1,0.8171726859498478,High Engagement,High Engagement
15,247.0,14200000.0,18,1,1,1,1,0.5764424558807942,High Engagement,High Engagement
15,500.0,89200.0,10,5,7,1,0,0.26334978112649066,High Engagement,Low Engagement
26,273.0,32500.0,16,0,7,0,0,0.3512070695833337,Low Engagement,Low Engagement
15,244.0,2510.0,8,3,9,0,0,0.26264254121947667,Low Engagement,Low Engagement
17,1296.0,1340000.0,2,1,2,1,0,0.4026567476677422,High Engagement,Low Engagement
20,1362.0,9810000.0,8,2,9,1,1,0.6344279771246659,High Engagement,High Engagement
23,289.0,1830000.0,19,0,7,1,1,0.5868087744121956,High Engagement,High Engagement
27,585.0,36200.0,7,0,5,0,0,0.3181038078887536,Low Engagement,Low Engagement
22,285.0,24700.0,23,4,11,0,0,0.2524453421160199,Low Engagement,Low Engagement
27,1374.0,96400.0,21,2,12,0,0,0.28719795357789735,Low Engagement,Low Engagement
15,3098.0,1880000.0,18,1,2,1,0,0.3007798505966312,High Engagement,Low Engagement
17,3183.0,20300.0,19,0,12,0,0,0.22142540189155388,Low Engagement,Low Engagement
24,1149.0,12100000.0,22,6,12,1,1,0.7705947961088908,High Engagement,High Engagement
24,970.0,6980000.0,16,6,9,1,1,0.8236221988760712,High Engagement,High Engagement
26,1313.0,4460000.0,0,5,3,1,1,0.5513276947640318,High Engagement,High Engagement
20,1010.0,3540000.0,11,1,11,0,0,0.31840275602888163,Low Engagement,Low Engagement
24,883.0,21800000.0,15,5,3,1,1,0.8390554108021239,High Engagement,High Engagement
15,1513.0,28400.0,12,2,12,1,0,0.17110928583100646,High Engagement,Low Engagement
17,285.0,1980000.0,22,3,2,0,0,0.4438406097266546,Low Engagement,Low Engagement
17,449.0,320000.0,11,2,5,1,0,0.36333068232596477,High Engagement,Low Engagement
20,1038.0,2340000.0,16,5,9,0,0,0.43821062783462217,Low Engagement,Low Engagement
15,596.0,257000.0,22,6,8,0,0,0.26342146124148247,Low Engagement,Low Engagement
20,1237.0,2720000.0,20,6,11,0,0,0.3273565699157802,Low Engagement,Low Engagement
25,353.0,4080000.0,15,2,10,0,0,0.30425407302457186,Low Engagement,Low Engagement
15,408.0,165000.0,6,2,8,0,0,0.27156414812340574,Low Engagement,Low Engagement
15,241.0,17900000.0,17,0,4,0,1,0.6244386572210154,Low Engagement,High Engagement
27,739.0,14600000.0,4,1,8,1,1,0.6934192425173599,High Engagement,High Engagement
1,768.0,13400000.0,17,6,5,1,1,0.8674192597211563,High Engagement,High Engagement
20,1026.0,3320000.0,3,5,11,0,0,0.32303018259841565,Low Engagement,Low Engagement
26,1707.0,490000.0,21,1,6,0,0,0.345353105902455,Low Engagement,Low Engagement
15,1319.0,24300.0,21,4,10,0,0,0.17374131660843933,Low Engagement,Low Engagement
24,341.0,1400000.0,21,3,3,0,0,0.46376024829801255,Low Engagement,Low Engagement
24,47.0,21800000.0,21,3,1,1,1,0.7754213547951825,High Engagement,High Engagement
28,4019.0,1960000.0,20,0,12,0,0,0.38798990747120254,Low Engagement,Low Engagement
15,248.0,3740000.0,11,6,11,1,0,0.4254933319563284,High Engagement,Low Engagement
20,418.0,8460000.0,23,6,4,0,1,0.711598285641534,Low Engagement,High Engagement
17,619.0,7830000.0,2,0,9,1,1,0.6513836179072758,High Engagement,High Engagement
26,1088.0,1780000.0,15,4,12,0,0,0.40520034183602843,Low Engagement,Low Engagement
27,3089.0,2660000.0,19,3,12,1,0,0.4527272560890693,High Engagement,Low Engagement
22,939.0,5520000.0,17,4,9,1,1,0.7050662255169449,High Engagement,High Engagement
10,1099.0,466000.0,1,3,11,0,0,0.3683369347594355,Low Engagement,Low Engagement
24,457.0,10600000.0,14,5,3,1,1,0.7704935669069697,High Engagement,High Engagement
27,277.0,368000.0,14,3,12,0,0,0.35507377848367494,Low Engagement,Low Engagement
28,469.0,1750000.0,18,2,5,0,0,0.38499259213793835,Low Engagement,Low Engagement
20,5111.0,64200.0,14,5,8,0,0,0.2824417866969835,Low Engagement,Low Engagement
10,288.0,707000.0,23,4,10,1,1,0.5436454778290682,High Engagement,High Engagement
24,996.0,6610000.0,20,3,3,0,1,0.7920319076807334,Low Engagement,High Engagement
19,1274.0,4280000.0,22,6,5,0,0,0.44805395619262467,Low Engagement,Low Engagement
24,756.0,35100000.0,22,0,2,1,1,0.8141257914623323,High Engagement,High Engagement
20,1596.0,6900.0,9,6,2,0,0,0.30103147446148715,Low Engagement,Low Engagement
27,2783.0,1210000.0,17,4,1,1,0,0.3883996234662931,High Engagement,Low Engagement
24,1016.0,21800000.0,15,2,6,1,1,0.8047588000987242,High Engagement,High Engagement
28,830.0,2390000.0,23,5,6,0,0,0.4095034730502148,Low Engagement,Low Engagement
24,44.0,21800000.0,20,4,2,1,1,0.8111667144543527,High Engagement,High Engagement
28,1023.0,16600000.0,18,2,8,1,1,0.7417191813668607,High Engagement,High Engagement
22,603.0,5520000.0,17,4,7,1,1,0.7132159608274553,High Engagement,High Engagement
24,602.0,10600000.0,17,4,12,1,1,0.7888814483591898,High Engagement,High Engagement
20,902.0,293000.0,11,4,3,1,0,0.37790711382648784,High Engagement,Low Engagement
22,583.0,77800.0,22,6,11,0,0,0.23026724914958568,Low Engagement,Low Engagement
28,329.0,5710000.0,16,5,2,1,1,0.6547743150110702,High Engagement,High Engagement
28,676.0,3150000.0,21,1,4,1,0,0.43581688826849907,High Engagement,Low Engagement
15,242.0,14200000.0,17,0,3,1,1,0.588160107695919,High Engagement,High Engagement
24,633.0,188000000.0,15,0,8,1,1,0.7939433905849206,High Engagement,High Engagement
24,645.0,10400000.0,4,1,11,1,1,0.545902211212475,High Engagement,High Engagement
27,561.0,16800000.0,21,3,6,0,1,0.7450799635155456,Low Engagement,High Engagement
19,5216.0,30400.0,13,0,3,0,0,0.20895541929219089,Low Engagement,Low Engagement
23,420.0,5530000.0,22,3,8,1,1,0.6647429742332932,High Engagement,High Engagement
24,841.0,11400000.0,6,2,12,0,1,0.7495586769978391,Low Engagement,High Engagement
1,296.0,7410.0,10,5,4,0,0,0.47960577663860543,Low Engagement,Low Engagement
29,964.0,43900000.0,19,0,7,0,0,0.29765768457636094,Low Engagement,Low Engagement
26,2767.0,983000.0,17,1,5,0,0,0.3576085573392542,Low Engagement,Low Engagement
24,479.0,7960000.0,17,1,1,1,1,0.7839060004576351,High Engagement,High Engagement
26,9154.0,73500.0,11,2,3,0,0,0.31210969062663974,Low Engagement,Low Engagement
20,1047.0,2880000.0,15,1,10,1,0,0.4277987399729044,High Engagement,Low Engagement
22,1033.0,1750000.0,10,4,12,1,0,0.40575985117327057,High Engagement,Low Engagement
24,515.0,35100000.0,19,1,10,1,1,0.8133614169581123,High Engagement,High Engagement
22,434.0,10100000.0,18,3,7,0,1,0.7376242370374773,Low Engagement,High Engagement
1,813.0,3080000.0,22,5,9,1,1,0.7475283702059691,High Engagement,High Engagement
27,404.0,6610000.0,16,0,12,1,1,0.7257046729702752,High Engagement,High Engagement
22,745.0,419000.0,0,5,12,1,0,0.35407538355981316,High Engagement,Low Engagement
22,566.0,1450000.0,18,0,12,1,0,0.3949313804908012,High Engagement,Low Engagement
19,1171.0,58000.0,10,4,11,0,0,0.17947667738213274,Low Engagement,Low Engagement
1,10190.0,1200000.0,16,6,12,1,1,0.692597703917858,High Engagement,High Engagement
25,779.0,4910000.0,2,4,11,0,0,0.23001192345288823,Low Engagement,Low Engagement
28,686.0,7090000.0,15,4,3,0,1,0.5777739683515176,Low Engagement,High Engagement
20,1047.0,38100.0,20,0,11,0,0,0.2146461193097382,Low Engagement,Low Engagement
28,636.0,7090000.0,1,2,10,0,1,0.5751819267476534,Low Engagement,High Engagement
17,346.0,1740000.0,9,1,1,0,0,0.4270400420123491,Low Engagement,Low Engagement
20,1061.0,440000.0,22,6,10,0,0,0.3352869696046602,Low Engagement,Low Engagement
28,258.0,79100.0,23,1,12,1,0,0.32957513683006634,High Engagement,Low Engagement
19,946.0,1400000.0,4,2,1,0,0,0.3253933815688546,Low Engagement,Low Engagement
20,699.0,4840000.0,18,5,12,0,1,0.6227738637066549,Low Engagement,High Engagement
23,624.0,4710000.0,16,2,5,1,1,0.6638328220951771,High Engagement,High Engagement
24,426.0,2390000.0,17,1,11,0,0,0.41524697818163964,Low Engagement,Low Engagement
26,1917.0,318000.0,16,4,1,0,0,0.29486367649034073,Low Engagement,Low Engagement
27,451.0,740000.0,10,1,3,0,0,0.40023523734251093,Low Engagement,Low Engagement
25,1501.0,9260000.0,13,2,12,0,0,0.34248157472835405,Low Engagement,Low Engagement
28,1490.0,5000000.0,14,6,7,0,1,0.5304092919521778,Low Engagement,High Engagement
20,1622.0,1070000.0,15,2,10,0,0,0.35072435241444205,Low Engagement,Low Engagement
17,1800.0,12000000.0,19,3,10,0,1,0.5521433177982961,Low Engagement,High Engagement
22,431.0,26300000.0,0,1,6,1,1,0.7305525464801345,High Engagement,High Engagement
20,903.0,25200000.0,11,3,6,1,1,0.7503384165417224,High Engagement,High Engagement
26,782.0,657000.0,14,5,5,1,0,0.382412353557713,High Engagement,Low Engagement
1,737.0,108000000.0,4,1,11,0,0,0.31491878576673055,Low Engagement,Low Engagement
15,517.0,45200.0,13,6,7,0,0,0.26207768268001064,Low Engagement,Low Engagement
26,1515.0,388000.0,15,6,5,0,0,0.329216228750812,Low Engagement,Low Engagement
27,1124.0,3830000.0,16,0,10,1,0,0.4164207572527233,High Engagement,Low Engagement
23,362.0,7220000.0,4,4,11,1,1,0.5650856186604731,High Engagement,High Engagement
27,866.0,1060000.0,14,6,6,0,0,0.3983945146183044,Low Engagement,Low Engagement
19,524.0,78000.0,19,0,3,0,0,0.24627998628355935,Low Engagement,Low Engagement
19,1276.0,470000.0,22,2,12,0,0,0.14140926149180452,Low Engagement,Low Engagement
20,1022.0,1490000.0,21,5,11,0,0,0.22216928764872648,Low Engagement,Low Engagement
24,616.0,2450000.0,17,6,3,1,1,0.5612596076565999,High Engagement,High Engagement
17,1705.0,454000.0,16,4,8,0,0,0.3353398310969494,Low Engagement,Low Engagement
17,309.0,5340000.0,9,3,8,0,1,0.5105724316218789,Low Engagement,High Engagement
10,875.0,33900.0,0,0,2,1,0,0.43655671339222657,High Engagement,Low Engagement
27,1581.0,1390000.0,17,2,9,0,0,0.3865328302261966,Low Engagement,Low Engagement
27,22447.0,4880000.0,15,0,2,1,1,0.6191898811406261,High Engagement,High Engagement
1,387.0,9010000.0,17,2,9,1,1,0.8144711218340981,High Engagement,High Engagement
10,243.0,254000.0,17,1,7,1,1,0.504077310497628,High Engagement,High Engagement
28,713.0,813000.0,5,3,9,0,0,0.37319086789537437,Low Engagement,Low Engagement
28,368.0,1750000.0,15,5,7,0,0,0.4176816048725711,Low Engagement,Low Engagement
23,691.0,3030000.0,3,5,6,1,1,0.6056988604996606,High Engagement,High Engagement
25,1776.0,2820000.0,17,0,8,0,0,0.3243695719849589,Low Engagement,Low Engagement
19,624.0,206000.0,8,6,3,0,0,0.2711969766074421,Low Engagement,Low Engagement
23,253.0,1830000.0,16,4,10,1,1,0.6067144018310858,High Engagement,High Engagement
17,1456.0,300000.0,20,6,11,0,0,0.21240487796813168,Low Engagement,Low Engagement
15,297.0,2460000.0,0,4,1,1,0,0.4179019616954459,High Engagement,Low Engagement
27,1706.0,6290000.0,17,1,11,1,0,0.4535407122045517,High Engagement,Low Engagement
23,472.0,33200000.0,5,2,12,0,1,0.6245138208502877,Low Engagement,High Engagement
28,521.0,3020000.0,14,1,2,1,0,0.4306465493057835,High Engagement,Low Engagement
25,569.0,16900000.0,13,0,2,0,0,0.4020044988879084,Low Engagement,Low Engagement
24,273.0,357000.0,13,2,8,0,0,0.3950574818180859,Low Engagement,Low Engagement
27,1054.0,5130000.0,19,2,12,0,1,0.5859842518289943,Low Engagement,High Engagement
28,813.0,3020000.0,17,1,4,1,0,0.437639274891643,High Engagement,Low Engagement
20,1070.0,2010000.0,2,0,6,1,0,0.4531145259638052,High Engagement,Low Engagement
29,262.0,1520000.0,17,2,12,0,0,0.2031325556934877,Low Engagement,Low Engagement
15,2490.0,3390.0,20,1,6,0,0,0.19136822044867086,Low Engagement,Low Engagement
27,10847.0,18100000.0,13,2,5,1,1,0.702080568013191,High Engagement,High Engagement
20,804.0,3270000.0,0,0,11,0,0,0.3640679418299792,Low Engagement,Low Engagement
22,412.0,5550000.0,23,6,3,0,1,0.6811835181164934,Low Engagement,High Engagement
2,2137.0,3920000.0,14,4,1,1,0,0.4497947488328127,High Engagement,Low Engagement
20,942.0,4700000.0,14,6,9,0,1,0.5671479931198964,Low Engagement,High Engagement
24,4004.0,21800000.0,17,4,7,1,1,0.7209831847600203,High Engagement,High Engagement
17,1428.0,70200.0,1,3,11,0,0,0.23097146063706958,Low Engagement,Low Engagement
19,448.0,25500000.0,17,2,4,0,1,0.6321587563771878,Low Engagement,High Engagement
15,533.0,3250000.0,11,2,5,0,0,0.4788229160501837,Low Engagement,Low Engagement
24,38.0,21800000.0,18,6,2,1,1,0.8150046086363935,High Engagement,High Engagement
26,1244.0,458000.0,8,4,11,0,0,0.17652890469869884,Low Engagement,Low Engagement
26,402.0,367000.0,13,4,5,0,0,0.3525587942485163,Low Engagement,Low Engagement
26,1362.0,231000.0,15,3,12,0,0,0.28898941392428756,Low Engagement,Low Engagement
24,1137.0,6610000.0,23,2,11,0,1,0.5002478818255941,Low Engagement,High Engagement
20,1028.0,13900000.0,14,1,5,1,1,0.6588388589056139,High Engagement,High Engagement
23,836.0,827000.0,20,2,7,0,0,0.478957660144411,Low Engagement,Low Engagement
22,253.0,251000.0,7,6,10,0,0,0.3800405115782682,Low Engagement,Low Engagement
24,977.0,6850000.0,13,2,7,1,1,0.748151155795674,High Engagement,High Engagement
20,349.0,2860000.0,20,0,11,1,0,0.41387753173706004,High Engagement,Low Engagement
25,6771.0,9520.0,15,3,2,0,0,0.2933676329837613,Low Engagement,Low Engagement
27,333.0,202000.0,17,0,5,0,0,0.32333467160893015,Low Engagement,Low Engagement
1,1233.0,13400000.0,20,1,2,1,1,0.813727285063665,High Engagement,High Engagement
27,1065.0,19600000.0,12,3,6,1,1,0.7523353612148166,High Engagement,High Engagement
29,301.0,1930.0,18,4,1,0,0,0.16555837506067148,Low Engagement,Low Engagement
25,937.0,4090000.0,17,3,6,1,0,0.3285507576941,High Engagement,Low Engagement
22,483.0,1800000.0,4,1,8,1,0,0.4399832198729827,High Engagement,Low Engagement
22,594.0,1310000.0,16,3,2,0,0,0.4508139030576002,Low Engagement,Low Engagement
27,329.0,189000.0,18,0,7,1,0,0.3325313301836397,High Engagement,Low Engagement
20,837.0,1920000.0,18,3,11,0,0,0.3347522822678103,Low Engagement,Low Engagement
1,350.0,1930000.0,15,5,2,1,1,0.7483731343715119,High Engagement,High Engagement
27,1302.0,2230000.0,8,5,11,0,0,0.3040755940384725,Low Engagement,Low Engagement
15,394.0,152000.0,20,2,11,0,0,0.22345308213675313,Low Engagement,Low Engagement
10,270.0,46300000.0,19,4,11,1,1,0.5389349993944172,High Engagement,High Engagement
24,248.0,949000.0,17,1,5,0,0,0.4014812090328617,Low Engagement,Low Engagement
20,389.0,3000000.0,13,1,9,1,0,0.44626458942968034,High Engagement,Low Engagement
24,2659.0,131000000.0,8,2,11,1,0,0.3482343830258941,High Engagement,Low Engagement
26,1685.0,177000.0,19,4,11,0,0,0.16010808872301727,Low Engagement,Low Engagement
22,1420.0,50300.0,12,0,12,0,0,0.23559210745470446,Low Engagement,Low Engagement
22,3600.0,729000.0,14,2,9,1,0,0.3234465553855962,High Engagement,Low Engagement
24,910.0,16900000.0,18,6,7,1,1,0.8232734350146038,High Engagement,High Engagement
26,808.0,4870000.0,1,0,7,1,1,0.617123132560873,High Engagement,High Engagement
20,353.0,110000000.0,16,5,11,1,0,0.4900908051004449,High Engagement,Low Engagement
22,598.0,26400000.0,0,4,5,1,1,0.7602515380085751,High Engagement,High Engagement
27,395.0,187000.0,19,0,10,1,0,0.32822759574899985,High Engagement,Low Engagement
1,1214.0,20700.0,19,5,4,0,0,0.48593074719756457,Low Engagement,Low Engagement
17,2802.0,45500.0,15,5,2,0,0,0.33711027906955665,Low Engagement,Low Engagement
24,603.0,1450000.0,19,6,3,1,0,0.48858098317593684,High Engagement,Low Engagement
22,683.0,3990000.0,16,1,1,1,0,0.4877713291329947,High Engagement,Low Engagement
24,585.0,5860000.0,19,2,4,1,1,0.7825219064096713,High Engagement,High Engagement
24,687.0,22800000.0,17,6,5,1,1,0.8387725493370255,High Engagement,High Engagement
27,1273.0,6740000.0,14,1,11,0,0,0.45775099902212135,Low Engagement,Low Engagement
28,2062.0,1690000.0,23,2,3,0,0,0.4041016573462612,Low Engagement,Low Engagement
27,42682.0,11300000.0,14,3,8,1,1,0.672683714869232,High Engagement,High Engagement
24,265.0,2520000.0,20,3,9,1,1,0.5400603240985774,High Engagement,High Engagement
20,623.0,2340000.0,23,3,7,1,0,0.46621239243409907,High Engagement,Low Engagement
17,984.0,15700000.0,0,0,11,1,1,0.5744363383470967,High Engagement,High Engagement
20,1103.0,15000000.0,18,1,11,1,1,0.5612907784828385,High Engagement,High Engagement
23,446.0,20600000.0,18,4,6,1,1,0.7426720672970472,High Engagement,High Engagement
15,2991.0,1870000.0,22,3,3,0,0,0.29305612500502787,Low Engagement,Low Engagement
22,483.0,12700000.0,13,0,2,1,1,0.7269689812380358,High Engagement,High Engagement
20,1177.0,48800000.0,8,1,9,1,1,0.7162125850550732,High Engagement,High Engagement
27,2558.0,6290000.0,2,6,4,0,1,0.6740070922964312,Low Engagement,High Engagement
26,1547.0,13400000.0,8,6,9,1,1,0.6870313651757971,High Engagement,High Engagement
24,33.0,66200000.0,18,0,11,0,0,0.35202086178778863,Low Engagement,Low Engagement
26,514.0,10400000.0,17,2,3,1,1,0.7563114352885769,High Engagement,High Engagement
2,963.0,9220000.0,16,2,4,1,1,0.699446864366022,High Engagement,High Engagement
24,630.0,115000.0,1,0,11,0,0,0.2342370130424132,Low Engagement,Low Engagement
24,531.0,24200000.0,12,5,7,1,1,0.8202928234957604,High Engagement,High Engagement
26,790.0,25900000.0,11,1,6,1,1,0.7767414806590862,High Engagement,High Engagement
26,1041.0,1670000.0,4,6,1,0,0,0.4334298766652289,Low Engagement,Low Engagement
22,3608.0,58100.0,14,6,10,0,0,0.2705155210782798,Low Engagement,Low Engagement
27,559.0,15300000.0,17,1,10,1,1,0.7461651144983276,High Engagement,High Engagement
17,1879.0,932.0,12,2,10,0,0,0.2785518584490992,Low Engagement,Low Engagement
20,1058.0,13900000.0,5,1,3,1,1,0.6978732220227493,High Engagement,High Engagement
15,537.0,673000.0,15,5,2,0,0,0.32483556998582797,Low Engagement,Low Engagement
1,266.0,977000.0,12,6,10,0,1,0.6783768155551988,Low Engagement,High Engagement
26,1510.0,3230000.0,20,6,4,0,0,0.4559127336994939,Low Engagement,Low Engagement
22,824.0,29700000.0,16,5,7,1,1,0.7915615002104867,High Engagement,High Engagement
20,934.0,729000.0,16,4,4,0,0,0.38847183633793014,Low Engagement,Low Engagement
10,505.0,4730000.0,17,2,10,0,1,0.5584931056361541,Low Engagement,High Engagement
27,1639.0,178000.0,16,4,10,1,0,0.27723772060454094,High Engagement,Low Engagement
22,521.0,767000.0,14,4,9,1,0,0.40293807644448376,High Engagement,Low Engagement
24,1481.0,4420000.0,21,3,11,1,0,0.37692357928232423,High Engagement,Low Engagement
20,903.0,15000000.0,18,0,5,1,1,0.7594062873635002,High Engagement,High Engagement
27,1078.0,1350000.0,13,1,4,1,0,0.40087796158165395,High Engagement,Low Engagement
15,328.0,5820.0,19,2,3,0,0,0.25717032641980636,Low Engagement,Low Engagement
27,1149.0,4050000.0,1,4,3,1,0,0.47286196013631854,High Engagement,Low Engagement
19,600.0,209000.0,17,5,10,1,0,0.2276056699231764,High Engagement,Low Engagement
25,962.0,4540000.0,7,6,11,0,0,0.21176233337894176,Low Engagement,Low Engagement
22,1687.0,3600000.0,7,1,1,1,0,0.45708281621317176,High Engagement,Low Engagement
28,60.0,71700000.0,16,5,7,1,1,0.7963797237423662,High Engagement,High Engagement
1,893.0,4260000.0,12,3,10,1,1,0.7337010963123373,High Engagement,High Engagement
24,335.0,6980000.0,16,3,10,1,1,0.7615896620568862,High Engagement,High Engagement
27,803.0,205000.0,15,2,5,0,0,0.3356229290997815,Low Engagement,Low Engagement
24,632.0,2700000.0,17,5,11,0,0,0.4454842385167634,Low Engagement,Low Engagement
17,500.0,3220000.0,21,1,4,0,0,0.43579673677496855,Low Engagement,Low Engagement
17,245.0,26600000.0,16,3,5,0,1,0.6357952181977663,Low Engagement,High Engagement
24,11729.0,291000.0,17,3,2,1,0,0.3020718115858034,High Engagement,Low Engagement
26,829.0,146000.0,3,4,1,0,0,0.34748169701649595,Low Engagement,Low Engagement
27,1187.0,19700000.0,14,3,5,1,1,0.7300193215964477,High Engagement,High Engagement
28,707.0,22000000.0,13,2,8,1,1,0.7264771147192705,High Engagement,High Engagement
27,474.0,126000.0,8,3,4,0,0,0.3463141899909776,Low Engagement,Low Engagement
22,403.0,451000.0,3,2,6,1,0,0.37620833624214167,High Engagement,Low Engagement
20,1153.0,4110000.0,9,5,11,0,0,0.30669974384488063,Low Engagement,Low Engagement
28,1662.0,119000.0,22,1,11,0,0,0.1925916646908899,Low Engagement,Low Engagement
26,1104.0,4870000.0,7,5,3,1,1,0.6200040129154659,High Engagement,High Engagement
24,543.0,6250000.0,20,6,2,1,1,0.8126322283315854,High Engagement,High Engagement
29,784.0,43900000.0,19,0,2,0,0,0.28643982866533285,Low Engagement,Low Engagement
20,2969.0,1710000.0,16,1,7,1,0,0.40358520843664086,High Engagement,Low Engagement
28,952.0,22000000.0,11,3,4,1,1,0.7558212133318243,High Engagement,High Engagement
24,602.0,4020000.0,11,2,6,0,0,0.4370661575246791,Low Engagement,Low Engagement
15,508.0,143000.0,12,6,7,1,0,0.2623098078821736,High Engagement,Low Engagement
17,1322.0,1730000.0,18,1,11,0,0,0.24231863530622672,Low Engagement,Low Engagement
27,543.0,55500.0,11,6,4,0,0,0.3550552969618463,Low Engagement,Low Engagement
10,1044.0,7220000.0,17,5,4,0,1,0.7168506384541796,Low Engagement,High Engagement
27,287.0,22200000.0,16,3,11,1,1,0.620585433201784,High Engagement,High Engagement
27,346.0,22200000.0,15,0,2,1,1,0.7622863068290661,High Engagement,High Engagement
29,794.0,43900000.0,5,0,5,0,0,0.29800560800396253,Low Engagement,Low Engagement
20,624.0,258000.0,19,1,11,0,0,0.22375782887595325,Low Engagement,Low Engagement
20,591.0,2400000.0,20,0,4,0,0,0.46122167183992946,Low Engagement,Low Engagement
20,1004.0,13900000.0,22,4,8,1,1,0.6877733454220426,High Engagement,High Engagement
28,1632.0,22000000.0,11,4,6,1,1,0.6933702425769048,High Engagement,High Engagement
17,798.0,7830000.0,1,0,11,1,1,0.5567791142745417,High Engagement,High Engagement
24,322.0,1400000.0,20,3,12,0,0,0.44045275444235926,Low Engagement,Low Engagement
23,1061.0,7220000.0,2,0,10,1,1,0.7360484086706243,High Engagement,High Engagement
20,28576.0,7400000.0,23,5,11,1,0,0.44679667438867093,High Engagement,Low Engagement
24,517.0,1620000.0,19,0,11,0,0,0.24929158294913806,Low Engagement,Low Engagement
27,4976.0,4880000.0,16,2,8,1,1,0.5916713800692828,High Engagement,High Engagement
24,382.0,2490000.0,20,2,9,1,1,0.529137081899847,High Engagement,High Engagement
20,340.0,1690000.0,15,0,6,1,0,0.4601849528617399,High Engagement,Low Engagement
15,822.0,38100.0,9,6,6,1,0,0.294921680407649,High Engagement,Low Engagement
20,993.0,6230000.0,15,1,6,1,1,0.6428059264737048,High Engagement,High Engagement
26,5468.0,224000.0,16,2,12,0,0,0.2788221129013659,Low Engagement,Low Engagement
28,371.0,63200.0,14,6,1,0,0,0.3407946889218399,Low Engagement,Low Engagement
20,330.0,16000000.0,17,1,1,0,1,0.7144901756236498,Low Engagement,High Engagement
20,1166.0,24300000.0,19,5,7,1,1,0.7703685170239662,High Engagement,High Engagement
26,890.0,359000.0,14,6,8,1,0,0.3545334047213845,High Engagement,Low Engagement
20,644.0,6750000.0,3,0,4,0,1,0.6695394664428111,Low Engagement,High Engagement
15,242.0,284000.0,19,4,11,0,0,0.2671681651105415,Low Engagement,Low Engagement
23,506.0,13300000.0,2,3,7,1,1,0.6865343005925201,High Engagement,High Engagement
23,294.0,33100000.0,3,1,9,1,1,0.646468452094759,High Engagement,High Engagement
20,883.0,3920000.0,10,4,10,1,0,0.4163418347713231,High Engagement,Low Engagement
17,422.0,13800000.0,16,6,9,1,1,0.6709227103694425,High Engagement,High Engagement
26,2344.0,1610000.0,15,4,10,1,0,0.36925440571320617,High Engagement,Low Engagement
17,1479.0,111000000.0,16,2,11,0,0,0.4392416375793282,Low Engagement,Low Engagement
28,465.0,5710000.0,15,4,1,1,1,0.6095181836873435,High Engagement,High Engagement
24,1102.0,23600000.0,19,3,7,1,1,0.8158521841554657,High Engagement,High Engagement
27,953.0,633000.0,8,3,9,0,0,0.3746033020474173,Low Engagement,Low Engagement
23,1640.0,1540000.0,19,0,1,1,1,0.6375244130068386,High Engagement,High Engagement
24,761.0,7960000.0,16,2,2,1,1,0.7984004446641988,High Engagement,High Engagement
24,2968.0,2880000.0,13,5,11,0,0,0.31686041037135054,Low Engagement,Low Engagement
15,593.0,544000.0,15,4,4,1,0,0.2856818252671504,High Engagement,Low Engagement
24,608.0,63600.0,17,4,3,0,0,0.35421472363967577,Low Engagement,Low Engagement
20,1230.0,1190000.0,15,6,5,1,0,0.4008657987873166,High Engagement,Low Engagement
28,585.0,3850.0,11,2,11,0,0,0.2226330766836215,Low Engagement,Low Engagement
28,790.0,5120000.0,16,1,1,0,1,0.5466251389107029,Low Engagement,High Engagement
28,703.0,15400000.0,19,4,6,1,1,0.750232723388785,High Engagement,High Engagement
28,1391.0,7090000.0,14,0,4,0,1,0.5117381551955347,Low Engagement,High Engagement
22,880.0,122000.0,0,6,11,0,0,0.20008120216374087,Low Engagement,Low Engagement
27,1162.0,1610000.0,15,4,11,0,0,0.24959680795074268,Low Engagement,Low Engagement
20,862.0,13900000.0,16,1,4,1,1,0.7138453505472252,High Engagement,High Engagement
27,1011.0,5130000.0,21,2,9,0,1,0.561014788246538,Low Engagement,High Engagement
28,1645.0,7090000.0,14,2,9,0,0,0.49181623148982484,Low Engagement,Low Engagement
22,1180.0,440000.0,10,5,7,1,0,0.36962205560758177,High Engagement,Low Engagement
26,844.0,408000.0,13,6,1,1,0,0.3595197586583032,High Engagement,Low Engagement
20,2644.0,2030000.0,18,3,2,0,0,0.463824987439831,Low Engagement,Low Engagement
20,647.0,3640000.0,19,2,9,1,0,0.44344088400421544,High Engagement,Low Engagement
24,1523.0,21800000.0,15,5,5,1,1,0.8029720295633176,High Engagement,High Engagement
26,922.0,1640000.0,4,6,11,1,0,0.2627006628649513,High Engagement,Low Engagement
27,1253.0,1230000.0,15,4,11,0,0,0.220793330222848,Low Engagement,Low Engagement
23,342.0,33200000.0,5,0,11,0,1,0.5326041183382343,Low Engagement,High Engagement
20,897.0,8330000.0,15,1,11,0,0,0.4554974292713185,Low Engagement,Low Engagement
26,1449.0,9270000.0,14,6,7,1,1,0.6706238912124673,High Engagement,High Engagement
28,868.0,16600000.0,17,0,2,1,1,0.7331005266019848,High Engagement,High Engagement
26,562.0,25900000.0,12,2,1,1,1,0.7768991566684625,High Engagement,High Engagement
19,1438.0,915000.0,16,4,1,0,0,0.26435666499993943,Low Engagement,Low Engagement
28,264.0,4910.0,4,2,2,0,0,0.32998765096500354,Low Engagement,Low Engagement
25,889.0,10300000.0,16,3,6,1,0,0.4563324749168625,High Engagement,Low Engagement
20,1111.0,2010000.0,1,0,10,1,0,0.4406980139931436,High Engagement,Low Engagement
28,1635.0,22000000.0,10,5,10,1,1,0.6881559166685035,High Engagement,High Engagement
26,1042.0,10400000.0,14,6,4,1,1,0.8111266532899202,High Engagement,High Engagement
28,2051.0,22000000.0,14,0,11,1,0,0.498230938197851,High Engagement,Low Engagement
24,1175.0,13900000.0,5,4,11,1,0,0.4792168086341622,High Engagement,Low Engagement
27,414.0,136000.0,0,0,6,0,0,0.34525855212713397,Low Engagement,Low Engagement
20,887.0,13900000.0,22,1,9,0,1,0.6816769578293191,Low Engagement,High Engagement
1,7447.0,2940000.0,14,5,9,1,1,0.7287938741093676,High Engagement,High Engagement
20,1044.0,19900000.0,21,6,11,0,1,0.557222850346411,Low Engagement,High Engagement
10,101.0,307000000.0,14,2,11,0,0,0.3281070896058265,Low Engagement,Low Engagement
24,1035.0,12100000.0,17,6,11,1,1,0.5797128329771168,High Engagement,High Engagement
15,1174.0,3250000.0,12,5,6,1,0,0.4770943808604138,High Engagement,Low Engagement
26,593.0,4870000.0,13,1,5,1,1,0.5957921615457953,High Engagement,High Engagement
28,898.0,5000000.0,14,4,7,1,1,0.5397187421901867,High Engagement,High Engagement
2,697.0,3660000.0,16,3,9,0,0,0.4595694370825186,Low Engagement,Low Engagement
24,263.0,38100000.0,17,1,1,0,1,0.786181077467627,Low Engagement,High Engagement
26,482.0,17500.0,10,0,6,0,0,0.3191157018595378,Low Engagement,Low Engagement
10,2621.0,69300000.0,6,4,12,1,1,0.6575638617069594,High Engagement,High Engagement
27,701.0,5610000.0,10,2,1,1,1,0.6276290434342322,High Engagement,High Engagement
27,543.0,16800000.0,17,1,5,1,1,0.740796945407076,High Engagement,High Engagement
27,817.0,6130000.0,12,2,11,1,1,0.5008446645770972,High Engagement,High Engagement
28,3536.0,7090000.0,15,2,3,0,1,0.5617145968837136,Low Engagement,High Engagement
17,572.0,888000.0,4,2,10,0,0,0.3802247774935723,Low Engagement,Low Engagement
23,764.0,575000.0,21,5,7,0,0,0.4636224039337137,Low Engagement,Low Engagement
20,830.0,6630000.0,22,4,2,1,1,0.6394586623410198,High Engagement,High Engagement
27,332.0,9540000.0,14,2,12,0,1,0.7104939583006906,Low Engagement,High Engagement
29,5668.0,502000.0,15,1,1,0,0,0.16951343827781,Low Engagement,Low Engagement
24,933.0,1190000.0,23,5,11,0,0,0.24347543427466728,Low Engagement,Low Engagement
20,1696.0,33200000.0,22,0,7,1,1,0.6810893955803339,High Engagement,High Engagement
27,811.0,4640000.0,14,1,12,1,1,0.6307280504152891,High Engagement,High Engagement
24,638.0,5820000.0,16,3,7,1,1,0.8041943094666419,High Engagement,High Engagement
15,624.0,364000.0,7,4,4,0,0,0.24833632288723262,Low Engagement,Low Engagement
26,779.0,1150000.0,21,1,11,0,0,0.2467532218175784,Low Engagement,Low Engagement
27,1432.0,1070000.0,13,5,7,1,0,0.4093540556839825,High Engagement,Low Engagement
20,571.0,1920000.0,17,3,11,0,0,0.3521777271634648,Low Engagement,Low Engagement
27,498.0,2780000.0,20,5,1,0,0,0.4673745251135202,Low Engagement,Low Engagement
29,2387.0,259000.0,11,6,7,0,0,0.1468684660768779,Low Engagement,Low Engagement
28,1850.0,168000.0,8,4,4,1,0,0.30638414817205356,High Engagement,Low Engagement
1,900.0,14900000.0,17,5,11,1,1,0.6277331384529516,High Engagement,High Engagement
20,744.0,821000.0,0,2,9,1,0,0.40685187612080614,High Engagement,Low Engagement
23,240.0,949000.0,17,1,6,0,0,0.399039656699436,Low Engagement,Low Engagement
26,571.0,1230000.0,13,5,8,1,0,0.42495622865870836,High Engagement,Low Engagement
2,748.0,10900000.0,9,3,9,1,1,0.6947983799437452,High Engagement,High Engagement
28,683.0,1210000.0,21,3,11,0,0,0.28079453866784676,Low Engagement,Low Engagement
17,521.0,7830000.0,0,0,10,1,1,0.6048223382320168,High Engagement,High Engagement
26,993.0,4870000.0,11,4,4,1,1,0.6374307550266173,High Engagement,High Engagement
28,9216.0,7250000.0,12,0,6,0,1,0.5593279563797375,Low Engagement,High Engagement
20,1025.0,13900000.0,17,1,6,1,1,0.6954429155690509,High Engagement,High Engagement
20,847.0,182000.0,16,0,10,0,0,0.31353602062529573,Low Engagement,Low Engagement
15,2438.0,3390.0,14,1,6,0,0,0.1738052341360321,Low Engagement,Low Engagement
25,301.0,4890000.0,18,4,1,1,0,0.3301637624198544,High Engagement,Low Engagement
23,5641.0,35300000.0,13,5,5,1,1,0.7371840691652293,High Engagement,High Engagement
27,721.0,6610000.0,16,0,12,1,1,0.7138328292938008,High Engagement,High Engagement
20,1101.0,8810000.0,19,6,2,1,1,0.701163157845495,High Engagement,High Engagement
26,994.0,3450000.0,17,2,9,1,0,0.4385395744645178,High Engagement,Low Engagement
27,1301.0,29000.0,5,1,6,0,0,0.31063663109999773,Low Engagement,Low Engagement
26,396.0,13200.0,13,2,7,0,0,0.32884513165792245,Low Engagement,Low Engagement
23,672.0,12900.0,23,5,11,0,0,0.2653896189787045,Low Engagement,Low Engagement
23,636.0,1670000.0,23,2,8,1,1,0.5557201349218508,High Engagement,High Engagement
25,742.0,1440000.0,18,4,8,0,0,0.27005000773851884,Low Engagement,Low Engagement
1,243.0,5520000.0,17,5,1,1,1,0.7957498707795927,High Engagement,High Engagement
26,689.0,25900000.0,11,3,3,1,1,0.7726859467350033,High Engagement,High Engagement
28,506.0,4060000.0,16,0,8,0,0,0.43059043799306174,Low Engagement,Low Engagement
22,575.0,964000.0,17,2,3,1,0,0.43412108027448,High Engagement,Low Engagement
20,253.0,10000000.0,13,0,5,1,1,0.6799361061146003,High Engagement,High Engagement
17,2666.0,676000.0,21,2,3,1,0,0.36735135757490667,High Engagement,Low Engagement
28,465.0,16700000.0,17,1,10,0,1,0.7173647819935431,Low Engagement,High Engagement
23,480.0,12400000.0,2,3,4,0,1,0.6884511875813107,Low Engagement,High Engagement
27,1238.0,4620000.0,13,1,12,1,1,0.5541246301550132,High Engagement,High Engagement
25,791.0,4080000.0,18,1,12,0,0,0.2698739298639794,Low Engagement,Low Engagement
24,259.0,10100000.0,20,2,6,1,1,0.7661509664935359,High Engagement,High Engagement
22,1012.0,29700000.0,16,5,10,1,1,0.7728886015820592,High Engagement,High Engagement
27,413.0,19700000.0,14,2,10,1,1,0.72773872836041,High Engagement,High Engagement
20,1895.0,1700000.0,16,1,8,0,0,0.38834539793896494,Low Engagement,Low Engagement
10,509.0,236000.0,15,4,3,0,0,0.4526321620197821,Low Engagement,Low Engagement
29,3629.0,185000.0,21,2,2,0,0,0.1415936881042376,Low Engagement,Low Engagement
27,436.0,19700000.0,15,0,7,1,1,0.776921974959546,High Engagement,High Engagement
15,2023.0,954000.0,23,3,11,0,0,0.19756586652347163,Low Engagement,Low Engagement
26,1905.0,6580000.0,14,0,5,0,1,0.5840776026879575,Low Engagement,High Engagement
15,441.0,28700.0,16,4,11,0,0,0.2094938700868017,Low Engagement,Low Engagement
17,1255.0,23700000.0,19,2,5,0,1,0.5543836319564034,Low Engagement,High Engagement
27,323.0,34400.0,19,0,2,0,0,0.32922238436065676,Low Engagement,Low Engagement
26,575.0,775000.0,17,4,2,0,0,0.4017857133387157,Low Engagement,Low Engagement
17,361.0,1990000.0,13,0,6,0,0,0.44753655727657454,Low Engagement,Low Engagement
24,722.0,10600000.0,19,2,5,1,1,0.8078197343449846,High Engagement,High Engagement
27,478.0,3480000.0,23,1,7,0,0,0.45882812813652624,Low Engagement,Low Engagement
22,1335.0,1180000.0,18,4,10,1,0,0.3437402753592587,High Engagement,Low Engagement
2,1048.0,10700000.0,11,3,4,1,1,0.7211132157848995,High Engagement,High Engagement
23,3433.0,6870000.0,9,6,7,1,1,0.7220552097697446,High Engagement,High Engagement
22,342.0,14000.0,12,4,9,0,0,0.3375521816961101,Low Engagement,Low Engagement
25,2386.0,979000.0,15,0,7,0,0,0.31530030273051646,Low Engagement,Low Engagement
27,318.0,22200000.0,15,3,6,1,1,0.7646417326213136,High Engagement,High Engagement
25,921.0,7040000.0,14,1,3,0,0,0.3794851417019307,Low Engagement,Low Engagement
24,1831.0,14100000.0,20,3,10,0,1,0.6735498588261041,Low Engagement,High Engagement
22,740.0,2420000.0,14,6,12,1,0,0.4797057493662758,High Engagement,Low Engagement
17,1028.0,1520000.0,17,3,11,0,0,0.32373729957323316,Low Engagement,Low Engagement
22,987.0,2560000.0,17,5,3,1,1,0.5053868351249209,High Engagement,High Engagement
24,466.0,7960000.0,21,1,3,1,1,0.7727985660020635,High Engagement,High Engagement
23,854.0,26900000.0,17,4,1,1,1,0.7306188975418725,High Engagement,High Engagement
24,921.0,5820000.0,17,2,12,1,1,0.7396068736660192,High Engagement,High Engagement
17,384.0,6940000.0,4,0,8,0,1,0.5586112091627553,Low Engagement,High Engagement
17,704.0,1650000.0,16,2,4,1,0,0.4346096619777961,High Engagement,Low Engagement
28,317.0,24700000.0,19,1,11,1,1,0.5742401980193325,High Engagement,High Engagement
1,9834.0,4690000.0,19,5,6,1,1,0.7669029670878453,High Engagement,High Engagement
10,245.0,1610000.0,4,6,5,1,1,0.5506668380027043,High Engagement,High Engagement
17,691.0,10600000.0,15,5,8,1,1,0.6858065239759055,High Engagement,High Engagement
28,845.0,5120000.0,17,0,12,0,1,0.5335346341563478,Low Engagement,High Engagement
23,337.0,5190000.0,11,3,1,0,1,0.6112662381373349,Low Engagement,High Engagement
10,288.0,653000.0,14,4,3,1,1,0.5113166453882321,High Engagement,High Engagement
15,2047.0,118000.0,11,4,8,0,0,0.2017766297461719,Low Engagement,Low Engagement
22,900.0,5180000.0,10,3,11,0,0,0.46888981458139,Low Engagement,Low Engagement
27,700.0,24900000.0,14,1,3,1,1,0.752506746405944,High Engagement,High Engagement
17,2627.0,314000.0,10,0,6,1,0,0.3184830926339852,High Engagement,Low Engagement
27,592.0,7880000.0,15,2,11,1,1,0.5667834766461427,High Engagement,High Engagement
26,1249.0,285000.0,20,0,11,0,0,0.21262740783695017,Low Engagement,Low Engagement
20,601.0,23300000.0,2,3,7,1,1,0.7524330188686835,High Engagement,High Engagement
15,841.0,643000.0,13,6,7,1,0,0.3119450686430803,High Engagement,Low Engagement
22,1562.0,91000.0,13,5,3,0,0,0.3008321382376223,Low Engagement,Low Engagement
20,619.0,2850000.0,19,5,10,1,0,0.45289899460781974,High Engagement,Low Engagement
26,1211.0,1200000.0,15,1,9,0,0,0.3709560614841047,Low Engagement,Low Engagement
26,299.0,7810000.0,2,0,1,1,1,0.7218416076384132,High Engagement,High Engagement
27,481.0,7880000.0,14,4,10,1,1,0.7039932005880547,High Engagement,High Engagement
28,593.0,117000.0,0,6,8,0,0,0.32655582866158794,Low Engagement,Low Engagement
24,602.0,4020000.0,11,2,6,1,0,0.4370661575246791,High Engagement,Low Engagement
28,2171.0,889000.0,13,2,2,0,0,0.3668965386179543,Low Engagement,Low Engagement
20,883.0,2010000.0,2,0,11,1,0,0.37391280968428364,High Engagement,Low Engagement
15,251.0,5390000.0,1,3,3,1,1,0.6022555598916379,High Engagement,High Engagement
26,704.0,25900000.0,11,6,1,0,1,0.798411928011641,Low Engagement,High Engagement
15,956.0,283000.0,22,5,7,0,0,0.24718780584641228,Low Engagement,Low Engagement
28,270.0,4060000.0,19,4,9,0,0,0.4142272033475767,Low Engagement,Low Engagement
24,2288.0,66200000.0,17,2,11,0,0,0.38237911585623,Low Engagement,Low Engagement
20,777.0,3250000.0,0,0,11,1,0,0.3709745801684243,High Engagement,Low Engagement
10,246.0,62700000.0,4,4,10,1,1,0.7454280739621905,High Engagement,High Engagement
20,614.0,4840000.0,23,6,2,0,1,0.6107229877866395,Low Engagement,High Engagement
24,1077.0,6980000.0,16,5,10,1,1,0.8044157615656001,High Engagement,High Engagement
24,548.0,815000.0,15,5,1,1,0,0.4365107084105992,High Engagement,Low Engagement
23,368.0,275000.0,16,2,11,0,0,0.3714307922164464,Low Engagement,Low Engagement
17,1130.0,21800000.0,23,4,4,0,1,0.6741660210201036,Low Engagement,High Engagement
27,769.0,250000.0,10,5,12,0,0,0.3203228114917973,Low Engagement,Low Engagement
28,1307.0,795000.0,16,1,7,1,0,0.3598194874391988,High Engagement,Low Engagement
28,931.0,16600000.0,18,1,7,1,1,0.7461640538952218,High Engagement,High Engagement
23,1533.0,3830000.0,23,5,1,1,1,0.7251187411010053,High Engagement,High Engagement
26,381.0,1240000.0,10,1,2,1,0,0.42432482979610076,High Engagement,Low Engagement
19,2460.0,1870000.0,12,5,12,0,0,0.2747348277894133,Low Engagement,Low Engagement
17,1244.0,206000.0,19,6,12,1,0,0.27496352338768315,High Engagement,Low Engagement
10,358.0,307000000.0,9,3,11,0,0,0.39857401354153,Low Engagement,Low Engagement
2,449.0,9420000.0,19,1,11,0,1,0.5542073664632325,Low Engagement,High Engagement
19,949.0,6630000.0,15,0,10,0,1,0.5110106438180024,Low Engagement,High Engagement
15,937.0,3250000.0,12,0,11,1,0,0.39684752723416045,High Engagement,Low Engagement
22,456.0,1450000.0,18,1,5,0,0,0.42679947059536166,Low Engagement,Low Engagement
24,1179.0,1700000.0,19,1,10,0,0,0.3950840532333392,Low Engagement,Low Engagement
1,349.0,9840000.0,15,6,2,1,1,0.8417532283331823,High Engagement,High Engagement
27,915.0,16800000.0,18,4,12,1,1,0.7584803688784275,High Engagement,High Engagement
23,566.0,20600000.0,15,5,2,1,1,0.7728323733528332,High Engagement,High Engagement
1,1181.0,5600000.0,5,5,10,1,1,0.7853154439040653,High Engagement,High Engagement
29,552.0,235000.0,18,4,3,0,0,0.20633367143469414,Low Engagement,Low Engagement
26,251.0,3970000.0,18,4,9,0,0,0.45439100425595297,Low Engagement,Low Engagement
28,585.0,134000.0,22,6,2,0,0,0.3358598892245755,Low Engagement,Low Engagement
15,256.0,21800000.0,14,1,12,1,1,0.6363902783468224,High Engagement,High Engagement
17,44.0,61700000.0,14,2,9,0,1,0.6921467674272762,Low Engagement,High Engagement
25,391.0,14600000.0,17,0,11,0,0,0.25942968597127447,Low Engagement,Low Engagement
27,303.0,22200000.0,15,0,6,1,1,0.7746366695612256,High Engagement,High Engagement
24,958.0,16900000.0,18,0,1,1,1,0.8096129601959351,High Engagement,High Engagement
1,177.0,65500000.0,18,4,11,0,0,0.3479046843860165,Low Engagement,Low Engagement
26,838.0,44700000.0,17,2,12,1,1,0.7523614756797108,High Engagement,High Engagement
20,2124.0,6440000.0,15,5,3,1,1,0.6556176437191172,High Engagement,High Engagement
28,355.0,33600.0,8,2,11,1,0,0.23261527949564662,High Engagement,Low Engagement
15,258.0,14200000.0,18,4,11,0,0,0.46800840770483804,Low Engagement,Low Engagement
28,1604.0,50200.0,18,1,6,0,0,0.3023621952043441,Low Engagement,Low Engagement
22,549.0,5550000.0,22,4,12,1,1,0.6919821935205467,High Engagement,High Engagement
23,922.0,4510000.0,21,2,8,1,1,0.6551519709917129,High Engagement,High Engagement
24,597.0,6730000.0,11,5,6,1,1,0.7346513844639239,High Engagement,High Engagement
15,1120.0,92400.0,9,6,12,0,0,0.297677090258325,Low Engagement,Low Engagement
15,311.0,1370000.0,22,3,8,0,0,0.36738748134974375,Low Engagement,Low Engagement
2,644.0,10700000.0,9,0,5,0,1,0.6998967796520744,Low Engagement,High Engagement
2,2397.0,3900000.0,4,0,5,1,0,0.4561971204780041,High Engagement,Low Engagement
19,427.0,5160000.0,16,6,6,0,0,0.4750562413788968,Low Engagement,Low Engagement
27,388.0,1750000.0,17,1,12,0,0,0.39480758266464555,Low Engagement,Low Engagement
27,352.0,2680000.0,1,2,11,1,0,0.4048289378351518,High Engagement,Low Engagement
24,940.0,5540000.0,22,6,10,0,1,0.7271494061372115,Low Engagement,High Engagement
20,1215.0,724000.0,17,4,8,0,0,0.33174630586595893,Low Engagement,Low Engagement
29,386.0,17100.0,12,4,12,0,0,0.24543545231196054,Low Engagement,Low Engagement
27,287.0,1500000.0,10,0,4,0,0,0.3979609849220759,Low Engagement,Low Engagement
24,55.0,80900000.0,12,6,11,1,0,0.4080288068444817,High Engagement,Low Engagement
27,1032.0,1230000.0,16,5,5,0,0,0.4088787821473243,Low Engagement,Low Engagement
24,367.0,37800000.0,6,2,11,1,1,0.5065755668967991,High Engagement,High Engagement
27,2513.0,24500000.0,14,2,2,1,1,0.7022878355880278,High Engagement,High Engagement
27,551.0,2380000.0,14,4,7,1,0,0.44045109911830405,High Engagement,Low Engagement
22,241.0,751.0,16,4,4,0,0,0.3705901961152902,Low Engagement,Low Engagement
23,405.0,302000.0,16,5,12,0,0,0.38684831900197114,Low Engagement,Low Engagement
22,965.0,2560000.0,16,4,11,1,0,0.3522699529638486,High Engagement,Low Engagement
28,908.0,119000.0,13,0,4,0,0,0.3215732202725297,Low Engagement,Low Engagement
22,867.0,236000.0,15,5,9,1,0,0.35706790116629006,High Engagement,Low Engagement
25,530.0,14600000.0,23,4,8,0,0,0.3567917763219791,Low Engagement,Low Engagement
27,898.0,123000.0,8,6,3,0,0,0.3534836263196576,Low Engagement,Low Engagement
1,253.0,760000.0,14,4,4,1,1,0.6868118720212655,High Engagement,High Engagement
24,1066.0,7190000.0,16,2,5,1,1,0.7949030897151634,High Engagement,High Engagement
20,1187.0,15000000.0,0,6,2,1,1,0.7608761158868447,High Engagement,High Engagement
17,720.0,7830000.0,1,0,7,1,1,0.646307057717811,High Engagement,High Engagement
24,737.0,95100.0,16,0,5,0,0,0.3746874769455645,Low Engagement,Low Engagement
1,815.0,2590000.0,14,0,9,0,1,0.7267416916228915,Low Engagement,High Engagement
1,576.0,456000.0,13,5,6,1,1,0.5438326455358506,High Engagement,High Engagement
10,242.0,810000.0,13,6,10,0,1,0.5462995509255391,Low Engagement,High Engagement
23,257.0,949000.0,17,1,4,0,0,0.37594209126790185,Low Engagement,Low Engagement
15,389.0,673000.0,14,5,7,0,0,0.3157890142414008,Low Engagement,Low Engagement
20,723.0,3640000.0,19,0,8,1,0,0.45831614240316404,High Engagement,Low Engagement
17,339.0,24600000.0,21,0,1,1,1,0.6492589506378762,High Engagement,High Engagement
22,551.0,54300000.0,17,5,3,1,1,0.782157699338238,High Engagement,High Engagement
23,816.0,5530000.0,23,6,1,1,1,0.743824494783126,High Engagement,High Engagement
15,451.0,54000.0,16,0,10,0,0,0.27330946184844634,Low Engagement,Low Engagement
25,1085.0,4070000.0,18,2,2,1,0,0.3115581245385507,High Engagement,Low Engagement
17,7750.0,168000.0,23,0,12,0,0,0.22245420023994034,Low Engagement,Low Engagement
26,498.0,616000.0,6,4,5,1,0,0.38895579617278475,High Engagement,Low Engagement
23,1114.0,4710000.0,19,1,6,1,1,0.7220488449696955,High Engagement,High Engagement
20,846.0,1400000.0,17,6,1,1,0,0.43233293533392414,High Engagement,Low Engagement
26,459.0,11900.0,17,0,5,0,0,0.3082293929326938,Low Engagement,Low Engagement
26,1057.0,12700000.0,15,6,10,0,1,0.7998890148356894,Low Engagement,High Engagement
10,246.0,27600000.0,0,2,12,1,1,0.7083161169613679,High Engagement,High Engagement
2,2185.0,5020000.0,15,1,10,1,1,0.5411272040102353,High Engagement,High Engagement
26,1080.0,4870000.0,10,0,10,1,1,0.5703867306496326,High Engagement,High Engagement
27,2419.0,4050000.0,1,1,8,1,0,0.4786420600988714,High Engagement,Low Engagement
25,908.0,16900000.0,13,2,6,0,0,0.4261829323187364,Low Engagement,Low Engagement
20,500.0,48100.0,12,0,9,0,0,0.3228231302412702,Low Engagement,Low Engagement
17,627.0,201000.0,21,4,7,0,0,0.3415064312041624,Low Engagement,Low Engagement
27,804.0,501000.0,20,1,6,1,0,0.3609825594118882,High Engagement,Low Engagement
17,525.0,6240000.0,11,5,8,0,1,0.6120865078575175,Low Engagement,High Engagement
22,857.0,5550000.0,19,4,4,1,1,0.7377568308007394,High Engagement,High Engagement
28,3006.0,1060000.0,14,3,5,0,0,0.35488931675765184,Low Engagement,Low Engagement
28,500.0,837000.0,16,0,8,1,0,0.381134183388824,High Engagement,Low Engagement
29,2308.0,996000.0,14,4,1,0,0,0.16847726199899252,Low Engagement,Low Engagement
22,2710.0,979000.0,12,5,7,1,0,0.38824898890185955,High Engagement,Low Engagement
27,5532.0,1500000.0,16,6,3,0,0,0.4302433072086853,Low Engagement,Low Engagement
26,829.0,21300000.0,17,5,11,1,1,0.6377416540446067,High Engagement,High Engagement
24,352.0,6610000.0,13,6,3,1,1,0.7777172945246498,High Engagement,High Engagement
17,454.0,6940000.0,2,2,12,0,1,0.561003548280609,Low Engagement,High Engagement
27,444.0,2780000.0,16,2,4,0,0,0.43743418428307584,Low Engagement,Low Engagement
20,1194.0,181000.0,12,3,8,0,0,0.31389876021364793,Low Engagement,Low Engagement
25,901.0,6620000.0,23,2,3,0,0,0.3446921236330206,Low Engagement,Low Engagement
24,1209.0,13500000.0,13,6,4,0,1,0.7214419789241594,Low Engagement,High Engagement
1,152.0,108000000.0,10,1,11,0,0,0.2615565104331628,Low Engagement,Low Engagement
15,247.0,5250000.0,22,4,11,1,0,0.44600461298861194,High Engagement,Low Engagement
24,435.0,21800000.0,16,3,6,1,1,0.8075134840600575,High Engagement,High Engagement
24,752.0,4700000.0,15,6,1,1,1,0.6783186748376715,High Engagement,High Engagement
29,1065.0,43900000.0,18,0,12,1,0,0.27936997489348253,High Engagement,Low Engagement
24,605.0,4860000.0,15,1,6,1,1,0.6835015994783912,High Engagement,High Engagement
26,1404.0,26900000.0,17,2,10,0,1,0.6778821730918371,Low Engagement,High Engagement
22,262.0,1430.0,19,3,12,0,0,0.3467661064363881,Low Engagement,Low Engagement
24,586.0,7960000.0,17,5,1,1,1,0.8079770405193488,High Engagement,High Engagement
26,1601.0,469000.0,16,6,11,0,0,0.15784521748200417,Low Engagement,Low Engagement
27,1949.0,592000.0,21,0,12,0,0,0.2925191709761436,Low Engagement,Low Engagement
28,316.0,24700000.0,15,3,7,1,1,0.7333642859832903,High Engagement,High Engagement
20,555.0,839000.0,13,2,6,0,0,0.3966750737501576,Low Engagement,Low Engagement
27,503.0,4640000.0,12,0,2,1,1,0.6085511053890108,High Engagement,High Engagement
20,668.0,859000.0,19,5,10,1,0,0.3959310691113883,High Engagement,Low Engagement
1,418.0,34800000.0,11,4,11,1,1,0.5461620008962796,High Engagement,High Engagement
17,490.0,13800000.0,18,6,11,1,1,0.568311272662185,High Engagement,High Engagement
22,1046.0,20900000.0,23,1,2,1,1,0.7619687595102979,High Engagement,High Engagement
20,888.0,205000.0,17,4,12,0,0,0.326498624817158,Low Engagement,Low Engagement
1,351.0,370000.0,12,2,1,0,1,0.507697069195951,Low Engagement,High Engagement
29,8891.0,839000.0,23,3,3,1,0,0.22205267754702968,High Engagement,Low Engagement
1,872.0,42400000.0,5,0,8,1,1,0.8200811440293745,High Engagement,High Engagement
27,1113.0,3830000.0,17,4,2,0,0,0.4228260491897078,Low Engagement,Low Engagement
22,273.0,22600.0,17,2,12,1,0,0.33766800336367925,High Engagement,Low Engagement
27,305.0,6610000.0,14,3,5,1,1,0.6718364352292694,High Engagement,High Engagement
22,3230.0,2850.0,15,5,11,0,0,0.152471446147852,Low Engagement,Low Engagement
20,1183.0,1250000.0,12,6,8,0,0,0.4067376321794843,Low Engagement,Low Engagement
20,551.0,3400000.0,15,6,11,0,0,0.3591232007742496,Low Engagement,Low Engagement
20,1146.0,758000.0,18,5,7,0,0,0.4115771338059063,Low Engagement,Low Engagement
23,1124.0,2560000.0,19,4,4,0,1,0.5835135785866163,Low Engagement,High Engagement
22,1095.0,13400000.0,23,3,2,1,1,0.75029463459899,High Engagement,High Engagement
29,387.0,20600.0,13,3,10,0,0,0.1890639373620602,Low Engagement,Low Engagement
20,500.0,4890.0,15,6,10,0,0,0.340412405938184,Low Engagement,Low Engagement
22,748.0,16000000.0,16,2,5,1,1,0.7612147600368434,High Engagement,High Engagement
23,594.0,10500000.0,2,6,4,1,1,0.7609004702785183,High Engagement,High Engagement
23,1210.0,7900000.0,15,5,3,1,1,0.785995944463124,High Engagement,High Engagement
20,684.0,49500.0,11,0,11,0,0,0.19780701083090496,Low Engagement,Low Engagement
27,990.0,83800.0,5,0,11,0,0,0.1819233559554712,Low Engagement,Low Engagement
20,1155.0,8480000.0,16,2,9,0,1,0.6708234181838031,Low Engagement,High Engagement
26,452.0,1240000.0,14,1,3,1,0,0.42900041840480213,High Engagement,Low Engagement
28,3463.0,5230000.0,23,3,11,0,0,0.429950947277815,Low Engagement,Low Engagement
23,250.0,33200000.0,4,2,10,0,1,0.5905745909228084,Low Engagement,High Engagement
23,319.0,5530000.0,0,4,10,1,1,0.6720129239023953,High Engagement,High Engagement
22,1222.0,1180000.0,12,2,7,0,0,0.37080138432216964,Low Engagement,Low Engagement
24,935.0,3280000.0,23,3,9,1,1,0.5137610309735618,High Engagement,High Engagement
28,951.0,20600000.0,19,4,10,1,1,0.7403090211433115,High Engagement,High Engagement
23,593.0,24500.0,13,6,10,0,0,0.4192238532732926,Low Engagement,Low Engagement
28,740.0,2390000.0,16,0,11,0,0,0.34354565783495983,Low Engagement,Low Engagement
26,570.0,878000.0,5,4,11,0,0,0.24714904474898058,Low Engagement,Low Engagement
15,1082.0,3990000.0,17,2,9,0,0,0.41430301576573364,Low Engagement,Low Engagement
28,256.0,76700.0,14,2,8,0,0,0.3156386151669895,Low Engagement,Low Engagement
24,733.0,72200.0,17,4,1,0,0,0.34088635475759643,Low Engagement,Low Engagement
26,296.0,3110000.0,15,4,1,0,0,0.45992798487613185,Low Engagement,Low Engagement
22,1052.0,20500000.0,6,5,2,1,1,0.7749270087793831,High Engagement,High Engagement
24,487.0,8590000.0,20,5,11,1,1,0.5714222866219284,High Engagement,High Engagement
28,372.0,5120000.0,16,6,9,0,1,0.5259161414299101,Low Engagement,High Engagement
10,363.0,803000.0,21,0,6,0,1,0.530208532987427,Low Engagement,High Engagement
17,443.0,339000.0,11,6,4,0,0,0.3776240411937545,Low Engagement,Low Engagement
23,1757.0,3700000.0,16,2,6,1,1,0.6867629583629744,High Engagement,High Engagement
24,744.0,7190000.0,17,2,11,1,1,0.5787625290527354,High Engagement,High Engagement
15,671.0,26000.0,11,0,5,0,0,0.2682674674652767,Low Engagement,Low Engagement
24,1414.0,17500000.0,0,1,8,1,1,0.7244001221581501,High Engagement,High Engagement
27,542.0,2430000.0,14,5,9,0,0,0.44913805586422595,Low Engagement,Low Engagement
26,1528.0,136000.0,11,0,12,0,0,0.2365057223233725,Low Engagement,Low Engagement
29,2496.0,865000.0,14,4,9,0,0,0.18191200553706285,Low Engagement,Low Engagement
17,384.0,61800000.0,21,0,9,1,1,0.7054631651983396,High Engagement,High Engagement
28,1319.0,695000.0,17,4,9,0,0,0.32689488125635724,Low Engagement,Low Engagement
28,786.0,24700000.0,20,2,4,1,1,0.7438308266084585,High Engagement,High Engagement
29,774.0,43900000.0,20,2,2,0,0,0.289954872212819,Low Engagement,Low Engagement
15,2826.0,112000.0,16,0,5,0,0,0.21177834794074074,Low Engagement,Low Engagement
24,608.0,4020000.0,16,2,3,1,1,0.5026497775209031,High Engagement,High Engagement
20,1016.0,6750000.0,0,5,11,1,0,0.4353507237636867,High Engagement,Low Engagement
28,247.0,4050000.0,13,0,1,0,0,0.43874134057934033,Low Engagement,Low Engagement
29,1605.0,3750000.0,12,6,7,1,0,0.2867008831833276,High Engagement,Low Engagement
24,1338.0,6990000.0,16,5,9,0,1,0.706872144343614,Low Engagement,High Engagement
27,1431.0,709000.0,15,5,11,0,0,0.18774747535456718,Low Engagement,Low Engagement
23,567.0,20100.0,0,1,11,1,0,0.2590029354846259,High Engagement,Low Engagement
20,1063.0,15000000.0,16,2,7,1,1,0.7422171428731136,High Engagement,High Engagement
22,255.0,175000.0,14,4,6,1,0,0.366262481111726,High Engagement,Low Engagement
23,27669.0,4790000.0,20,4,11,1,1,0.6452177818338447,High Engagement,High Engagement
28,418.0,1750000.0,16,0,1,0,0,0.38767350622702595,Low Engagement,Low Engagement
22,885.0,5520000.0,17,0,4,1,1,0.7269138508232516,High Engagement,High Engagement
17,375.0,1060000.0,16,0,7,0,0,0.4182050160764511,Low Engagement,Low Engagement
22,842.0,2370000.0,18,5,2,1,0,0.48742853272627173,High Engagement,Low Engagement
27,323.0,22200000.0,16,1,11,1,1,0.621575556544628,High Engagement,High Engagement
28,1195.0,1210000.0,17,2,12,0,0,0.3552163849062487,Low Engagement,Low Engagement
24,410.0,1350000.0,11,0,1,1,0,0.41873911973813066,High Engagement,Low Engagement
24,928.0,14400000.0,3,5,11,1,1,0.5344624497927779,High Engagement,High Engagement
24,489.0,2730000.0,17,3,8,0,1,0.5107459905105008,Low Engagement,High Engagement
22,844.0,21300000.0,15,6,5,1,1,0.7666808399515721,High Engagement,High Engagement
24,722.0,35100000.0,20,4,3,1,1,0.8585250955024003,High Engagement,High Engagement
17,764.0,23900000.0,22,4,4,1,1,0.7606192070382055,High Engagement,High Engagement
26,3816.0,908000.0,16,6,8,1,0,0.36941512481660427,High Engagement,Low Engagement
19,2461.0,6300000.0,15,4,1,0,0,0.4847393622720371,Low Engagement,Low Engagement
15,956.0,1300000.0,13,5,4,1,0,0.3264649768413681,High Engagement,Low Engagement
15,1133.0,3390000.0,22,1,6,1,0,0.4322672557141564,High Engagement,Low Engagement
26,774.0,10400000.0,14,6,6,1,1,0.8009213108886826,High Engagement,High Engagement
10,274.0,1760000.0,16,4,8,0,1,0.5461170813813445,Low Engagement,High Engagement
23,738.0,7220000.0,19,3,4,1,1,0.7677303919960288,High Engagement,High Engagement
27,806.0,36900.0,4,4,9,0,0,0.32342355345007395,Low Engagement,Low Engagement
23,365.0,12400000.0,17,6,11,0,1,0.5837144799153597,Low Engagement,High Engagement
23,409.0,1400000.0,18,5,11,1,0,0.4020915486180494,High Engagement,Low Engagement
28,1114.0,22000000.0,13,2,7,1,1,0.7352167412251445,High Engagement,High Engagement
20,1112.0,546000.0,20,2,10,0,0,0.3562021202899065,Low Engagement,Low Engagement
24,653.0,9340000.0,17,5,11,0,1,0.6109616280886688,Low Engagement,High Engagement
24,669.0,7960000.0,16,2,3,1,1,0.8092342757051049,High Engagement,High Engagement
22,520.0,5340000.0,19,3,1,1,1,0.6448774289059456,High Engagement,High Engagement
25,275.0,3970000.0,15,0,9,1,0,0.3180653656358188,High Engagement,Low Engagement
28,270.0,814000.0,22,0,3,0,0,0.3818380826089253,Low Engagement,Low Engagement
17,4748.0,2720000.0,10,5,11,0,0,0.327214261152053,Low Engagement,Low Engagement
1,668.0,1330000.0,0,3,11,0,0,0.4203133559492753,Low Engagement,Low Engagement
17,525.0,770000.0,19,6,5,1,0,0.39378586489186523,High Engagement,Low Engagement
15,593.0,2230000.0,17,6,2,1,0,0.3891554753796922,High Engagement,Low Engagement
20,1545.0,1490000.0,19,2,10,1,0,0.3477800795123414,High Engagement,Low Engagement
20,999.0,903000.0,19,4,11,1,0,0.21414758748954754,High Engagement,Low Engagement
20,834.0,5180000.0,19,0,9,1,1,0.5963402846569716,High Engagement,High Engagement
26,2011.0,6580000.0,14,0,1,1,1,0.6054698627114821,High Engagement,High Engagement
1,1150.0,8160.0,21,3,11,0,0,0.2496854982151874,Low Engagement,Low Engagement
27,634.0,1910000.0,15,4,5,0,0,0.42585004121795905,Low Engagement,Low Engagement
10,1305.0,1410000.0,13,5,9,0,0,0.44239373745551736,Low Engagement,Low Engagement
20,949.0,7860000.0,20,2,7,0,1,0.6856800849453704,Low Engagement,High Engagement
22,920.0,26900000.0,19,4,2,1,1,0.7753649381039754,High Engagement,High Engagement
27,5027.0,20100000.0,3,3,11,0,0,0.457973566118002,Low Engagement,Low Engagement
27,631.0,4050000.0,1,1,5,1,0,0.4527039309954632,High Engagement,Low Engagement
17,1307.0,23700000.0,19,2,5,1,1,0.555794358741661,High Engagement,High Engagement
15,1114.0,400000.0,13,1,9,0,0,0.2558447866954049,Low Engagement,Low Engagement
20,403.0,16700000.0,23,5,1,1,1,0.751468384363653,High Engagement,High Engagement
25,401.0,14600000.0,13,2,6,0,0,0.38534518925840267,Low Engagement,Low Engagement
27,1141.0,15300000.0,18,0,6,1,1,0.7615266887168048,High Engagement,High Engagement
22,483.0,800000.0,16,0,5,0,0,0.425650468630425,Low Engagement,Low Engagement
24,650.0,5270000.0,20,1,6,1,1,0.7462116066641721,High Engagement,High Engagement
26,442.0,10100000.0,12,2,7,1,1,0.7586785434533719,High Engagement,High Engagement
20,267.0,19600000.0,19,0,7,0,1,0.7377086250115944,Low Engagement,High Engagement
28,1037.0,4050000.0,15,4,4,0,0,0.4389869393967279,Low Engagement,Low Engagement
25,487.0,9370000.0,22,6,11,0,0,0.23717096750623956,Low Engagement,Low Engagement
26,379.0,14200000.0,22,5,11,0,1,0.6030768325347822,Low Engagement,High Engagement
20,1665.0,33200000.0,18,1,1,1,1,0.6869587510446246,High Engagement,High Engagement
24,1043.0,19100000.0,15,3,10,1,1,0.7829830916447552,High Engagement,High Engagement
26,647.0,21300000.0,16,6,1,1,1,0.811248714771193,High Engagement,High Engagement
24,590.0,7960000.0,15,0,9,1,1,0.7806806486098401,High Engagement,High Engagement
23,437.0,13300000.0,0,1,10,0,1,0.6611468416512472,Low Engagement,High Engagement
22,826.0,5340000.0,19,3,7,1,1,0.6597247690772231,High Engagement,High Engagement
25,586.0,9380000.0,4,1,4,0,0,0.40295186282802464,Low Engagement,Low Engagement
28,1140.0,265000.0,13,4,2,0,0,0.3274653103988116,Low Engagement,Low Engagement
26,763.0,9770000.0,14,0,1,1,1,0.7478365315120127,High Engagement,High Engagement
22,652.0,90600.0,12,4,4,0,0,0.34813595047065227,Low Engagement,Low Engagement
22,1745.0,3600000.0,5,1,11,1,0,0.3225854499790113,High Engagement,Low Engagement
27,271.0,6610000.0,15,0,7,1,1,0.7362586158006231,High Engagement,High Engagement
15,957.0,1710000.0,19,3,12,0,0,0.36823989168797006,Low Engagement,Low Engagement
24,683.0,3080000.0,22,0,3,1,1,0.5458866512047972,High Engagement,High Engagement
27,906.0,3830000.0,16,2,5,0,0,0.43006439527057183,Low Engagement,Low Engagement
28,253.0,10100000.0,16,5,10,1,1,0.6975928084336662,High Engagement,High Engagement
19,2887.0,738000.0,12,6,6,1,0,0.286834763657902,High Engagement,Low Engagement
20,864.0,2150000.0,22,5,9,1,0,0.4389673277049737,High Engagement,Low Engagement
24,51.0,21800000.0,16,1,3,1,1,0.78739220773301,High Engagement,High Engagement
25,417.0,31300.0,19,4,6,0,0,0.2326310054310182,Low Engagement,Low Engagement
20,654.0,1660000.0,14,2,1,0,0,0.43369190840868016,Low Engagement,Low Engagement
29,728.0,26900000.0,16,2,11,0,0,0.2822678158180035,Low Engagement,Low Engagement
10,6106.0,79100000.0,11,5,5,1,1,0.6595705754379918,High Engagement,High Engagement
25,2830.0,7090000.0,17,2,9,1,0,0.381118384219553,High Engagement,Low Engagement
19,5234.0,738000.0,15,5,2,1,0,0.28211324557976597,High Engagement,Low Engagement
15,1269.0,794000.0,0,5,7,0,0,0.2472481597654713,Low Engagement,Low Engagement
20,671.0,8840000.0,22,1,11,0,0,0.46291326713664177,Low Engagement,Low Engagement
23,989.0,19400000.0,9,3,11,1,1,0.6005724978824508,High Engagement,High Engagement
17,338.0,355000.0,11,0,8,1,0,0.36051210684875035,High Engagement,Low Engagement
20,751.0,11500000.0,17,1,7,1,1,0.7004876558795721,High Engagement,High Engagement
26,528.0,80900000.0,13,2,9,1,1,0.7444671174098386,High Engagement,High Engagement
17,2794.0,35800000.0,21,5,6,1,1,0.65555994420569,High Engagement,High Engagement
20,634.0,16700000.0,19,4,7,1,1,0.7584971592505672,High Engagement,High Engagement
17,254.0,10100000.0,17,6,2,1,1,0.6224671802078637,High Engagement,High Engagement
22,950.0,6440000.0,19,5,2,1,1,0.7263545659968383,High Engagement,High Engagement
24,3014.0,155000.0,21,4,7,0,0,0.29629447774321205,Low Engagement,Low Engagement
17,1682.0,818000.0,12,6,12,1,0,0.3220958077295321,High Engagement,Low Engagement
20,613.0,6630000.0,20,0,1,1,1,0.6687139697267902,High Engagement,High Engagement
17,992.0,2370000.0,8,6,1,1,0,0.477686545500902,High Engagement,Low Engagement
28,253.0,4060000.0,19,3,8,0,0,0.419632366348923,Low Engagement,Low Engagement
28,488.0,4060000.0,15,0,3,0,0,0.4537646352696951,Low Engagement,Low Engagement
22,597.0,24200.0,1,1,7,0,0,0.34429732694923226,Low Engagement,Low Engagement
24,608.0,63600.0,13,1,3,1,0,0.3743780419676391,High Engagement,Low Engagement
25,424.0,3210000.0,15,3,8,0,0,0.31287506735534504,Low Engagement,Low Engagement
28,5149.0,16100.0,21,0,11,0,0,0.18572403689608372,Low Engagement,Low Engagement
20,1093.0,1240000.0,17,0,11,0,0,0.21921098786540047,Low Engagement,Low Engagement
22,282.0,28000.0,17,4,9,0,0,0.3383131593919062,Low Engagement,Low Engagement
19,550.0,44700000.0,3,3,6,0,1,0.5714296890657952,Low Engagement,High Engagement
24,740.0,21800000.0,17,4,7,1,1,0.8186613736624705,High Engagement,High Engagement
24,326.0,23600000.0,17,0,3,1,1,0.8247613859914286,High Engagement,High Engagement
17,298.0,85100.0,17,3,12,1,0,0.33976097358176766,High Engagement,Low Engagement
24,514.0,6550000.0,14,4,4,0,1,0.7553355874222982,Low Engagement,High Engagement
28,901.0,4990000.0,16,5,6,1,1,0.6012732024291312,High Engagement,High Engagement
22,410.0,20500000.0,21,1,8,0,1,0.7171658326573965,Low Engagement,High Engagement
15,488.0,1340000.0,17,4,4,0,0,0.31391903103597846,Low Engagement,Low Engagement
27,2163.0,6250.0,5,6,10,0,0,0.28067568507687535,Low Engagement,Low Engagement
22,550.0,5550000.0,19,6,7,0,1,0.7060887676592301,Low Engagement,High Engagement
22,700.0,26900000.0,21,1,8,0,1,0.7473488909785737,Low Engagement,High Engagement
22,512.0,1330000.0,20,0,12,0,0,0.3983799873368021,Low Engagement,Low Engagement
26,507.0,2230000.0,6,4,12,0,0,0.4294431751806709,Low Engagement,Low Engagement
28,253.0,4060000.0,19,2,7,0,0,0.4153035974793943,Low Engagement,Low Engagement
27,1612.0,935000.0,23,2,4,1,0,0.4011979601122456,High Engagement,Low Engagement
23,840.0,2660000.0,15,4,8,1,1,0.5954958615814508,High Engagement,High Engagement
27,766.0,6610000.0,15,0,6,1,1,0.7096927277900036,High Engagement,High Engagement
26,1133.0,6120000.0,17,4,1,0,1,0.6756745460803901,Low Engagement,High Engagement
15,2460.0,1710000.0,20,0,3,0,0,0.27535533634306025,Low Engagement,Low Engagement
22,676.0,4030000.0,15,6,6,0,0,0.49970791867508796,Low Engagement,Low Engagement
15,252.0,122000.0,20,4,9,0,0,0.2874529600367877,Low Engagement,Low Engagement
28,994.0,2820000.0,17,4,4,1,0,0.43258272060871356,High Engagement,Low Engagement
28,572.0,3150000.0,21,3,8,1,0,0.43449823267060994,High Engagement,Low Engagement
17,1302.0,23700000.0,19,1,10,0,1,0.540701983171227,Low Engagement,High Engagement
10,215.0,62700000.0,3,4,8,1,1,0.7356431011884359,High Engagement,High Engagement
25,378.0,3240000.0,13,0,10,0,0,0.2862886234070547,Low Engagement,Low Engagement
10,6939.0,1010000.0,9,1,5,0,0,0.4521569317616319,Low Engagement,Low Engagement
22,1063.0,1240.0,19,1,5,0,0,0.3265605597625812,Low Engagement,Low Engagement
23,1499.0,19900000.0,16,5,1,1,1,0.7889466665302847,High Engagement,High Engagement
28,768.0,20600000.0,21,1,3,1,1,0.7376162350655241,High Engagement,High Engagement
22,509.0,51000.0,20,3,3,0,0,0.3679129799924247,Low Engagement,Low Engagement
24,1842.0,2120000.0,11,1,11,1,0,0.30975704894855755,High Engagement,Low Engagement
28,532.0,16600000.0,17,3,7,1,1,0.7453065122457763,High Engagement,High Engagement
22,248.0,303000.0,23,5,1,1,0,0.3997080633309962,High Engagement,Low Engagement
26,1292.0,4210000.0,15,1,6,0,1,0.5478297593191431,Low Engagement,High Engagement
29,4125.0,2050000.0,22,6,4,0,0,0.23578701307296213,Low Engagement,Low Engagement
10,2935.0,43500.0,13,4,8,1,0,0.4473112059212832,High Engagement,Low Engagement
26,1817.0,813000.0,13,6,10,0,0,0.34365371229370045,Low Engagement,Low Engagement
24,1929.0,5050000.0,15,1,10,0,1,0.5942958240993121,Low Engagement,High Engagement
10,277.0,84700.0,19,5,10,1,1,0.5359780812703836,High Engagement,High Engagement
28,879.0,2390000.0,15,0,1,0,0,0.41495748140272726,Low Engagement,Low Engagement
28,262.0,4060000.0,17,3,10,1,0,0.40446622345700955,High Engagement,Low Engagement
26,528.0,432000.0,16,6,12,0,0,0.3483256805457542,Low Engagement,Low Engagement
28,829.0,7090000.0,15,2,1,0,1,0.5636381601021533,Low Engagement,High Engagement
28,4577.0,107000.0,22,1,10,0,0,0.28158596157196947,Low Engagement,Low Engagement
24,605.0,21800000.0,17,1,5,1,1,0.8136963078521612,High Engagement,High Engagement
17,2465.0,324000.0,15,0,10,0,0,0.3077136073601746,Low Engagement,Low Engagement
1,387.0,2890000.0,14,6,3,1,1,0.7672193579047389,High Engagement,High Engagement
20,930.0,2910000.0,19,5,3,1,0,0.4912097479547992,High Engagement,Low Engagement
24,477.0,8590000.0,15,5,8,1,1,0.8102260811944576,High Engagement,High Engagement
28,664.0,4870000.0,2,3,12,1,1,0.5661515890354227,High Engagement,High Engagement
27,1377.0,3270000.0,12,4,3,0,0,0.47736294700554366,Low Engagement,Low Engagement
28,359.0,65000.0,15,1,1,0,0,0.33400368900385613,Low Engagement,Low Engagement
10,890.0,760000.0,16,4,1,0,0,0.483387389884508,Low Engagement,Low Engagement
24,709.0,6610000.0,21,2,11,0,1,0.5364692177676076,Low Engagement,High Engagement
27,611.0,16800000.0,21,3,1,0,1,0.7516896854356426,Low Engagement,High Engagement
20,2572.0,33200000.0,22,3,7,1,1,0.6799341817154873,High Engagement,High Engagement
29,1556.0,43900000.0,16,0,4,1,0,0.3076008705299678,High Engagement,Low Engagement
24,714.0,2450000.0,22,6,4,1,1,0.5201176026806805,High Engagement,High Engagement
27,3111.0,12800000.0,13,5,11,1,0,0.46027883046297374,High Engagement,Low Engagement
22,8568.0,49600.0,23,0,10,0,0,0.2570553143103222,Low Engagement,Low Engagement
28,3375.0,260000.0,20,4,6,0,0,0.3249883094376375,Low Engagement,Low Engagement
22,804.0,9880.0,16,1,7,0,0,0.34399154536591653,Low Engagement,Low Engagement
20,625.0,650000.0,11,3,10,1,0,0.3805353928247439,High Engagement,Low Engagement
28,348.0,15400000.0,0,4,5,1,1,0.7124117268451395,High Engagement,High Engagement
22,537.0,1420000.0,12,5,11,1,0,0.2706966919870424,High Engagement,Low Engagement
24,3813.0,7140000.0,1,5,9,1,1,0.6305587581633468,High Engagement,High Engagement
28,6863.0,7250000.0,13,0,1,0,1,0.5701201464085924,Low Engagement,High Engagement
28,347.0,3690000.0,19,6,8,1,0,0.42737593656160383,High Engagement,Low Engagement
22,1050.0,964000.0,16,5,4,1,0,0.4671977672139198,High Engagement,Low Engagement
1,693.0,13400000.0,18,1,9,1,1,0.8646956167125992,High Engagement,High Engagement
1,1113.0,8270000.0,15,5,8,1,1,0.8455558653661651,High Engagement,High Engagement
20,415.0,1160000.0,0,0,11,0,0,0.2764800808655946,Low Engagement,Low Engagement
28,414.0,439000.0,14,0,12,0,0,0.30458426511842623,Low Engagement,Low Engagement
27,319.0,6610000.0,15,0,10,1,1,0.7157865474159079,High Engagement,High Engagement
20,612.0,52100000.0,20,4,12,1,1,0.757934926304558,High Engagement,High Engagement
27,311.0,22200000.0,15,3,4,1,1,0.7686710481046526,High Engagement,High Engagement
23,675.0,912000.0,18,5,3,0,0,0.4563734975013701,Low Engagement,Low Engagement
10,618.0,2030000.0,5,1,2,0,0,0.43925213016992803,Low Engagement,Low Engagement
25,268.0,4920000.0,17,0,6,0,0,0.3121370035916095,Low Engagement,Low Engagement
23,847.0,25000000.0,7,5,5,1,1,0.7486024854678056,High Engagement,High Engagement
26,2454.0,177000.0,2,2,3,0,0,0.30808066224874686,Low Engagement,Low Engagement
22,547.0,489000.0,22,4,8,0,0,0.36358263221331427,Low Engagement,Low Engagement
17,594.0,12600000.0,17,4,1,1,1,0.6477954916816796,High Engagement,High Engagement
28,2930.0,612000.0,16,4,6,1,0,0.34053493833520804,High Engagement,Low Engagement
20,833.0,19600000.0,19,5,10,1,1,0.7623279820499543,High Engagement,High Engagement
19,531.0,605000.0,19,3,2,0,0,0.24645759910579723,Low Engagement,Low Engagement
20,1170.0,6750000.0,6,4,7,1,1,0.6270738805579676,High Engagement,High Engagement
28,281.0,10800000.0,17,3,1,1,1,0.666809744190384,High Engagement,High Engagement
15,657.0,2840.0,6,3,6,0,0,0.24583825823829392,Low Engagement,Low Engagement
28,556.0,22000000.0,11,4,9,1,1,0.7390629028369932,High Engagement,High Engagement
22,963.0,2560000.0,20,1,1,1,0,0.47613383254100133,High Engagement,Low Engagement
24,834.0,21800000.0,23,4,6,1,1,0.8085401005863162,High Engagement,High Engagement
17,25672.0,362000.0,4,6,11,0,0,0.2168443419235643,Low Engagement,Low Engagement
10,636.0,577000.0,12,5,8,1,0,0.4695227331177813,High Engagement,Low Engagement
15,356.0,13000.0,4,1,10,0,0,0.2723147732687475,Low Engagement,Low Engagement
20,14949.0,2700000.0,18,4,12,1,0,0.4631275246136605,High Engagement,Low Engagement
20,756.0,3920000.0,11,2,4,0,0,0.45199754079222165,Low Engagement,Low Engagement
22,723.0,6010000.0,14,5,4,0,1,0.7023227886806384,Low Engagement,High Engagement
22,275.0,13000.0,17,0,6,0,0,0.3492546038065308,Low Engagement,Low Engagement
24,915.0,10600000.0,16,4,8,1,1,0.8270743109831685,High Engagement,High Engagement
22,743.0,9530.0,23,3,1,0,0,0.3618472112010408,Low Engagement,Low Engagement
23,2735.0,2050000.0,21,3,9,1,1,0.6736240103583363,High Engagement,High Engagement
23,1003.0,7150000.0,17,2,10,1,1,0.7357421462585804,High Engagement,High Engagement
24,681.0,148000000.0,18,4,11,1,0,0.4625134818693068,High Engagement,Low Engagement
24,477.0,2280000.0,13,5,9,0,1,0.5064984237797906,Low Engagement,High Engagement
26,723.0,8740000.0,5,4,1,1,1,0.7457655208225572,High Engagement,High Engagement
17,33.0,61700000.0,21,3,5,1,1,0.7415742147481172,High Engagement,High Engagement
27,1077.0,7880000.0,14,3,10,1,1,0.6985798229373462,High Engagement,High Engagement
17,288.0,442000.0,21,3,9,0,0,0.36815480195480144,Low Engagement,Low Engagement
17,414.0,3490000.0,17,0,2,0,0,0.4357006264999558,Low Engagement,Low Engagement
26,1499.0,802000.0,12,6,1,0,0,0.3568974263087282,Low Engagement,Low Engagement
27,3390.0,291000.0,12,3,8,0,0,0.30704177655260423,Low Engagement,Low Engagement
27,452.0,7880000.0,14,4,9,1,1,0.7127742125803669,High Engagement,High Engagement
22,739.0,26900000.0,15,1,9,1,1,0.7380902700119308,High Engagement,High Engagement
17,496.0,10600000.0,23,6,8,1,1,0.6613870986631614,High Engagement,High Engagement
15,636.0,941000.0,10,4,11,1,0,0.2355183472575396,High Engagement,Low Engagement
27,703.0,3830000.0,18,2,12,1,0,0.4139509258108876,High Engagement,Low Engagement
25,533.0,109000.0,21,2,1,0,0,0.24692856261207177,Low Engagement,Low Engagement
26,896.0,5540000.0,17,5,4,1,1,0.708685056583723,High Engagement,High Engagement
27,2251.0,6990000.0,12,1,8,1,1,0.628215702340367,High Engagement,High Engagement
2,1249.0,795000.0,22,3,3,0,0,0.3874488343959624,Low Engagement,Low Engagement
28,631.0,2390000.0,18,4,7,0,0,0.406824648889168,Low Engagement,Low Engagement
26,748.0,3690000.0,22,0,3,1,0,0.47991335949669595,High Engagement,Low Engagement
20,1152.0,1350000.0,7,6,8,0,0,0.4135008130939457,Low Engagement,Low Engagement
27,828.0,5130000.0,21,1,6,1,1,0.5857457320374694,High Engagement,High Engagement
24,568.0,5270000.0,16,2,10,1,1,0.6964436783870817,High Engagement,High Engagement
22,14555.0,222000.0,16,0,2,1,0,0.3216623940389239,High Engagement,Low Engagement
15,558.0,4690000.0,13,4,11,0,0,0.4472590569694392,Low Engagement,Low Engagement
22,308.0,2420.0,23,0,3,0,0,0.3358701699607208,Low Engagement,Low Engagement
17,1577.0,2890000.0,8,5,2,0,0,0.48132483033441675,Low Engagement,Low Engagement
17,710.0,1130000.0,14,4,5,0,0,0.40952003886968374,Low Engagement,Low Engagement
26,462.0,1730000.0,13,5,8,0,0,0.44244109819303373,Low Engagement,Low Engagement
10,276.0,2260000.0,11,4,4,1,1,0.5611815800475681,High Engagement,High Engagement
19,871.0,5160000.0,16,5,3,0,1,0.5206353367517181,Low Engagement,High Engagement
17,470.0,1340000.0,20,3,8,0,0,0.4315073381316386,Low Engagement,Low Engagement
26,384.0,14200000.0,2,3,1,1,1,0.7322498808776694,High Engagement,High Engagement
28,286.0,4060000.0,14,2,1,0,0,0.42240639918311323,Low Engagement,Low Engagement
27,761.0,196000.0,22,2,11,0,0,0.23748861793990572,Low Engagement,Low Engagement
22,4142.0,21200.0,18,4,11,0,0,0.1580132719741404,Low Engagement,Low Engagement
28,1087.0,5120000.0,15,0,2,1,1,0.5474068593264827,High Engagement,High Engagement
28,664.0,24700000.0,22,1,3,1,1,0.7353698845391867,High Engagement,High Engagement
22,536.0,3030000.0,12,3,6,1,0,0.4856653046105679,High Engagement,Low Engagement
22,820.0,1820000.0,12,5,2,1,0,0.4761069237767113,High Engagement,Low Engagement
22,358.0,1670000.0,21,1,10,1,0,0.40630338153282186,High Engagement,Low Engagement
24,943.0,6990000.0,17,5,12,1,1,0.7828395958339461,High Engagement,High Engagement
26,608.0,14200000.0,17,0,2,1,1,0.7627741322690142,High Engagement,High Engagement
26,327.0,6130000.0,12,6,1,1,1,0.6731556778883927,High Engagement,High Engagement
17,1520.0,266000.0,22,2,3,0,0,0.34347083365562214,Low Engagement,Low Engagement
23,510.0,5180000.0,2,2,12,1,1,0.6373145382472309,High Engagement,High Engagement
26,536.0,21300000.0,22,2,4,1,1,0.7727511776847661,High Engagement,High Engagement
15,366.0,115000.0,13,5,8,0,0,0.280920093233314,Low Engagement,Low Engagement
22,630.0,1980000.0,4,2,9,0,0,0.4697100366951583,Low Engagement,Low Engagement
20,1147.0,6750000.0,7,1,9,0,1,0.611904317127808,Low Engagement,High Engagement
20,650.0,897000.0,11,0,11,0,0,0.24188246992886425,Low Engagement,Low Engagement
20,2030.0,8010000.0,23,3,6,0,1,0.6153614837134241,Low Engagement,High Engagement
26,705.0,9770000.0,13,2,4,1,1,0.7688130554571483,High Engagement,High Engagement
2,1408.0,85000.0,13,4,8,0,0,0.29217389148506284,Low Engagement,Low Engagement
17,310.0,12700000.0,13,0,2,1,1,0.5810576979097838,High Engagement,High Engagement
23,317.0,13500000.0,15,1,10,0,1,0.6774322319033218,Low Engagement,High Engagement
27,660.0,21200.0,12,4,3,0,0,0.33714546721708,Low Engagement,Low Engagement
27,1390.0,15800.0,20,0,12,0,0,0.24766636526676525,Low Engagement,Low Engagement
23,792.0,5190000.0,1,1,9,1,1,0.6803218483943959,High Engagement,High Engagement
19,1196.0,11800000.0,12,2,2,1,1,0.6344131241051485,High Engagement,High Engagement
26,952.0,25900000.0,11,0,11,1,1,0.6196650385400004,High Engagement,High Engagement
24,6956.0,125000.0,12,6,11,0,0,0.14643363356365444,Low Engagement,Low Engagement
28,1450.0,7090000.0,14,2,10,0,0,0.4801222159998931,Low Engagement,Low Engagement
25,690.0,6610000.0,21,2,9,0,0,0.30685664121996015,Low Engagement,Low Engagement
20,370.0,1830000.0,16,1,9,0,0,0.43843047195289425,Low Engagement,Low Engagement
29,747.0,43900000.0,15,2,7,0,0,0.30471023905610606,Low Engagement,Low Engagement
17,563.0,23900000.0,22,4,2,1,1,0.7380867336493291,High Engagement,High Engagement
24,883.0,1570000.0,12,6,6,0,0,0.45072192214931545,Low Engagement,Low Engagement
22,1618.0,2090.0,8,3,9,0,0,0.30160243413773496,Low Engagement,Low Engagement
29,1175.0,43900000.0,13,1,12,0,0,0.28367104058241654,Low Engagement,Low Engagement
27,919.0,5000000.0,11,6,12,0,1,0.6034370089498386,Low Engagement,High Engagement
15,2612.0,142000.0,18,6,11,0,0,0.15595114658911735,Low Engagement,Low Engagement
27,1128.0,4640000.0,13,1,4,1,1,0.6120136201292595,High Engagement,High Engagement
26,949.0,340000.0,21,4,11,0,0,0.20304377997220124,Low Engagement,Low Engagement
27,1264.0,9340000.0,23,0,8,1,1,0.6259900203613546,High Engagement,High Engagement
15,687.0,1250000.0,15,6,12,0,0,0.35802627011219096,Low Engagement,Low Engagement
25,862.0,4100000.0,16,5,5,0,0,0.40956876821081417,Low Engagement,Low Engagement
15,1149.0,2040000.0,17,2,4,0,0,0.34369107065181415,Low Engagement,Low Engagement
17,328.0,3500000.0,10,2,11,0,0,0.39944684474201525,Low Engagement,Low Engagement
29,3307.0,2950000.0,15,6,4,0,0,0.247528102819722,Low Engagement,Low Engagement
26,1304.0,9780000.0,13,1,9,1,1,0.66071291066943,High Engagement,High Engagement
20,1203.0,14100000.0,0,3,8,1,1,0.6390010101979534,High Engagement,High Engagement
29,289.0,758000.0,17,3,4,0,0,0.23010424665331775,Low Engagement,Low Engagement
26,196.0,71700000.0,14,3,11,1,0,0.4683863121530079,High Engagement,Low Engagement
24,1087.0,2670000.0,10,4,11,0,0,0.3638706831479801,Low Engagement,Low Engagement
24,554.0,7510.0,14,2,8,0,0,0.32729437565783326,Low Engagement,Low Engagement
20,1099.0,2950000.0,16,6,6,1,0,0.46311219655900476,High Engagement,Low Engagement
1,547.0,3200000.0,15,4,1,1,1,0.7731026510103328,High Engagement,High Engagement
23,3231.0,3990000.0,1,3,1,1,1,0.679920695906156,High Engagement,High Engagement
20,573.0,23300000.0,4,4,7,1,1,0.7240982093357173,High Engagement,High Engagement
27,1099.0,1290000.0,21,1,5,0,0,0.39104096316403314,Low Engagement,Low Engagement
24,3648.0,7140000.0,21,5,6,1,1,0.6731547402880289,High Engagement,High Engagement
26,672.0,9180.0,22,1,9,0,0,0.32440825606093776,Low Engagement,Low Engagement
24,262.0,2520000.0,18,0,1,1,1,0.5195475443823621,High Engagement,High Engagement
29,340.0,35600.0,17,1,5,0,0,0.18582229304964754,Low Engagement,Low Engagement
22,1064.0,964000.0,17,5,1,1,0,0.4461731763675537,High Engagement,Low Engagement
24,932.0,5820000.0,17,1,12,1,1,0.7593081078494544,High Engagement,High Engagement
25,488.0,19200000.0,8,4,11,1,0,0.313535288349453,High Engagement,Low Engagement
20,602.0,6890000.0,2,0,8,0,1,0.6441830894674193,Low Engagement,High Engagement
24,649.0,42800000.0,14,4,3,0,1,0.7826289597151832,Low Engagement,High Engagement
24,1138.0,6980000.0,17,5,12,1,1,0.7800530997354658,High Engagement,High Engagement
17,289.0,5340000.0,8,0,4,0,1,0.5509998522352013,Low Engagement,High Engagement
26,571.0,362000.0,20,4,11,0,0,0.2535282973266366,Low Engagement,Low Engagement
27,788.0,207000.0,14,1,10,0,0,0.3306532282755506,Low Engagement,Low Engagement
20,970.0,2400000.0,19,5,6,0,0,0.4339103648005633,Low Engagement,Low Engagement
28,1136.0,7090000.0,14,2,7,0,1,0.5261376737056717,Low Engagement,High Engagement
27,4804.0,4880000.0,8,6,3,1,1,0.6044244214821448,High Engagement,High Engagement
24,37.0,81300000.0,21,1,11,1,0,0.4135213138258765,High Engagement,Low Engagement
26,1926.0,7010000.0,18,5,9,1,1,0.6173208845177611,High Engagement,High Engagement
29,1322.0,1450000.0,12,6,4,0,0,0.23210211827105817,Low Engagement,Low Engagement
27,443.0,7880000.0,15,3,11,1,1,0.565158737116769,High Engagement,High Engagement
1,347.0,3480000.0,2,2,11,0,1,0.5251120779635373,Low Engagement,High Engagement
23,309.0,13300000.0,19,1,3,0,1,0.6722369902667421,Low Engagement,High Engagement
26,2802.0,983000.0,17,2,10,0,0,0.33668646058474394,Low Engagement,Low Engagement
24,2050.0,13300000.0,1,3,11,0,0,0.44078514417536185,Low Engagement,Low Engagement
26,502.0,44700000.0,3,6,11,1,1,0.5948555335778184,High Engagement,High Engagement
23,318.0,6040000.0,13,3,3,1,1,0.6624167497533232,High Engagement,High Engagement
29,596.0,220000.0,23,4,1,0,0,0.19520240221110688,Low Engagement,Low Engagement
24,3836.0,2870000.0,13,6,8,0,0,0.48815816476532387,Low Engagement,Low Engagement
24,391.0,3940.0,15,2,5,0,0,0.3309206290741563,Low Engagement,Low Engagement
20,646.0,23700000.0,4,6,8,1,1,0.7294885827816601,High Engagement,High Engagement
17,702.0,3770000.0,16,0,5,0,0,0.4523221808338059,Low Engagement,Low Engagement
27,584.0,1600000.0,10,4,6,0,0,0.40007910209863373,Low Engagement,Low Engagement
24,1787.0,2120000.0,2,0,11,1,0,0.34062782967875826,High Engagement,Low Engagement
24,1151.0,6980000.0,16,5,4,1,1,0.8178111276450151,High Engagement,High Engagement
28,929.0,3460.0,12,5,11,0,0,0.18522696050314155,Low Engagement,Low Engagement
23,516.0,719000.0,23,2,12,0,0,0.37985736211109467,Low Engagement,Low Engagement
28,257.0,823.0,16,2,9,0,0,0.31771164326057943,Low Engagement,Low Engagement
20,1119.0,14900.0,15,4,7,0,0,0.3294592977962401,Low Engagement,Low Engagement
28,2828.0,1950000.0,21,2,6,1,0,0.43791826690067864,High Engagement,Low Engagement
24,719.0,33400000.0,14,5,9,1,1,0.7482255586466748,High Engagement,High Engagement
23,254.0,52100.0,13,3,6,0,0,0.4574551355046596,Low Engagement,Low Engagement
19,7407.0,165000.0,23,4,5,0,0,0.2026800336269169,Low Engagement,Low Engagement
28,370.0,1470000.0,17,3,9,0,0,0.37436848523385124,Low Engagement,Low Engagement
19,822.0,78300.0,2,5,12,0,0,0.16672499044498118,Low Engagement,Low Engagement
27,399.0,4640000.0,17,3,12,1,1,0.5819582391949454,High Engagement,High Engagement
22,4378.0,138000.0,8,1,12,0,0,0.2979806106747859,Low Engagement,Low Engagement
24,622.0,19400000.0,10,4,6,1,1,0.7691219136892217,High Engagement,High Engagement
24,294.0,1910.0,14,0,1,0,0,0.33856607304758873,Low Engagement,Low Engagement
24,489.0,13500000.0,14,5,12,0,1,0.7384884566754937,Low Engagement,High Engagement
24,858.0,24200000.0,12,5,4,1,1,0.8266865336257754,High Engagement,High Engagement
20,1120.0,15300000.0,11,1,12,1,1,0.7344226045774818,High Engagement,High Engagement
22,885.0,5190000.0,1,3,5,0,1,0.6584657208447956,Low Engagement,High Engagement
22,659.0,6480000.0,16,1,6,1,1,0.704747489146838,High Engagement,High Engagement
19,2896.0,7890000.0,0,5,8,1,1,0.5660920212879227,High Engagement,High Engagement
17,2415.0,89500.0,0,5,11,0,0,0.20800718134804888,Low Engagement,Low Engagement
